[   83754ms] [VERBOSE] [DOM] Password field is not contained in a form: (More info: https://goo.gl/9p2vKq) %o @ http://localhost:5173/:0
[   83825ms] [INFO] %cDownload the React DevTools for a better development experience: https://react.dev/link/react-devtools font-weight:bold @ http://localhost:5173/_next/static/chunks/node_modules_next_dist_1e8vcs8._.js:776
[   83925ms] [LOG] [HMR] connected @ http://localhost:5173/_next/static/chunks/node_modules_next_dist_1e8vcs8._.js:776
[  136762ms] [VERBOSE] [DOM] Password field is not contained in a form: (More info: https://goo.gl/9p2vKq) %o @ http://localhost:5173/:0
[  136807ms] [INFO] %cDownload the React DevTools for a better development experience: https://react.dev/link/react-devtools font-weight:bold @ http://localhost:5173/_next/static/chunks/node_modules_next_dist_1e8vcs8._.js:776
[  136828ms] [LOG] [HMR] connected @ http://localhost:5173/_next/static/chunks/node_modules_next_dist_1e8vcs8._.js:776
[  203474ms] [LOG] [Fast Refresh] rebuilding @ http://localhost:5173/_next/static/chunks/node_modules_next_dist_1e8vcs8._.js:776
[  203560ms] [LOG] [Fast Refresh] done in 189ms @ http://localhost:5173/_next/static/chunks/node_modules_next_dist_1e8vcs8._.js:776
[  204256ms] [LOG] [Fast Refresh] rebuilding @ http://localhost:5173/_next/static/chunks/node_modules_next_dist_1e8vcs8._.js:776
[  204287ms] [LOG] [Fast Refresh] done in 135ms @ http://localhost:5173/_next/static/chunks/node_modules_next_dist_1e8vcs8._.js:776
[  204611ms] [LOG] [Fast Refresh] rebuilding @ http://localhost:5173/_next/static/chunks/node_modules_next_dist_1e8vcs8._.js:776
[  204621ms] [LOG] [Fast Refresh] done in 119ms @ http://localhost:5173/_next/static/chunks/node_modules_next_dist_1e8vcs8._.js:776
[  204894ms] [LOG] [Fast Refresh] rebuilding @ http://localhost:5173/_next/static/chunks/node_modules_next_dist_1e8vcs8._.js:776
[  204944ms] [LOG] [Fast Refresh] done in 152ms @ http://localhost:5173/_next/static/chunks/node_modules_next_dist_1e8vcs8._.js:776
[  205537ms] [LOG] [Fast Refresh] rebuilding @ http://localhost:5173/_next/static/chunks/node_modules_next_dist_1e8vcs8._.js:776
[  205582ms] [LOG] [Fast Refresh] done in 152ms @ http://localhost:5173/_next/static/chunks/node_modules_next_dist_1e8vcs8._.js:776
[  229391ms] [LOG] [Fast Refresh] rebuilding @ http://localhost:5173/_next/static/chunks/node_modules_next_dist_1e8vcs8._.js:776
[  229395ms] [LOG] [Fast Refresh] done in 104ms @ http://localhost:5173/_next/static/chunks/node_modules_next_dist_1e8vcs8._.js:776
[  230234ms] [LOG] [Fast Refresh] rebuilding @ http://localhost:5173/_next/static/chunks/node_modules_next_dist_1e8vcs8._.js:776
[  230375ms] [LOG] [Fast Refresh] done in 247ms @ http://localhost:5173/_next/static/chunks/node_modules_next_dist_1e8vcs8._.js:776
[  230736ms] [LOG] [Fast Refresh] rebuilding @ http://localhost:5173/_next/static/chunks/node_modules_next_dist_1e8vcs8._.js:776
[  230744ms] [LOG] [Fast Refresh] done in 111ms @ http://localhost:5173/_next/static/chunks/node_modules_next_dist_1e8vcs8._.js:776
[  264977ms] [LOG] [Fast Refresh] rebuilding @ http://localhost:5173/_next/static/chunks/node_modules_next_dist_1e8vcs8._.js:776
[  265037ms] [LOG] [Fast Refresh] done in 162ms @ http://localhost:5173/_next/static/chunks/node_modules_next_dist_1e8vcs8._.js:776
[  265817ms] [LOG] [Fast Refresh] rebuilding @ http://localhost:5173/_next/static/chunks/node_modules_next_dist_1e8vcs8._.js:776
[  265871ms] [LOG] [Fast Refresh] done in 156ms @ http://localhost:5173/_next/static/chunks/node_modules_next_dist_1e8vcs8._.js:776
[  266268ms] [LOG] [Fast Refresh] rebuilding @ http://localhost:5173/_next/static/chunks/node_modules_next_dist_1e8vcs8._.js:776
[  266271ms] [LOG] [Fast Refresh] done in 108ms @ http://localhost:5173/_next/static/chunks/node_modules_next_dist_1e8vcs8._.js:776
[  266698ms] [LOG] [Fast Refresh] rebuilding @ http://localhost:5173/_next/static/chunks/node_modules_next_dist_1e8vcs8._.js:776
[  266751ms] [LOG] [Fast Refresh] done in 154ms @ http://localhost:5173/_next/static/chunks/node_modules_next_dist_1e8vcs8._.js:776
[  286030ms] [LOG] [Fast Refresh] rebuilding @ http://localhost:5173/_next/static/chunks/node_modules_next_dist_1e8vcs8._.js:776
[  286031ms] [LOG] [Fast Refresh] done in 105ms @ http://localhost:5173/_next/static/chunks/node_modules_next_dist_1e8vcs8._.js:776
[  287775ms] [LOG] [Fast Refresh] rebuilding @ http://localhost:5173/_next/static/chunks/node_modules_next_dist_1e8vcs8._.js:776
[  287830ms] [LOG] [Fast Refresh] done in 157ms @ http://localhost:5173/_next/static/chunks/node_modules_next_dist_1e8vcs8._.js:776
[  368399ms] [LOG] [Fast Refresh] rebuilding @ http://localhost:5173/_next/static/chunks/node_modules_next_dist_1e8vcs8._.js:776
[  368408ms] [LOG] [Fast Refresh] done in 114ms @ http://localhost:5173/_next/static/chunks/node_modules_next_dist_1e8vcs8._.js:776
[  377008ms] [LOG] [Fast Refresh] rebuilding @ http://localhost:5173/_next/static/chunks/node_modules_next_dist_1e8vcs8._.js:776
[  377065ms] [LOG] [Fast Refresh] done in 175ms @ http://localhost:5173/_next/static/chunks/node_modules_next_dist_1e8vcs8._.js:776
[  430695ms] [LOG] [Fast Refresh] rebuilding @ http://localhost:5173/_next/static/chunks/node_modules_next_dist_1e8vcs8._.js:776
[  430740ms] [LOG] [Fast Refresh] done in 147ms @ http://localhost:5173/_next/static/chunks/node_modules_next_dist_1e8vcs8._.js:776
[  433055ms] [LOG] [Fast Refresh] rebuilding @ http://localhost:5173/_next/static/chunks/node_modules_next_dist_1e8vcs8._.js:776
[  433057ms] [LOG] [Fast Refresh] done in 114ms @ http://localhost:5173/_next/static/chunks/node_modules_next_dist_1e8vcs8._.js:776
[  506592ms] [LOG] [Fast Refresh] rebuilding @ http://localhost:5173/_next/static/chunks/node_modules_next_dist_1e8vcs8._.js:776
[  506709ms] [LOG] [Fast Refresh] done in 219ms @ http://localhost:5173/_next/static/chunks/node_modules_next_dist_1e8vcs8._.js:776
[  507631ms] [LOG] [Fast Refresh] rebuilding @ http://localhost:5173/_next/static/chunks/node_modules_next_dist_1e8vcs8._.js:776
[  507639ms] [LOG] [Fast Refresh] done in 116ms @ http://localhost:5173/_next/static/chunks/node_modules_next_dist_1e8vcs8._.js:776
[  523178ms] [VERBOSE] [DOM] Password field is not contained in a form: (More info: https://goo.gl/9p2vKq) %o @ http://localhost:5173/:0
[  523231ms] [INFO] %cDownload the React DevTools for a better development experience: https://react.dev/link/react-devtools font-weight:bold @ http://localhost:5173/_next/static/chunks/node_modules_next_dist_1e8vcs8._.js:776
[  523286ms] [LOG] [HMR] connected @ http://localhost:5173/_next/static/chunks/node_modules_next_dist_1e8vcs8._.js:776
[  524650ms] [WARNING] Image with src "/pet-reward-chest.png" has either width or height modified, but not the other. If you use CSS to change the size of your image, also include the styles 'width: "auto"' or 'height: "auto"' to maintain the aspect ratio. @ http://localhost:5173/_next/static/chunks/node_modules_next_dist_1e8vcs8._.js:776
[  525054ms] [LOG] [Fast Refresh] rebuilding @ http://localhost:5173/_next/static/chunks/node_modules_next_dist_1e8vcs8._.js:776
[  525196ms] [LOG] [Fast Refresh] done in 245ms @ http://localhost:5173/_next/static/chunks/node_modules_next_dist_1e8vcs8._.js:776
[  563209ms] [LOG] [Fast Refresh] rebuilding @ http://localhost:5173/_next/static/chunks/node_modules_next_dist_1e8vcs8._.js:776
[  563218ms] [LOG] [Fast Refresh] done in 117ms @ http://localhost:5173/_next/static/chunks/node_modules_next_dist_1e8vcs8._.js:776
[  577724ms] [LOG] [Fast Refresh] rebuilding @ http://localhost:5173/_next/static/chunks/node_modules_next_dist_1e8vcs8._.js:776
[  577733ms] [LOG] [Fast Refresh] done in 109ms @ http://localhost:5173/_next/static/chunks/node_modules_next_dist_1e8vcs8._.js:776
[  592232ms] [VERBOSE] [DOM] Password field is not contained in a form: (More info: https://goo.gl/9p2vKq) %o @ http://localhost:5173/:0
[  592269ms] [INFO] %cDownload the React DevTools for a better development experience: https://react.dev/link/react-devtools font-weight:bold @ http://localhost:5173/_next/static/chunks/node_modules_next_dist_1e8vcs8._.js:776
[  592288ms] [LOG] [HMR] connected @ http://localhost:5173/_next/static/chunks/node_modules_next_dist_1e8vcs8._.js:776
[  593643ms] [WARNING] Image with src "/pet-reward-chest.png" has either width or height modified, but not the other. If you use CSS to change the size of your image, also include the styles 'width: "auto"' or 'height: "auto"' to maintain the aspect ratio. @ http://localhost:5173/_next/static/chunks/node_modules_next_dist_1e8vcs8._.js:776
[  632452ms] [LOG] [Fast Refresh] rebuilding @ http://localhost:5173/_next/static/chunks/node_modules_next_dist_1e8vcs8._.js:776
[  632459ms] [LOG] [Fast Refresh] done in 107ms @ http://localhost:5173/_next/static/chunks/node_modules_next_dist_1e8vcs8._.js:776
[ 2820952ms] [LOG] [Fast Refresh] rebuilding @ http://localhost:5173/_next/static/chunks/node_modules_next_dist_1e8vcs8._.js:776
[ 2850158ms] [LOG] [Fast Refresh] done in 29290ms @ http://localhost:5173/_next/static/chunks/node_modules_next_dist_1e8vcs8._.js:776
[ 3207049ms] [ERROR] WebSocket connection to 'ws://localhost:5173/_next/hmr?id=hRrRnK-1vknghHDTaKLi9' failed: Error in connection establishment: net::ERR_CONNECTION_REFUSED @ http://localhost:5173/_next/static/chunks/node_modules_next_dist_client_0_90u2t._.js:16348
[ 3211525ms] [LOG] [HMR] connected @ http://localhost:5173/_next/static/chunks/node_modules_next_dist_1e8vcs8._.js:776
[ 3215584ms] [INFO] %cDownload the React DevTools for a better development experience: https://react.dev/link/react-devtools font-weight:bold @ http://localhost:5173/_next/static/chunks/node_modules_next_dist_1e8vcs8._.js:776
[ 3215613ms] [VERBOSE] [DOM] Password field is not contained in a form: (More info: https://goo.gl/9p2vKq) %o @ http://localhost:5173/:0
[ 3215723ms] [LOG] [HMR] connected @ http://localhost:5173/_next/static/chunks/node_modules_next_dist_1e8vcs8._.js:776
[ 3257607ms] [LOG] [Fast Refresh] rebuilding @ http://localhost:5173/_next/static/chunks/node_modules_next_dist_1e8vcs8._.js:776
[ 3257773ms] [LOG] [Fast Refresh] done in 196ms @ http://localhost:5173/_next/static/chunks/node_modules_next_dist_1e8vcs8._.js:776
[ 3257796ms] [LOG] [Fast Refresh] done in 196ms @ http://localhost:5173/_next/static/chunks/node_modules_next_dist_1e8vcs8._.js:776
[ 3257848ms] [LOG] [Fast Refresh] done in 196ms @ http://localhost:5173/_next/static/chunks/node_modules_next_dist_1e8vcs8._.js:776
[ 3257908ms] [LOG] [Fast Refresh] done in 196ms @ http://localhost:5173/_next/static/chunks/node_modules_next_dist_1e8vcs8._.js:776
[ 3257969ms] [LOG] [Fast Refresh] done in 196ms @ http://localhost:5173/_next/static/chunks/node_modules_next_dist_1e8vcs8._.js:776
[ 3258022ms] [LOG] [Fast Refresh] done in 196ms @ http://localhost:5173/_next/static/chunks/node_modules_next_dist_1e8vcs8._.js:776
[ 3258068ms] [LOG] [Fast Refresh] done in 196ms @ http://localhost:5173/_next/static/chunks/node_modules_next_dist_1e8vcs8._.js:776
[ 3258124ms] [LOG] [Fast Refresh] done in 196ms @ http://localhost:5173/_next/static/chunks/node_modules_next_dist_1e8vcs8._.js:776
[ 3258185ms] [LOG] [Fast Refresh] done in 196ms @ http://localhost:5173/_next/static/chunks/node_modules_next_dist_1e8vcs8._.js:776
[ 3258247ms] [LOG] [Fast Refresh] done in 196ms @ http://localhost:5173/_next/static/chunks/node_modules_next_dist_1e8vcs8._.js:776
[ 3258308ms] [LOG] [Fast Refresh] done in 196ms @ http://localhost:5173/_next/static/chunks/node_modules_next_dist_1e8vcs8._.js:776
[ 3258370ms] [LOG] [Fast Refresh] done in 196ms @ http://localhost:5173/_next/static/chunks/node_modules_next_dist_1e8vcs8._.js:776
[ 3258417ms] [LOG] [Fast Refresh] done in 196ms @ http://localhost:5173/_next/static/chunks/node_modules_next_dist_1e8vcs8._.js:776
[ 3258464ms] [LOG] [Fast Refresh] done in 196ms @ http://localhost:5173/_next/static/chunks/node_modules_next_dist_1e8vcs8._.js:776
[ 3258526ms] [LOG] [Fast Refresh] done in 196ms @ http://localhost:5173/_next/static/chunks/node_modules_next_dist_1e8vcs8._.js:776
[ 3258573ms] [LOG] [Fast Refresh] done in 196ms @ http://localhost:5173/_next/static/chunks/node_modules_next_dist_1e8vcs8._.js:776
[ 3258629ms] [LOG] [Fast Refresh] done in 196ms @ http://localhost:5173/_next/static/chunks/node_modules_next_dist_1e8vcs8._.js:776
[ 3258681ms] [LOG] [Fast Refresh] done in 196ms @ http://localhost:5173/_next/static/chunks/node_modules_next_dist_1e8vcs8._.js:776
[ 3258727ms] [LOG] [Fast Refresh] done in 196ms @ http://localhost:5173/_next/static/chunks/node_modules_next_dist_1e8vcs8._.js:776
[ 3258778ms] [LOG] [Fast Refresh] done in 196ms @ http://localhost:5173/_next/static/chunks/node_modules_next_dist_1e8vcs8._.js:776
[ 3258825ms] [LOG] [Fast Refresh] done in 196ms @ http://localhost:5173/_next/static/chunks/node_modules_next_dist_1e8vcs8._.js:776
[ 3258875ms] [LOG] [Fast Refresh] done in 196ms @ http://localhost:5173/_next/static/chunks/node_modules_next_dist_1e8vcs8._.js:776
[ 3258923ms] [LOG] [Fast Refresh] done in 196ms @ http://localhost:5173/_next/static/chunks/node_modules_next_dist_1e8vcs8._.js:776
[ 3258979ms] [LOG] [Fast Refresh] done in 196ms @ http://localhost:5173/_next/static/chunks/node_modules_next_dist_1e8vcs8._.js:776
[ 3259030ms] [LOG] [Fast Refresh] done in 196ms @ http://localhost:5173/_next/static/chunks/node_modules_next_dist_1e8vcs8._.js:776
[ 3259091ms] [LOG] [Fast Refresh] done in 196ms @ http://localhost:5173/_next/static/chunks/node_modules_next_dist_1e8vcs8._.js:776
[ 3259150ms] [LOG] [Fast Refresh] done in 196ms @ http://localhost:5173/_next/static/chunks/node_modules_next_dist_1e8vcs8._.js:776
[ 3259201ms] [LOG] [Fast Refresh] done in 196ms @ http://localhost:5173/_next/static/chunks/node_modules_next_dist_1e8vcs8._.js:776
[ 3259249ms] [LOG] [Fast Refresh] done in 196ms @ http://localhost:5173/_next/static/chunks/node_modules_next_dist_1e8vcs8._.js:776
[ 3259308ms] [LOG] [Fast Refresh] done in 196ms @ http://localhost:5173/_next/static/chunks/node_modules_next_dist_1e8vcs8._.js:776
[ 3259374ms] [LOG] [Fast Refresh] done in 196ms @ http://localhost:5173/_next/static/chunks/node_modules_next_dist_1e8vcs8._.js:776
[ 3259418ms] [LOG] [Fast Refresh] done in 196ms @ http://localhost:5173/_next/static/chunks/node_modules_next_dist_1e8vcs8._.js:776
[ 3259479ms] [LOG] [Fast Refresh] done in 196ms @ http://localhost:5173/_next/static/chunks/node_modules_next_dist_1e8vcs8._.js:776
[ 3259540ms] [LOG] [Fast Refresh] done in 196ms @ http://localhost:5173/_next/static/chunks/node_modules_next_dist_1e8vcs8._.js:776
[ 3259592ms] [LOG] [Fast Refresh] done in 196ms @ http://localhost:5173/_next/static/chunks/node_modules_next_dist_1e8vcs8._.js:776
[ 3259638ms] [LOG] [Fast Refresh] done in 196ms @ http://localhost:5173/_next/static/chunks/node_modules_next_dist_1e8vcs8._.js:776
[ 3259688ms] [LOG] [Fast Refresh] done in 196ms @ http://localhost:5173/_next/static/chunks/node_modules_next_dist_1e8vcs8._.js:776
[ 3259735ms] [LOG] [Fast Refresh] done in 196ms @ http://localhost:5173/_next/static/chunks/node_modules_next_dist_1e8vcs8._.js:776
[ 3259798ms] [LOG] [Fast Refresh] done in 196ms @ http://localhost:5173/_next/static/chunks/node_modules_next_dist_1e8vcs8._.js:776
[ 3259860ms] [LOG] [Fast Refresh] done in 196ms @ http://localhost:5173/_next/static/chunks/node_modules_next_dist_1e8vcs8._.js:776
[ 3259920ms] [LOG] [Fast Refresh] done in 196ms @ http://localhost:5173/_next/static/chunks/node_modules_next_dist_1e8vcs8._.js:776
[ 3259988ms] [LOG] [Fast Refresh] done in 196ms @ http://localhost:5173/_next/static/chunks/node_modules_next_dist_1e8vcs8._.js:776
[ 3260050ms] [LOG] [Fast Refresh] done in 196ms @ http://localhost:5173/_next/static/chunks/node_modules_next_dist_1e8vcs8._.js:776
[ 3260103ms] [LOG] [Fast Refresh] done in 196ms @ http://localhost:5173/_next/static/chunks/node_modules_next_dist_1e8vcs8._.js:776
[ 3260165ms] [LOG] [Fast Refresh] done in 196ms @ http://localhost:5173/_next/static/chunks/node_modules_next_dist_1e8vcs8._.js:776
[ 3260214ms] [LOG] [Fast Refresh] done in 196ms @ http://localhost:5173/_next/static/chunks/node_modules_next_dist_1e8vcs8._.js:776
[ 3260261ms] [LOG] [Fast Refresh] done in 196ms @ http://localhost:5173/_next/static/chunks/node_modules_next_dist_1e8vcs8._.js:776
[ 3260314ms] [LOG] [Fast Refresh] done in 196ms @ http://localhost:5173/_next/static/chunks/node_modules_next_dist_1e8vcs8._.js:776
[ 3260373ms] [LOG] [Fast Refresh] done in 196ms @ http://localhost:5173/_next/static/chunks/node_modules_next_dist_1e8vcs8._.js:776
[ 3260436ms] [LOG] [Fast Refresh] done in 196ms @ http://localhost:5173/_next/static/chunks/node_modules_next_dist_1e8vcs8._.js:776
[ 3260493ms] [LOG] [Fast Refresh] done in 196ms @ http://localhost:5173/_next/static/chunks/node_modules_next_dist_1e8vcs8._.js:776
[ 3260542ms] [LOG] [Fast Refresh] done in 196ms @ http://localhost:5173/_next/static/chunks/node_modules_next_dist_1e8vcs8._.js:776
[ 3260592ms] [LOG] [Fast Refresh] done in 196ms @ http://localhost:5173/_next/static/chunks/node_modules_next_dist_1e8vcs8._.js:776
[ 3260639ms] [LOG] [Fast Refresh] done in 196ms @ http://localhost:5173/_next/static/chunks/node_modules_next_dist_1e8vcs8._.js:776
[ 3260688ms] [LOG] [Fast Refresh] done in 196ms @ http://localhost:5173/_next/static/chunks/node_modules_next_dist_1e8vcs8._.js:776
[ 3260750ms] [LOG] [Fast Refresh] done in 196ms @ http://localhost:5173/_next/static/chunks/node_modules_next_dist_1e8vcs8._.js:776
[ 3260803ms] [LOG] [Fast Refresh] done in 196ms @ http://localhost:5173/_next/static/chunks/node_modules_next_dist_1e8vcs8._.js:776
[ 3260866ms] [LOG] [Fast Refresh] done in 196ms @ http://localhost:5173/_next/static/chunks/node_modules_next_dist_1e8vcs8._.js:776
[ 3260904ms] [LOG] [Fast Refresh] done in 196ms @ http://localhost:5173/_next/static/chunks/node_modules_next_dist_1e8vcs8._.js:776
[ 3260966ms] [LOG] [Fast Refresh] done in 196ms @ http://localhost:5173/_next/static/chunks/node_modules_next_dist_1e8vcs8._.js:776
[ 3261008ms] [LOG] [Fast Refresh] done in 196ms @ http://localhost:5173/_next/static/chunks/node_modules_next_dist_1e8vcs8._.js:776
[ 3261055ms] [LOG] [Fast Refresh] done in 196ms @ http://localhost:5173/_next/static/chunks/node_modules_next_dist_1e8vcs8._.js:776
[ 3261103ms] [LOG] [Fast Refresh] done in 196ms @ http://localhost:5173/_next/static/chunks/node_modules_next_dist_1e8vcs8._.js:776
[ 3261165ms] [LOG] [Fast Refresh] done in 196ms @ http://localhost:5173/_next/static/chunks/node_modules_next_dist_1e8vcs8._.js:776
[ 3261215ms] [LOG] [Fast Refresh] done in 196ms @ http://localhost:5173/_next/static/chunks/node_modules_next_dist_1e8vcs8._.js:776
[ 3261275ms] [LOG] [Fast Refresh] done in 196ms @ http://localhost:5173/_next/static/chunks/node_modules_next_dist_1e8vcs8._.js:776
[ 3261324ms] [LOG] [Fast Refresh] done in 196ms @ http://localhost:5173/_next/static/chunks/node_modules_next_dist_1e8vcs8._.js:776
[ 3261372ms] [LOG] [Fast Refresh] done in 196ms @ http://localhost:5173/_next/static/chunks/node_modules_next_dist_1e8vcs8._.js:776
[ 3261435ms] [LOG] [Fast Refresh] done in 196ms @ http://localhost:5173/_next/static/chunks/node_modules_next_dist_1e8vcs8._.js:776
[ 3261492ms] [LOG] [Fast Refresh] done in 196ms @ http://localhost:5173/_next/static/chunks/node_modules_next_dist_1e8vcs8._.js:776
[ 3261557ms] [LOG] [Fast Refresh] done in 196ms @ http://localhost:5173/_next/static/chunks/node_modules_next_dist_1e8vcs8._.js:776
[ 3261611ms] [LOG] [Fast Refresh] done in 196ms @ http://localhost:5173/_next/static/chunks/node_modules_next_dist_1e8vcs8._.js:776
[ 3261659ms] [LOG] [Fast Refresh] done in 196ms @ http://localhost:5173/_next/static/chunks/node_modules_next_dist_1e8vcs8._.js:776
[ 3261715ms] [LOG] [Fast Refresh] done in 196ms @ http://localhost:5173/_next/static/chunks/node_modules_next_dist_1e8vcs8._.js:776
[ 3261773ms] [LOG] [Fast Refresh] done in 196ms @ http://localhost:5173/_next/static/chunks/node_modules_next_dist_1e8vcs8._.js:776
[ 3261814ms] [LOG] [Fast Refresh] done in 196ms @ http://localhost:5173/_next/static/chunks/node_modules_next_dist_1e8vcs8._.js:776
[ 3261872ms] [LOG] [Fast Refresh] done in 196ms @ http://localhost:5173/_next/static/chunks/node_modules_next_dist_1e8vcs8._.js:776
[ 3261920ms] [LOG] [Fast Refresh] done in 196ms @ http://localhost:5173/_next/static/chunks/node_modules_next_dist_1e8vcs8._.js:776
[ 3261976ms] [LOG] [Fast Refresh] done in 196ms @ http://localhost:5173/_next/static/chunks/node_modules_next_dist_1e8vcs8._.js:776
[ 3262040ms] [LOG] [Fast Refresh] done in 196ms @ http://localhost:5173/_next/static/chunks/node_modules_next_dist_1e8vcs8._.js:776
[ 3262088ms] [LOG] [Fast Refresh] done in 196ms @ http://localhost:5173/_next/static/chunks/node_modules_next_dist_1e8vcs8._.js:776
[ 3262138ms] [LOG] [Fast Refresh] done in 196ms @ http://localhost:5173/_next/static/chunks/node_modules_next_dist_1e8vcs8._.js:776
[ 3262192ms] [LOG] [Fast Refresh] done in 196ms @ http://localhost:5173/_next/static/chunks/node_modules_next_dist_1e8vcs8._.js:776
[ 3262248ms] [LOG] [Fast Refresh] done in 196ms @ http://localhost:5173/_next/static/chunks/node_modules_next_dist_1e8vcs8._.js:776
[ 3262295ms] [LOG] [Fast Refresh] done in 196ms @ http://localhost:5173/_next/static/chunks/node_modules_next_dist_1e8vcs8._.js:776
[ 3262344ms] [LOG] [Fast Refresh] done in 196ms @ http://localhost:5173/_next/static/chunks/node_modules_next_dist_1e8vcs8._.js:776
[ 3262405ms] [LOG] [Fast Refresh] done in 196ms @ http://localhost:5173/_next/static/chunks/node_modules_next_dist_1e8vcs8._.js:776
[ 3262467ms] [LOG] [Fast Refresh] done in 196ms @ http://localhost:5173/_next/static/chunks/node_modules_next_dist_1e8vcs8._.js:776
[ 3262507ms] [LOG] [Fast Refresh] done in 196ms @ http://localhost:5173/_next/static/chunks/node_modules_next_dist_1e8vcs8._.js:776
[ 3262554ms] [LOG] [Fast Refresh] done in 196ms @ http://localhost:5173/_next/static/chunks/node_modules_next_dist_1e8vcs8._.js:776
[ 3262604ms] [LOG] [Fast Refresh] done in 196ms @ http://localhost:5173/_next/static/chunks/node_modules_next_dist_1e8vcs8._.js:776
[ 3262665ms] [LOG] [Fast Refresh] done in 196ms @ http://localhost:5173/_next/static/chunks/node_modules_next_dist_1e8vcs8._.js:776
[ 3262728ms] [LOG] [Fast Refresh] done in 196ms @ http://localhost:5173/_next/static/chunks/node_modules_next_dist_1e8vcs8._.js:776
[ 3262775ms] [LOG] [Fast Refresh] done in 196ms @ http://localhost:5173/_next/static/chunks/node_modules_next_dist_1e8vcs8._.js:776
[ 3262833ms] [LOG] [Fast Refresh] done in 196ms @ http://localhost:5173/_next/static/chunks/node_modules_next_dist_1e8vcs8._.js:776
[ 3262893ms] [LOG] [Fast Refresh] done in 196ms @ http://localhost:5173/_next/static/chunks/node_modules_next_dist_1e8vcs8._.js:776
[ 3262936ms] [LOG] [Fast Refresh] done in 196ms @ http://localhost:5173/_next/static/chunks/node_modules_next_dist_1e8vcs8._.js:776
[ 3262991ms] [LOG] [Fast Refresh] done in 196ms @ http://localhost:5173/_next/static/chunks/node_modules_next_dist_1e8vcs8._.js:776
[ 3263039ms] [LOG] [Fast Refresh] done in 196ms @ http://localhost:5173/_next/static/chunks/node_modules_next_dist_1e8vcs8._.js:776
[ 3263100ms] [LOG] [Fast Refresh] done in 196ms @ http://localhost:5173/_next/static/chunks/node_modules_next_dist_1e8vcs8._.js:776
[ 3263146ms] [LOG] [Fast Refresh] done in 196ms @ http://localhost:5173/_next/static/chunks/node_modules_next_dist_1e8vcs8._.js:776
[ 3263208ms] [LOG] [Fast Refresh] done in 196ms @ http://localhost:5173/_next/static/chunks/node_modules_next_dist_1e8vcs8._.js:776
[ 3263270ms] [LOG] [Fast Refresh] done in 196ms @ http://localhost:5173/_next/static/chunks/node_modules_next_dist_1e8vcs8._.js:776
[ 3263325ms] [LOG] [Fast Refresh] done in 196ms @ http://localhost:5173/_next/static/chunks/node_modules_next_dist_1e8vcs8._.js:776
[ 3263384ms] [LOG] [Fast Refresh] done in 196ms @ http://localhost:5173/_next/static/chunks/node_modules_next_dist_1e8vcs8._.js:776
[ 3263432ms] [LOG] [Fast Refresh] done in 196ms @ http://localhost:5173/_next/static/chunks/node_modules_next_dist_1e8vcs8._.js:776
[ 3263481ms] [LOG] [Fast Refresh] done in 196ms @ http://localhost:5173/_next/static/chunks/node_modules_next_dist_1e8vcs8._.js:776
[ 3263543ms] [LOG] [Fast Refresh] done in 196ms @ http://localhost:5173/_next/static/chunks/node_modules_next_dist_1e8vcs8._.js:776
[ 3263590ms] [LOG] [Fast Refresh] done in 196ms @ http://localhost:5173/_next/static/chunks/node_modules_next_dist_1e8vcs8._.js:776
[ 3263652ms] [LOG] [Fast Refresh] done in 196ms @ http://localhost:5173/_next/static/chunks/node_modules_next_dist_1e8vcs8._.js:776
[ 3263714ms] [LOG] [Fast Refresh] done in 196ms @ http://localhost:5173/_next/static/chunks/node_modules_next_dist_1e8vcs8._.js:776
[ 3263764ms] [LOG] [Fast Refresh] done in 196ms @ http://localhost:5173/_next/static/chunks/node_modules_next_dist_1e8vcs8._.js:776
[ 3263820ms] [LOG] [Fast Refresh] done in 196ms @ http://localhost:5173/_next/static/chunks/node_modules_next_dist_1e8vcs8._.js:776
[ 3263876ms] [LOG] [Fast Refresh] done in 196ms @ http://localhost:5173/_next/static/chunks/node_modules_next_dist_1e8vcs8._.js:776
[ 3263923ms] [LOG] [Fast Refresh] done in 196ms @ http://localhost:5173/_next/static/chunks/node_modules_next_dist_1e8vcs8._.js:776
[ 3263973ms] [LOG] [Fast Refresh] done in 196ms @ http://localhost:5173/_next/static/chunks/node_modules_next_dist_1e8vcs8._.js:776
[ 3264036ms] [LOG] [Fast Refresh] done in 196ms @ http://localhost:5173/_next/static/chunks/node_modules_next_dist_1e8vcs8._.js:776
[ 3264093ms] [LOG] [Fast Refresh] done in 196ms @ http://localhost:5173/_next/static/chunks/node_modules_next_dist_1e8vcs8._.js:776
[ 3264155ms] [LOG] [Fast Refresh] done in 196ms @ http://localhost:5173/_next/static/chunks/node_modules_next_dist_1e8vcs8._.js:776
[ 3264206ms] [LOG] [Fast Refresh] done in 196ms @ http://localhost:5173/_next/static/chunks/node_modules_next_dist_1e8vcs8._.js:776
[ 3264275ms] [LOG] [Fast Refresh] done in 196ms @ http://localhost:5173/_next/static/chunks/node_modules_next_dist_1e8vcs8._.js:776
[ 3264337ms] [LOG] [Fast Refresh] done in 196ms @ http://localhost:5173/_next/static/chunks/node_modules_next_dist_1e8vcs8._.js:776
[ 3264391ms] [LOG] [Fast Refresh] done in 196ms @ http://localhost:5173/_next/static/chunks/node_modules_next_dist_1e8vcs8._.js:776
[ 3264472ms] [LOG] [Fast Refresh] done in 196ms @ http://localhost:5173/_next/static/chunks/node_modules_next_dist_1e8vcs8._.js:776
[ 3264532ms] [LOG] [Fast Refresh] done in 196ms @ http://localhost:5173/_next/static/chunks/node_modules_next_dist_1e8vcs8._.js:776
[ 3264596ms] [LOG] [Fast Refresh] done in 196ms @ http://localhost:5173/_next/static/chunks/node_modules_next_dist_1e8vcs8._.js:776
[ 3264657ms] [LOG] [Fast Refresh] done in 196ms @ http://localhost:5173/_next/static/chunks/node_modules_next_dist_1e8vcs8._.js:776
[ 3264720ms] [LOG] [Fast Refresh] done in 196ms @ http://localhost:5173/_next/static/chunks/node_modules_next_dist_1e8vcs8._.js:776
[ 3264778ms] [LOG] [Fast Refresh] done in 196ms @ http://localhost:5173/_next/static/chunks/node_modules_next_dist_1e8vcs8._.js:776
[ 3264841ms] [LOG] [Fast Refresh] done in 196ms @ http://localhost:5173/_next/static/chunks/node_modules_next_dist_1e8vcs8._.js:776
[ 3264897ms] [LOG] [Fast Refresh] done in 196ms @ http://localhost:5173/_next/static/chunks/node_modules_next_dist_1e8vcs8._.js:776
[ 3264959ms] [LOG] [Fast Refresh] done in 196ms @ http://localhost:5173/_next/static/chunks/node_modules_next_dist_1e8vcs8._.js:776
[ 3265003ms] [LOG] [Fast Refresh] done in 196ms @ http://localhost:5173/_next/static/chunks/node_modules_next_dist_1e8vcs8._.js:776
[ 3265064ms] [LOG] [Fast Refresh] done in 196ms @ http://localhost:5173/_next/static/chunks/node_modules_next_dist_1e8vcs8._.js:776
[ 3265109ms] [LOG] [Fast Refresh] done in 196ms @ http://localhost:5173/_next/static/chunks/node_modules_next_dist_1e8vcs8._.js:776
[ 3265170ms] [LOG] [Fast Refresh] done in 196ms @ http://localhost:5173/_next/static/chunks/node_modules_next_dist_1e8vcs8._.js:776
[ 3265227ms] [LOG] [Fast Refresh] done in 196ms @ http://localhost:5173/_next/static/chunks/node_modules_next_dist_1e8vcs8._.js:776
[ 3265289ms] [LOG] [Fast Refresh] done in 196ms @ http://localhost:5173/_next/static/chunks/node_modules_next_dist_1e8vcs8._.js:776
[ 3265330ms] [LOG] [Fast Refresh] done in 196ms @ http://localhost:5173/_next/static/chunks/node_modules_next_dist_1e8vcs8._.js:776
[ 3265391ms] [LOG] [Fast Refresh] done in 196ms @ http://localhost:5173/_next/static/chunks/node_modules_next_dist_1e8vcs8._.js:776
[ 3265450ms] [LOG] [Fast Refresh] done in 196ms @ http://localhost:5173/_next/static/chunks/node_modules_next_dist_1e8vcs8._.js:776
[ 3265501ms] [LOG] [Fast Refresh] done in 196ms @ http://localhost:5173/_next/static/chunks/node_modules_next_dist_1e8vcs8._.js:776
[ 3265550ms] [LOG] [Fast Refresh] done in 196ms @ http://localhost:5173/_next/static/chunks/node_modules_next_dist_1e8vcs8._.js:776
[ 3265607ms] [LOG] [Fast Refresh] done in 196ms @ http://localhost:5173/_next/static/chunks/node_modules_next_dist_1e8vcs8._.js:776
[ 3265669ms] [LOG] [Fast Refresh] done in 196ms @ http://localhost:5173/_next/static/chunks/node_modules_next_dist_1e8vcs8._.js:776
[ 3265766ms] [LOG] [Fast Refresh] done in 196ms @ http://localhost:5173/_next/static/chunks/node_modules_next_dist_1e8vcs8._.js:776
[ 3265809ms] [LOG] [Fast Refresh] done in 196ms @ http://localhost:5173/_next/static/chunks/node_modules_next_dist_1e8vcs8._.js:776
[ 3265871ms] [LOG] [Fast Refresh] done in 196ms @ http://localhost:5173/_next/static/chunks/node_modules_next_dist_1e8vcs8._.js:776
[ 3265943ms] [LOG] [Fast Refresh] done in 196ms @ http://localhost:5173/_next/static/chunks/node_modules_next_dist_1e8vcs8._.js:776
[ 3266000ms] [LOG] [Fast Refresh] done in 196ms @ http://localhost:5173/_next/static/chunks/node_modules_next_dist_1e8vcs8._.js:776
[ 3266064ms] [LOG] [Fast Refresh] done in 196ms @ http://localhost:5173/_next/static/chunks/node_modules_next_dist_1e8vcs8._.js:776
[ 3266121ms] [LOG] [Fast Refresh] done in 196ms @ http://localhost:5173/_next/static/chunks/node_modules_next_dist_1e8vcs8._.js:776
[ 3266173ms] [LOG] [Fast Refresh] done in 196ms @ http://localhost:5173/_next/static/chunks/node_modules_next_dist_1e8vcs8._.js:776
[ 3266228ms] [LOG] [Fast Refresh] done in 196ms @ http://localhost:5173/_next/static/chunks/node_modules_next_dist_1e8vcs8._.js:776
[ 3266284ms] [LOG] [Fast Refresh] done in 196ms @ http://localhost:5173/_next/static/chunks/node_modules_next_dist_1e8vcs8._.js:776
[ 3266346ms] [LOG] [Fast Refresh] done in 196ms @ http://localhost:5173/_next/static/chunks/node_modules_next_dist_1e8vcs8._.js:776
[ 3266406ms] [LOG] [Fast Refresh] done in 196ms @ http://localhost:5173/_next/static/chunks/node_modules_next_dist_1e8vcs8._.js:776
[ 3266475ms] [LOG] [Fast Refresh] done in 196ms @ http://localhost:5173/_next/static/chunks/node_modules_next_dist_1e8vcs8._.js:776
[ 3266521ms] [LOG] [Fast Refresh] done in 196ms @ http://localhost:5173/_next/static/chunks/node_modules_next_dist_1e8vcs8._.js:776
[ 3266574ms] [LOG] [Fast Refresh] done in 196ms @ http://localhost:5173/_next/static/chunks/node_modules_next_dist_1e8vcs8._.js:776
[ 3266628ms] [LOG] [Fast Refresh] done in 196ms @ http://localhost:5173/_next/static/chunks/node_modules_next_dist_1e8vcs8._.js:776
[ 3266688ms] [LOG] [Fast Refresh] done in 196ms @ http://localhost:5173/_next/static/chunks/node_modules_next_dist_1e8vcs8._.js:776
[ 3266751ms] [LOG] [Fast Refresh] done in 196ms @ http://localhost:5173/_next/static/chunks/node_modules_next_dist_1e8vcs8._.js:776
[ 3266806ms] [LOG] [Fast Refresh] done in 196ms @ http://localhost:5173/_next/static/chunks/node_modules_next_dist_1e8vcs8._.js:776
[ 3266868ms] [LOG] [Fast Refresh] done in 196ms @ http://localhost:5173/_next/static/chunks/node_modules_next_dist_1e8vcs8._.js:776
[ 3266917ms] [LOG] [Fast Refresh] done in 196ms @ http://localhost:5173/_next/static/chunks/node_modules_next_dist_1e8vcs8._.js:776
[ 3266963ms] [LOG] [Fast Refresh] done in 196ms @ http://localhost:5173/_next/static/chunks/node_modules_next_dist_1e8vcs8._.js:776
[ 3267024ms] [LOG] [Fast Refresh] done in 196ms @ http://localhost:5173/_next/static/chunks/node_modules_next_dist_1e8vcs8._.js:776
[ 3267074ms] [LOG] [Fast Refresh] done in 196ms @ http://localhost:5173/_next/static/chunks/node_modules_next_dist_1e8vcs8._.js:776
[ 3267123ms] [LOG] [Fast Refresh] done in 196ms @ http://localhost:5173/_next/static/chunks/node_modules_next_dist_1e8vcs8._.js:776
[ 3267172ms] [LOG] [Fast Refresh] done in 196ms @ http://localhost:5173/_next/static/chunks/node_modules_next_dist_1e8vcs8._.js:776
[ 3267230ms] [LOG] [Fast Refresh] done in 196ms @ http://localhost:5173/_next/static/chunks/node_modules_next_dist_1e8vcs8._.js:776
[ 3267292ms] [LOG] [Fast Refresh] done in 196ms @ http://localhost:5173/_next/static/chunks/node_modules_next_dist_1e8vcs8._.js:776
[ 3267354ms] [LOG] [Fast Refresh] done in 196ms @ http://localhost:5173/_next/static/chunks/node_modules_next_dist_1e8vcs8._.js:776
[ 3267410ms] [LOG] [Fast Refresh] done in 196ms @ http://localhost:5173/_next/static/chunks/node_modules_next_dist_1e8vcs8._.js:776
[ 3267458ms] [LOG] [Fast Refresh] done in 196ms @ http://localhost:5173/_next/static/chunks/node_modules_next_dist_1e8vcs8._.js:776
[ 3267508ms] [LOG] [Fast Refresh] done in 196ms @ http://localhost:5173/_next/static/chunks/node_modules_next_dist_1e8vcs8._.js:776
[ 3267570ms] [LOG] [Fast Refresh] done in 196ms @ http://localhost:5173/_next/static/chunks/node_modules_next_dist_1e8vcs8._.js:776
[ 3267634ms] [LOG] [Fast Refresh] done in 196ms @ http://localhost:5173/_next/static/chunks/node_modules_next_dist_1e8vcs8._.js:776
[ 3267693ms] [LOG] [Fast Refresh] done in 196ms @ http://localhost:5173/_next/static/chunks/node_modules_next_dist_1e8vcs8._.js:776
[ 3267753ms] [LOG] [Fast Refresh] done in 196ms @ http://localhost:5173/_next/static/chunks/node_modules_next_dist_1e8vcs8._.js:776
[ 3267812ms] [LOG] [Fast Refresh] done in 196ms @ http://localhost:5173/_next/static/chunks/node_modules_next_dist_1e8vcs8._.js:776
[ 3267860ms] [LOG] [Fast Refresh] done in 196ms @ http://localhost:5173/_next/static/chunks/node_modules_next_dist_1e8vcs8._.js:776
[ 3267904ms] [LOG] [Fast Refresh] done in 196ms @ http://localhost:5173/_next/static/chunks/node_modules_next_dist_1e8vcs8._.js:776
[ 3267966ms] [LOG] [Fast Refresh] done in 196ms @ http://localhost:5173/_next/static/chunks/node_modules_next_dist_1e8vcs8._.js:776
[ 3268022ms] [LOG] [Fast Refresh] done in 196ms @ http://localhost:5173/_next/static/chunks/node_modules_next_dist_1e8vcs8._.js:776
[ 3268074ms] [LOG] [Fast Refresh] done in 196ms @ http://localhost:5173/_next/static/chunks/node_modules_next_dist_1e8vcs8._.js:776
[ 3268138ms] [LOG] [Fast Refresh] done in 196ms @ http://localhost:5173/_next/static/chunks/node_modules_next_dist_1e8vcs8._.js:776
[ 3268193ms] [LOG] [Fast Refresh] done in 196ms @ http://localhost:5173/_next/static/chunks/node_modules_next_dist_1e8vcs8._.js:776
[ 3268258ms] [LOG] [Fast Refresh] done in 196ms @ http://localhost:5173/_next/static/chunks/node_modules_next_dist_1e8vcs8._.js:776
[ 3268320ms] [LOG] [Fast Refresh] done in 196ms @ http://localhost:5173/_next/static/chunks/node_modules_next_dist_1e8vcs8._.js:776
[ 3268387ms] [LOG] [Fast Refresh] done in 196ms @ http://localhost:5173/_next/static/chunks/node_modules_next_dist_1e8vcs8._.js:776
[ 3268448ms] [LOG] [Fast Refresh] done in 196ms @ http://localhost:5173/_next/static/chunks/node_modules_next_dist_1e8vcs8._.js:776
[ 3268497ms] [LOG] [Fast Refresh] done in 196ms @ http://localhost:5173/_next/static/chunks/node_modules_next_dist_1e8vcs8._.js:776
[ 3268557ms] [LOG] [Fast Refresh] done in 196ms @ http://localhost:5173/_next/static/chunks/node_modules_next_dist_1e8vcs8._.js:776
[ 3268617ms] [LOG] [Fast Refresh] done in 196ms @ http://localhost:5173/_next/static/chunks/node_modules_next_dist_1e8vcs8._.js:776
[ 3268677ms] [LOG] [Fast Refresh] done in 196ms @ http://localhost:5173/_next/static/chunks/node_modules_next_dist_1e8vcs8._.js:776
[ 3268725ms] [LOG] [Fast Refresh] done in 196ms @ http://localhost:5173/_next/static/chunks/node_modules_next_dist_1e8vcs8._.js:776
[ 3268774ms] [LOG] [Fast Refresh] done in 196ms @ http://localhost:5173/_next/static/chunks/node_modules_next_dist_1e8vcs8._.js:776
[ 3268813ms] [LOG] [Fast Refresh] done in 196ms @ http://localhost:5173/_next/static/chunks/node_modules_next_dist_1e8vcs8._.js:776
[ 3268872ms] [LOG] [Fast Refresh] done in 196ms @ http://localhost:5173/_next/static/chunks/node_modules_next_dist_1e8vcs8._.js:776
[ 3268935ms] [LOG] [Fast Refresh] done in 196ms @ http://localhost:5173/_next/static/chunks/node_modules_next_dist_1e8vcs8._.js:776
[ 3268990ms] [LOG] [Fast Refresh] done in 196ms @ http://localhost:5173/_next/static/chunks/node_modules_next_dist_1e8vcs8._.js:776
[ 3269038ms] [LOG] [Fast Refresh] done in 196ms @ http://localhost:5173/_next/static/chunks/node_modules_next_dist_1e8vcs8._.js:776
[ 3269089ms] [LOG] [Fast Refresh] done in 196ms @ http://localhost:5173/_next/static/chunks/node_modules_next_dist_1e8vcs8._.js:776
[ 3269149ms] [LOG] [Fast Refresh] done in 196ms @ http://localhost:5173/_next/static/chunks/node_modules_next_dist_1e8vcs8._.js:776
[ 3269208ms] [LOG] [Fast Refresh] done in 196ms @ http://localhost:5173/_next/static/chunks/node_modules_next_dist_1e8vcs8._.js:776
[ 3269254ms] [LOG] [Fast Refresh] done in 196ms @ http://localhost:5173/_next/static/chunks/node_modules_next_dist_1e8vcs8._.js:776
[ 3269306ms] [LOG] [Fast Refresh] done in 196ms @ http://localhost:5173/_next/static/chunks/node_modules_next_dist_1e8vcs8._.js:776
[ 3269370ms] [LOG] [Fast Refresh] done in 196ms @ http://localhost:5173/_next/static/chunks/node_modules_next_dist_1e8vcs8._.js:776
[ 3269428ms] [LOG] [Fast Refresh] done in 196ms @ http://localhost:5173/_next/static/chunks/node_modules_next_dist_1e8vcs8._.js:776
[ 3269492ms] [LOG] [Fast Refresh] done in 196ms @ http://localhost:5173/_next/static/chunks/node_modules_next_dist_1e8vcs8._.js:776
[ 3269543ms] [LOG] [Fast Refresh] done in 196ms @ http://localhost:5173/_next/static/chunks/node_modules_next_dist_1e8vcs8._.js:776
[ 3269597ms] [LOG] [Fast Refresh] done in 196ms @ http://localhost:5173/_next/static/chunks/node_modules_next_dist_1e8vcs8._.js:776
[ 3269660ms] [LOG] [Fast Refresh] done in 196ms @ http://localhost:5173/_next/static/chunks/node_modules_next_dist_1e8vcs8._.js:776
[ 3269713ms] [LOG] [Fast Refresh] done in 196ms @ http://localhost:5173/_next/static/chunks/node_modules_next_dist_1e8vcs8._.js:776
[ 3269761ms] [LOG] [Fast Refresh] done in 196ms @ http://localhost:5173/_next/static/chunks/node_modules_next_dist_1e8vcs8._.js:776
[ 3269817ms] [LOG] [Fast Refresh] done in 196ms @ http://localhost:5173/_next/static/chunks/node_modules_next_dist_1e8vcs8._.js:776
[ 3269864ms] [LOG] [Fast Refresh] done in 196ms @ http://localhost:5173/_next/static/chunks/node_modules_next_dist_1e8vcs8._.js:776
[ 3269924ms] [LOG] [Fast Refresh] done in 196ms @ http://localhost:5173/_next/static/chunks/node_modules_next_dist_1e8vcs8._.js:776
[ 3269974ms] [LOG] [Fast Refresh] done in 196ms @ http://localhost:5173/_next/static/chunks/node_modules_next_dist_1e8vcs8._.js:776
[ 3270036ms] [LOG] [Fast Refresh] done in 196ms @ http://localhost:5173/_next/static/chunks/node_modules_next_dist_1e8vcs8._.js:776
[ 3270088ms] [LOG] [Fast Refresh] done in 196ms @ http://localhost:5173/_next/static/chunks/node_modules_next_dist_1e8vcs8._.js:776
[ 3270136ms] [LOG] [Fast Refresh] done in 196ms @ http://localhost:5173/_next/static/chunks/node_modules_next_dist_1e8vcs8._.js:776
[ 3270198ms] [LOG] [Fast Refresh] done in 196ms @ http://localhost:5173/_next/static/chunks/node_modules_next_dist_1e8vcs8._.js:776
[ 3270260ms] [LOG] [Fast Refresh] done in 196ms @ http://localhost:5173/_next/static/chunks/node_modules_next_dist_1e8vcs8._.js:776
[ 3270308ms] [LOG] [Fast Refresh] done in 196ms @ http://localhost:5173/_next/static/chunks/node_modules_next_dist_1e8vcs8._.js:776
[ 3270369ms] [LOG] [Fast Refresh] done in 196ms @ http://localhost:5173/_next/static/chunks/node_modules_next_dist_1e8vcs8._.js:776
[ 3270415ms] [LOG] [Fast Refresh] done in 196ms @ http://localhost:5173/_next/static/chunks/node_modules_next_dist_1e8vcs8._.js:776
[ 3270474ms] [LOG] [Fast Refresh] done in 196ms @ http://localhost:5173/_next/static/chunks/node_modules_next_dist_1e8vcs8._.js:776
[ 3270520ms] [LOG] [Fast Refresh] done in 196ms @ http://localhost:5173/_next/static/chunks/node_modules_next_dist_1e8vcs8._.js:776
[ 3270578ms] [LOG] [Fast Refresh] done in 196ms @ http://localhost:5173/_next/static/chunks/node_modules_next_dist_1e8vcs8._.js:776
[ 3270641ms] [LOG] [Fast Refresh] done in 196ms @ http://localhost:5173/_next/static/chunks/node_modules_next_dist_1e8vcs8._.js:776
[ 3270698ms] [LOG] [Fast Refresh] done in 196ms @ http://localhost:5173/_next/static/chunks/node_modules_next_dist_1e8vcs8._.js:776
[ 3270745ms] [LOG] [Fast Refresh] done in 196ms @ http://localhost:5173/_next/static/chunks/node_modules_next_dist_1e8vcs8._.js:776
[ 3270803ms] [LOG] [Fast Refresh] done in 196ms @ http://localhost:5173/_next/static/chunks/node_modules_next_dist_1e8vcs8._.js:776
[ 3270866ms] [LOG] [Fast Refresh] done in 196ms @ http://localhost:5173/_next/static/chunks/node_modules_next_dist_1e8vcs8._.js:776
[ 3270926ms] [LOG] [Fast Refresh] done in 196ms @ http://localhost:5173/_next/static/chunks/node_modules_next_dist_1e8vcs8._.js:776
[ 3270973ms] [LOG] [Fast Refresh] done in 196ms @ http://localhost:5173/_next/static/chunks/node_modules_next_dist_1e8vcs8._.js:776
[ 3271035ms] [LOG] [Fast Refresh] done in 196ms @ http://localhost:5173/_next/static/chunks/node_modules_next_dist_1e8vcs8._.js:776
[ 3271093ms] [LOG] [Fast Refresh] done in 196ms @ http://localhost:5173/_next/static/chunks/node_modules_next_dist_1e8vcs8._.js:776
[ 3271154ms] [LOG] [Fast Refresh] done in 196ms @ http://localhost:5173/_next/static/chunks/node_modules_next_dist_1e8vcs8._.js:776
[ 3271216ms] [LOG] [Fast Refresh] done in 196ms @ http://localhost:5173/_next/static/chunks/node_modules_next_dist_1e8vcs8._.js:776
[ 3271272ms] [LOG] [Fast Refresh] done in 196ms @ http://localhost:5173/_next/static/chunks/node_modules_next_dist_1e8vcs8._.js:776
[ 3271310ms] [LOG] [Fast Refresh] done in 196ms @ http://localhost:5173/_next/static/chunks/node_modules_next_dist_1e8vcs8._.js:776
[ 3271357ms] [LOG] [Fast Refresh] done in 196ms @ http://localhost:5173/_next/static/chunks/node_modules_next_dist_1e8vcs8._.js:776
[ 3271407ms] [LOG] [Fast Refresh] done in 196ms @ http://localhost:5173/_next/static/chunks/node_modules_next_dist_1e8vcs8._.js:776
[ 3271469ms] [LOG] [Fast Refresh] done in 196ms @ http://localhost:5173/_next/static/chunks/node_modules_next_dist_1e8vcs8._.js:776
[ 3271527ms] [LOG] [Fast Refresh] done in 196ms @ http://localhost:5173/_next/static/chunks/node_modules_next_dist_1e8vcs8._.js:776
[ 3271734ms] [LOG] [Fast Refresh] done in 196ms @ http://localhost:5173/_next/static/chunks/node_modules_next_dist_1e8vcs8._.js:776
[ 3271794ms] [LOG] [Fast Refresh] done in 196ms @ http://localhost:5173/_next/static/chunks/node_modules_next_dist_1e8vcs8._.js:776
[ 3271843ms] [LOG] [Fast Refresh] done in 196ms @ http://localhost:5173/_next/static/chunks/node_modules_next_dist_1e8vcs8._.js:776
[ 3271897ms] [LOG] [Fast Refresh] done in 196ms @ http://localhost:5173/_next/static/chunks/node_modules_next_dist_1e8vcs8._.js:776
[ 3271958ms] [LOG] [Fast Refresh] done in 196ms @ http://localhost:5173/_next/static/chunks/node_modules_next_dist_1e8vcs8._.js:776
[ 3272019ms] [LOG] [Fast Refresh] done in 196ms @ http://localhost:5173/_next/static/chunks/node_modules_next_dist_1e8vcs8._.js:776
[ 3272077ms] [LOG] [Fast Refresh] done in 196ms @ http://localhost:5173/_next/static/chunks/node_modules_next_dist_1e8vcs8._.js:776
[ 3272123ms] [LOG] [Fast Refresh] done in 196ms @ http://localhost:5173/_next/static/chunks/node_modules_next_dist_1e8vcs8._.js:776
[ 3272181ms] [LOG] [Fast Refresh] done in 196ms @ http://localhost:5173/_next/static/chunks/node_modules_next_dist_1e8vcs8._.js:776
[ 3272242ms] [LOG] [Fast Refresh] done in 196ms @ http://localhost:5173/_next/static/chunks/node_modules_next_dist_1e8vcs8._.js:776
[ 3272295ms] [LOG] [Fast Refresh] done in 196ms @ http://localhost:5173/_next/static/chunks/node_modules_next_dist_1e8vcs8._.js:776
[ 3272354ms] [LOG] [Fast Refresh] done in 196ms @ http://localhost:5173/_next/static/chunks/node_modules_next_dist_1e8vcs8._.js:776
[ 3272412ms] [LOG] [Fast Refresh] done in 196ms @ http://localhost:5173/_next/static/chunks/node_modules_next_dist_1e8vcs8._.js:776
[ 3272472ms] [LOG] [Fast Refresh] done in 196ms @ http://localhost:5173/_next/static/chunks/node_modules_next_dist_1e8vcs8._.js:776
[ 3272535ms] [LOG] [Fast Refresh] done in 196ms @ http://localhost:5173/_next/static/chunks/node_modules_next_dist_1e8vcs8._.js:776
[ 3272592ms] [LOG] [Fast Refresh] done in 196ms @ http://localhost:5173/_next/static/chunks/node_modules_next_dist_1e8vcs8._.js:776
[ 3272653ms] [LOG] [Fast Refresh] done in 196ms @ http://localhost:5173/_next/static/chunks/node_modules_next_dist_1e8vcs8._.js:776
[ 3272704ms] [LOG] [Fast Refresh] done in 196ms @ http://localhost:5173/_next/static/chunks/node_modules_next_dist_1e8vcs8._.js:776
[ 3272751ms] [LOG] [Fast Refresh] done in 196ms @ http://localhost:5173/_next/static/chunks/node_modules_next_dist_1e8vcs8._.js:776
[ 3272808ms] [LOG] [Fast Refresh] done in 196ms @ http://localhost:5173/_next/static/chunks/node_modules_next_dist_1e8vcs8._.js:776
[ 3272867ms] [LOG] [Fast Refresh] done in 196ms @ http://localhost:5173/_next/static/chunks/node_modules_next_dist_1e8vcs8._.js:776
[ 3272920ms] [LOG] [Fast Refresh] done in 196ms @ http://localhost:5173/_next/static/chunks/node_modules_next_dist_1e8vcs8._.js:776
[ 3272978ms] [LOG] [Fast Refresh] done in 196ms @ http://localhost:5173/_next/static/chunks/node_modules_next_dist_1e8vcs8._.js:776
[ 3273040ms] [LOG] [Fast Refresh] done in 196ms @ http://localhost:5173/_next/static/chunks/node_modules_next_dist_1e8vcs8._.js:776
[ 3273098ms] [LOG] [Fast Refresh] done in 196ms @ http://localhost:5173/_next/static/chunks/node_modules_next_dist_1e8vcs8._.js:776
[ 3273148ms] [LOG] [Fast Refresh] done in 196ms @ http://localhost:5173/_next/static/chunks/node_modules_next_dist_1e8vcs8._.js:776
[ 3273197ms] [LOG] [Fast Refresh] done in 196ms @ http://localhost:5173/_next/static/chunks/node_modules_next_dist_1e8vcs8._.js:776
[ 3273244ms] [LOG] [Fast Refresh] done in 196ms @ http://localhost:5173/_next/static/chunks/node_modules_next_dist_1e8vcs8._.js:776
[ 3273306ms] [LOG] [Fast Refresh] done in 196ms @ http://localhost:5173/_next/static/chunks/node_modules_next_dist_1e8vcs8._.js:776
[ 3273362ms] [LOG] [Fast Refresh] done in 196ms @ http://localhost:5173/_next/static/chunks/node_modules_next_dist_1e8vcs8._.js:776
[ 3273413ms] [LOG] [Fast Refresh] done in 196ms @ http://localhost:5173/_next/static/chunks/node_modules_next_dist_1e8vcs8._.js:776
[ 3273460ms] [LOG] [Fast Refresh] done in 196ms @ http://localhost:5173/_next/static/chunks/node_modules_next_dist_1e8vcs8._.js:776
[ 3273508ms] [LOG] [Fast Refresh] done in 196ms @ http://localhost:5173/_next/static/chunks/node_modules_next_dist_1e8vcs8._.js:776
[ 3273555ms] [LOG] [Fast Refresh] done in 196ms @ http://localhost:5173/_next/static/chunks/node_modules_next_dist_1e8vcs8._.js:776
[ 3273614ms] [LOG] [Fast Refresh] done in 196ms @ http://localhost:5173/_next/static/chunks/node_modules_next_dist_1e8vcs8._.js:776
[ 3273664ms] [LOG] [Fast Refresh] done in 196ms @ http://localhost:5173/_next/static/chunks/node_modules_next_dist_1e8vcs8._.js:776
[ 3273718ms] [LOG] [Fast Refresh] done in 196ms @ http://localhost:5173/_next/static/chunks/node_modules_next_dist_1e8vcs8._.js:776
[ 3273780ms] [LOG] [Fast Refresh] done in 196ms @ http://localhost:5173/_next/static/chunks/node_modules_next_dist_1e8vcs8._.js:776
[ 3273842ms] [LOG] [Fast Refresh] done in 196ms @ http://localhost:5173/_next/static/chunks/node_modules_next_dist_1e8vcs8._.js:776
[ 3273898ms] [LOG] [Fast Refresh] done in 196ms @ http://localhost:5173/_next/static/chunks/node_modules_next_dist_1e8vcs8._.js:776
[ 3273964ms] [LOG] [Fast Refresh] done in 196ms @ http://localhost:5173/_next/static/chunks/node_modules_next_dist_1e8vcs8._.js:776
[ 3274024ms] [LOG] [Fast Refresh] done in 196ms @ http://localhost:5173/_next/static/chunks/node_modules_next_dist_1e8vcs8._.js:776
[ 3274088ms] [LOG] [Fast Refresh] done in 196ms @ http://localhost:5173/_next/static/chunks/node_modules_next_dist_1e8vcs8._.js:776
[ 3274136ms] [LOG] [Fast Refresh] done in 196ms @ http://localhost:5173/_next/static/chunks/node_modules_next_dist_1e8vcs8._.js:776
[ 3274194ms] [LOG] [Fast Refresh] done in 196ms @ http://localhost:5173/_next/static/chunks/node_modules_next_dist_1e8vcs8._.js:776
[ 3274243ms] [LOG] [Fast Refresh] done in 196ms @ http://localhost:5173/_next/static/chunks/node_modules_next_dist_1e8vcs8._.js:776
[ 3274291ms] [LOG] [Fast Refresh] done in 196ms @ http://localhost:5173/_next/static/chunks/node_modules_next_dist_1e8vcs8._.js:776
[ 3274344ms] [LOG] [Fast Refresh] done in 196ms @ http://localhost:5173/_next/static/chunks/node_modules_next_dist_1e8vcs8._.js:776
[ 3274398ms] [LOG] [Fast Refresh] done in 196ms @ http://localhost:5173/_next/static/chunks/node_modules_next_dist_1e8vcs8._.js:776
[ 3274460ms] [LOG] [Fast Refresh] done in 196ms @ http://localhost:5173/_next/static/chunks/node_modules_next_dist_1e8vcs8._.js:776
[ 3274507ms] [LOG] [Fast Refresh] done in 196ms @ http://localhost:5173/_next/static/chunks/node_modules_next_dist_1e8vcs8._.js:776
[ 3274570ms] [LOG] [Fast Refresh] done in 196ms @ http://localhost:5173/_next/static/chunks/node_modules_next_dist_1e8vcs8._.js:776
[ 3274618ms] [LOG] [Fast Refresh] done in 196ms @ http://localhost:5173/_next/static/chunks/node_modules_next_dist_1e8vcs8._.js:776
[ 3274669ms] [LOG] [Fast Refresh] done in 196ms @ http://localhost:5173/_next/static/chunks/node_modules_next_dist_1e8vcs8._.js:776
[ 3274735ms] [LOG] [Fast Refresh] done in 196ms @ http://localhost:5173/_next/static/chunks/node_modules_next_dist_1e8vcs8._.js:776
[ 3274789ms] [LOG] [Fast Refresh] done in 196ms @ http://localhost:5173/_next/static/chunks/node_modules_next_dist_1e8vcs8._.js:776
[ 3274839ms] [LOG] [Fast Refresh] done in 196ms @ http://localhost:5173/_next/static/chunks/node_modules_next_dist_1e8vcs8._.js:776
[ 3274891ms] [LOG] [Fast Refresh] done in 196ms @ http://localhost:5173/_next/static/chunks/node_modules_next_dist_1e8vcs8._.js:776
[ 3274938ms] [LOG] [Fast Refresh] done in 196ms @ http://localhost:5173/_next/static/chunks/node_modules_next_dist_1e8vcs8._.js:776
[ 3274992ms] [LOG] [Fast Refresh] done in 196ms @ http://localhost:5173/_next/static/chunks/node_modules_next_dist_1e8vcs8._.js:776
[ 3275040ms] [LOG] [Fast Refresh] done in 196ms @ http://localhost:5173/_next/static/chunks/node_modules_next_dist_1e8vcs8._.js:776
[ 3275098ms] [LOG] [Fast Refresh] done in 196ms @ http://localhost:5173/_next/static/chunks/node_modules_next_dist_1e8vcs8._.js:776
[ 3275150ms] [LOG] [Fast Refresh] done in 196ms @ http://localhost:5173/_next/static/chunks/node_modules_next_dist_1e8vcs8._.js:776
[ 3275208ms] [LOG] [Fast Refresh] done in 196ms @ http://localhost:5173/_next/static/chunks/node_modules_next_dist_1e8vcs8._.js:776
[ 3275256ms] [LOG] [Fast Refresh] done in 196ms @ http://localhost:5173/_next/static/chunks/node_modules_next_dist_1e8vcs8._.js:776
[ 3275313ms] [LOG] [Fast Refresh] done in 196ms @ http://localhost:5173/_next/static/chunks/node_modules_next_dist_1e8vcs8._.js:776
[ 3275371ms] [LOG] [Fast Refresh] done in 196ms @ http://localhost:5173/_next/static/chunks/node_modules_next_dist_1e8vcs8._.js:776
[ 3275432ms] [LOG] [Fast Refresh] done in 196ms @ http://localhost:5173/_next/static/chunks/node_modules_next_dist_1e8vcs8._.js:776
[ 3275491ms] [LOG] [Fast Refresh] done in 196ms @ http://localhost:5173/_next/static/chunks/node_modules_next_dist_1e8vcs8._.js:776
[ 3275553ms] [LOG] [Fast Refresh] done in 196ms @ http://localhost:5173/_next/static/chunks/node_modules_next_dist_1e8vcs8._.js:776
[ 3275604ms] [LOG] [Fast Refresh] done in 196ms @ http://localhost:5173/_next/static/chunks/node_modules_next_dist_1e8vcs8._.js:776
[ 3275666ms] [LOG] [Fast Refresh] done in 196ms @ http://localhost:5173/_next/static/chunks/node_modules_next_dist_1e8vcs8._.js:776
[ 3275724ms] [LOG] [Fast Refresh] done in 196ms @ http://localhost:5173/_next/static/chunks/node_modules_next_dist_1e8vcs8._.js:776
[ 3275774ms] [LOG] [Fast Refresh] done in 196ms @ http://localhost:5173/_next/static/chunks/node_modules_next_dist_1e8vcs8._.js:776
[ 3275829ms] [LOG] [Fast Refresh] done in 196ms @ http://localhost:5173/_next/static/chunks/node_modules_next_dist_1e8vcs8._.js:776
[ 3275878ms] [LOG] [Fast Refresh] done in 196ms @ http://localhost:5173/_next/static/chunks/node_modules_next_dist_1e8vcs8._.js:776
[ 3275926ms] [LOG] [Fast Refresh] done in 196ms @ http://localhost:5173/_next/static/chunks/node_modules_next_dist_1e8vcs8._.js:776
[ 3275975ms] [LOG] [Fast Refresh] done in 196ms @ http://localhost:5173/_next/static/chunks/node_modules_next_dist_1e8vcs8._.js:776
[ 3276014ms] [LOG] [Fast Refresh] done in 196ms @ http://localhost:5173/_next/static/chunks/node_modules_next_dist_1e8vcs8._.js:776
[ 3276062ms] [LOG] [Fast Refresh] done in 196ms @ http://localhost:5173/_next/static/chunks/node_modules_next_dist_1e8vcs8._.js:776
[ 3276104ms] [LOG] [Fast Refresh] done in 196ms @ http://localhost:5173/_next/static/chunks/node_modules_next_dist_1e8vcs8._.js:776
[ 3276166ms] [LOG] [Fast Refresh] done in 196ms @ http://localhost:5173/_next/static/chunks/node_modules_next_dist_1e8vcs8._.js:776
[ 3276219ms] [LOG] [Fast Refresh] done in 196ms @ http://localhost:5173/_next/static/chunks/node_modules_next_dist_1e8vcs8._.js:776
[ 3276281ms] [LOG] [Fast Refresh] done in 196ms @ http://localhost:5173/_next/static/chunks/node_modules_next_dist_1e8vcs8._.js:776
[ 3276329ms] [LOG] [Fast Refresh] done in 196ms @ http://localhost:5173/_next/static/chunks/node_modules_next_dist_1e8vcs8._.js:776
[ 3276377ms] [LOG] [Fast Refresh] done in 196ms @ http://localhost:5173/_next/static/chunks/node_modules_next_dist_1e8vcs8._.js:776
[ 3276440ms] [LOG] [Fast Refresh] done in 196ms @ http://localhost:5173/_next/static/chunks/node_modules_next_dist_1e8vcs8._.js:776
[ 3276488ms] [LOG] [Fast Refresh] done in 196ms @ http://localhost:5173/_next/static/chunks/node_modules_next_dist_1e8vcs8._.js:776
[ 3276535ms] [LOG] [Fast Refresh] done in 196ms @ http://localhost:5173/_next/static/chunks/node_modules_next_dist_1e8vcs8._.js:776
[ 3276594ms] [LOG] [Fast Refresh] done in 196ms @ http://localhost:5173/_next/static/chunks/node_modules_next_dist_1e8vcs8._.js:776
[ 3276641ms] [LOG] [Fast Refresh] done in 196ms @ http://localhost:5173/_next/static/chunks/node_modules_next_dist_1e8vcs8._.js:776
[ 3276698ms] [LOG] [Fast Refresh] done in 196ms @ http://localhost:5173/_next/static/chunks/node_modules_next_dist_1e8vcs8._.js:776
[ 3276747ms] [LOG] [Fast Refresh] done in 196ms @ http://localhost:5173/_next/static/chunks/node_modules_next_dist_1e8vcs8._.js:776
[ 3276804ms] [LOG] [Fast Refresh] done in 196ms @ http://localhost:5173/_next/static/chunks/node_modules_next_dist_1e8vcs8._.js:776
[ 3276856ms] [LOG] [Fast Refresh] done in 196ms @ http://localhost:5173/_next/static/chunks/node_modules_next_dist_1e8vcs8._.js:776
[ 3276908ms] [LOG] [Fast Refresh] done in 196ms @ http://localhost:5173/_next/static/chunks/node_modules_next_dist_1e8vcs8._.js:776
[ 3276970ms] [LOG] [Fast Refresh] done in 196ms @ http://localhost:5173/_next/static/chunks/node_modules_next_dist_1e8vcs8._.js:776
[ 3277012ms] [LOG] [Fast Refresh] done in 196ms @ http://localhost:5173/_next/static/chunks/node_modules_next_dist_1e8vcs8._.js:776
[ 3277074ms] [LOG] [Fast Refresh] done in 196ms @ http://localhost:5173/_next/static/chunks/node_modules_next_dist_1e8vcs8._.js:776
[ 3277122ms] [LOG] [Fast Refresh] done in 196ms @ http://localhost:5173/_next/static/chunks/node_modules_next_dist_1e8vcs8._.js:776
[ 3277170ms] [LOG] [Fast Refresh] done in 196ms @ http://localhost:5173/_next/static/chunks/node_modules_next_dist_1e8vcs8._.js:776
[ 3277221ms] [LOG] [Fast Refresh] done in 196ms @ http://localhost:5173/_next/static/chunks/node_modules_next_dist_1e8vcs8._.js:776
[ 3277288ms] [LOG] [Fast Refresh] done in 196ms @ http://localhost:5173/_next/static/chunks/node_modules_next_dist_1e8vcs8._.js:776
[ 3277336ms] [LOG] [Fast Refresh] done in 196ms @ http://localhost:5173/_next/static/chunks/node_modules_next_dist_1e8vcs8._.js:776
[ 3277383ms] [LOG] [Fast Refresh] done in 196ms @ http://localhost:5173/_next/static/chunks/node_modules_next_dist_1e8vcs8._.js:776
[ 3277444ms] [LOG] [Fast Refresh] done in 196ms @ http://localhost:5173/_next/static/chunks/node_modules_next_dist_1e8vcs8._.js:776
[ 3277496ms] [LOG] [Fast Refresh] done in 196ms @ http://localhost:5173/_next/static/chunks/node_modules_next_dist_1e8vcs8._.js:776
[ 3277559ms] [LOG] [Fast Refresh] done in 196ms @ http://localhost:5173/_next/static/chunks/node_modules_next_dist_1e8vcs8._.js:776
[ 3277609ms] [LOG] [Fast Refresh] done in 196ms @ http://localhost:5173/_next/static/chunks/node_modules_next_dist_1e8vcs8._.js:776
[ 3277671ms] [LOG] [Fast Refresh] done in 196ms @ http://localhost:5173/_next/static/chunks/node_modules_next_dist_1e8vcs8._.js:776
[ 3277720ms] [LOG] [Fast Refresh] done in 196ms @ http://localhost:5173/_next/static/chunks/node_modules_next_dist_1e8vcs8._.js:776
[ 3277789ms] [LOG] [Fast Refresh] done in 196ms @ http://localhost:5173/_next/static/chunks/node_modules_next_dist_1e8vcs8._.js:776
[ 3277836ms] [LOG] [Fast Refresh] done in 196ms @ http://localhost:5173/_next/static/chunks/node_modules_next_dist_1e8vcs8._.js:776
[ 3277890ms] [LOG] [Fast Refresh] done in 196ms @ http://localhost:5173/_next/static/chunks/node_modules_next_dist_1e8vcs8._.js:776
[ 3277938ms] [LOG] [Fast Refresh] done in 196ms @ http://localhost:5173/_next/static/chunks/node_modules_next_dist_1e8vcs8._.js:776
[ 3277988ms] [LOG] [Fast Refresh] done in 196ms @ http://localhost:5173/_next/static/chunks/node_modules_next_dist_1e8vcs8._.js:776
[ 3278041ms] [LOG] [Fast Refresh] done in 196ms @ http://localhost:5173/_next/static/chunks/node_modules_next_dist_1e8vcs8._.js:776
[ 3278100ms] [LOG] [Fast Refresh] done in 196ms @ http://localhost:5173/_next/static/chunks/node_modules_next_dist_1e8vcs8._.js:776
[ 3278161ms] [LOG] [Fast Refresh] done in 196ms @ http://localhost:5173/_next/static/chunks/node_modules_next_dist_1e8vcs8._.js:776
[ 3278204ms] [LOG] [Fast Refresh] done in 196ms @ http://localhost:5173/_next/static/chunks/node_modules_next_dist_1e8vcs8._.js:776
[ 3278266ms] [LOG] [Fast Refresh] done in 196ms @ http://localhost:5173/_next/static/chunks/node_modules_next_dist_1e8vcs8._.js:776
[ 3278303ms] [LOG] [Fast Refresh] done in 196ms @ http://localhost:5173/_next/static/chunks/node_modules_next_dist_1e8vcs8._.js:776
[ 3278351ms] [LOG] [Fast Refresh] done in 196ms @ http://localhost:5173/_next/static/chunks/node_modules_next_dist_1e8vcs8._.js:776
[ 3278403ms] [LOG] [Fast Refresh] done in 196ms @ http://localhost:5173/_next/static/chunks/node_modules_next_dist_1e8vcs8._.js:776
[ 3278467ms] [LOG] [Fast Refresh] done in 196ms @ http://localhost:5173/_next/static/chunks/node_modules_next_dist_1e8vcs8._.js:776
[ 3278519ms] [LOG] [Fast Refresh] done in 196ms @ http://localhost:5173/_next/static/chunks/node_modules_next_dist_1e8vcs8._.js:776
[ 3278570ms] [LOG] [Fast Refresh] done in 196ms @ http://localhost:5173/_next/static/chunks/node_modules_next_dist_1e8vcs8._.js:776
[ 3278624ms] [LOG] [Fast Refresh] done in 196ms @ http://localhost:5173/_next/static/chunks/node_modules_next_dist_1e8vcs8._.js:776
[ 3278683ms] [LOG] [Fast Refresh] done in 196ms @ http://localhost:5173/_next/static/chunks/node_modules_next_dist_1e8vcs8._.js:776
[ 3278744ms] [LOG] [Fast Refresh] done in 196ms @ http://localhost:5173/_next/static/chunks/node_modules_next_dist_1e8vcs8._.js:776
[ 3278800ms] [LOG] [Fast Refresh] done in 196ms @ http://localhost:5173/_next/static/chunks/node_modules_next_dist_1e8vcs8._.js:776
[ 3278847ms] [LOG] [Fast Refresh] done in 196ms @ http://localhost:5173/_next/static/chunks/node_modules_next_dist_1e8vcs8._.js:776
[ 3278906ms] [LOG] [Fast Refresh] done in 196ms @ http://localhost:5173/_next/static/chunks/node_modules_next_dist_1e8vcs8._.js:776
[ 3278968ms] [LOG] [Fast Refresh] done in 196ms @ http://localhost:5173/_next/static/chunks/node_modules_next_dist_1e8vcs8._.js:776
[ 3279015ms] [LOG] [Fast Refresh] done in 196ms @ http://localhost:5173/_next/static/chunks/node_modules_next_dist_1e8vcs8._.js:776
[ 3279076ms] [LOG] [Fast Refresh] done in 196ms @ http://localhost:5173/_next/static/chunks/node_modules_next_dist_1e8vcs8._.js:776
[ 3279124ms] [LOG] [Fast Refresh] done in 196ms @ http://localhost:5173/_next/static/chunks/node_modules_next_dist_1e8vcs8._.js:776
[ 3279173ms] [LOG] [Fast Refresh] done in 196ms @ http://localhost:5173/_next/static/chunks/node_modules_next_dist_1e8vcs8._.js:776
[ 3279226ms] [LOG] [Fast Refresh] done in 196ms @ http://localhost:5173/_next/static/chunks/node_modules_next_dist_1e8vcs8._.js:776
[ 3279284ms] [LOG] [Fast Refresh] done in 196ms @ http://localhost:5173/_next/static/chunks/node_modules_next_dist_1e8vcs8._.js:776
[ 3279347ms] [LOG] [Fast Refresh] done in 196ms @ http://localhost:5173/_next/static/chunks/node_modules_next_dist_1e8vcs8._.js:776
[ 3279396ms] [LOG] [Fast Refresh] done in 196ms @ http://localhost:5173/_next/static/chunks/node_modules_next_dist_1e8vcs8._.js:776
[ 3279443ms] [LOG] [Fast Refresh] done in 196ms @ http://localhost:5173/_next/static/chunks/node_modules_next_dist_1e8vcs8._.js:776
[ 3279494ms] [LOG] [Fast Refresh] done in 196ms @ http://localhost:5173/_next/static/chunks/node_modules_next_dist_1e8vcs8._.js:776
[ 3279556ms] [LOG] [Fast Refresh] done in 196ms @ http://localhost:5173/_next/static/chunks/node_modules_next_dist_1e8vcs8._.js:776
[ 3279607ms] [LOG] [Fast Refresh] done in 196ms @ http://localhost:5173/_next/static/chunks/node_modules_next_dist_1e8vcs8._.js:776
[ 3279668ms] [LOG] [Fast Refresh] done in 196ms @ http://localhost:5173/_next/static/chunks/node_modules_next_dist_1e8vcs8._.js:776
[ 3279734ms] [LOG] [Fast Refresh] done in 196ms @ http://localhost:5173/_next/static/chunks/node_modules_next_dist_1e8vcs8._.js:776
[ 3279791ms] [LOG] [Fast Refresh] done in 196ms @ http://localhost:5173/_next/static/chunks/node_modules_next_dist_1e8vcs8._.js:776
[ 3279854ms] [LOG] [Fast Refresh] done in 196ms @ http://localhost:5173/_next/static/chunks/node_modules_next_dist_1e8vcs8._.js:776
[ 3279912ms] [LOG] [Fast Refresh] done in 196ms @ http://localhost:5173/_next/static/chunks/node_modules_next_dist_1e8vcs8._.js:776
[ 3279971ms] [LOG] [Fast Refresh] done in 196ms @ http://localhost:5173/_next/static/chunks/node_modules_next_dist_1e8vcs8._.js:776
[ 3280019ms] [LOG] [Fast Refresh] done in 196ms @ http://localhost:5173/_next/static/chunks/node_modules_next_dist_1e8vcs8._.js:776
[ 3280079ms] [LOG] [Fast Refresh] done in 196ms @ http://localhost:5173/_next/static/chunks/node_modules_next_dist_1e8vcs8._.js:776
[ 3280140ms] [LOG] [Fast Refresh] done in 196ms @ http://localhost:5173/_next/static/chunks/node_modules_next_dist_1e8vcs8._.js:776
[ 3280201ms] [LOG] [Fast Refresh] done in 196ms @ http://localhost:5173/_next/static/chunks/node_modules_next_dist_1e8vcs8._.js:776
[ 3280264ms] [LOG] [Fast Refresh] done in 196ms @ http://localhost:5173/_next/static/chunks/node_modules_next_dist_1e8vcs8._.js:776
[ 3280319ms] [LOG] [Fast Refresh] done in 196ms @ http://localhost:5173/_next/static/chunks/node_modules_next_dist_1e8vcs8._.js:776
[ 3280373ms] [LOG] [Fast Refresh] done in 196ms @ http://localhost:5173/_next/static/chunks/node_modules_next_dist_1e8vcs8._.js:776
[ 3280414ms] [LOG] [Fast Refresh] done in 196ms @ http://localhost:5173/_next/static/chunks/node_modules_next_dist_1e8vcs8._.js:776
[ 3280471ms] [LOG] [Fast Refresh] done in 196ms @ http://localhost:5173/_next/static/chunks/node_modules_next_dist_1e8vcs8._.js:776
[ 3280523ms] [LOG] [Fast Refresh] done in 196ms @ http://localhost:5173/_next/static/chunks/node_modules_next_dist_1e8vcs8._.js:776
[ 3280581ms] [LOG] [Fast Refresh] done in 196ms @ http://localhost:5173/_next/static/chunks/node_modules_next_dist_1e8vcs8._.js:776
[ 3280634ms] [LOG] [Fast Refresh] done in 196ms @ http://localhost:5173/_next/static/chunks/node_modules_next_dist_1e8vcs8._.js:776
[ 3280683ms] [LOG] [Fast Refresh] done in 196ms @ http://localhost:5173/_next/static/chunks/node_modules_next_dist_1e8vcs8._.js:776
[ 3280745ms] [LOG] [Fast Refresh] done in 196ms @ http://localhost:5173/_next/static/chunks/node_modules_next_dist_1e8vcs8._.js:776
[ 3280792ms] [LOG] [Fast Refresh] done in 196ms @ http://localhost:5173/_next/static/chunks/node_modules_next_dist_1e8vcs8._.js:776
[ 3280850ms] [LOG] [Fast Refresh] done in 196ms @ http://localhost:5173/_next/static/chunks/node_modules_next_dist_1e8vcs8._.js:776
[ 3280904ms] [LOG] [Fast Refresh] done in 196ms @ http://localhost:5173/_next/static/chunks/node_modules_next_dist_1e8vcs8._.js:776
[ 3280967ms] [LOG] [Fast Refresh] done in 196ms @ http://localhost:5173/_next/static/chunks/node_modules_next_dist_1e8vcs8._.js:776
[ 3281023ms] [LOG] [Fast Refresh] done in 196ms @ http://localhost:5173/_next/static/chunks/node_modules_next_dist_1e8vcs8._.js:776
[ 3281071ms] [LOG] [Fast Refresh] done in 196ms @ http://localhost:5173/_next/static/chunks/node_modules_next_dist_1e8vcs8._.js:776
[ 3281134ms] [LOG] [Fast Refresh] done in 196ms @ http://localhost:5173/_next/static/chunks/node_modules_next_dist_1e8vcs8._.js:776
[ 3281193ms] [LOG] [Fast Refresh] done in 196ms @ http://localhost:5173/_next/static/chunks/node_modules_next_dist_1e8vcs8._.js:776
[ 3281242ms] [LOG] [Fast Refresh] done in 196ms @ http://localhost:5173/_next/static/chunks/node_modules_next_dist_1e8vcs8._.js:776
[ 3281298ms] [LOG] [Fast Refresh] done in 196ms @ http://localhost:5173/_next/static/chunks/node_modules_next_dist_1e8vcs8._.js:776
[ 3281362ms] [LOG] [Fast Refresh] done in 196ms @ http://localhost:5173/_next/static/chunks/node_modules_next_dist_1e8vcs8._.js:776
[ 3281418ms] [LOG] [Fast Refresh] done in 196ms @ http://localhost:5173/_next/static/chunks/node_modules_next_dist_1e8vcs8._.js:776
[ 3281470ms] [LOG] [Fast Refresh] done in 196ms @ http://localhost:5173/_next/static/chunks/node_modules_next_dist_1e8vcs8._.js:776
[ 3281523ms] [LOG] [Fast Refresh] done in 196ms @ http://localhost:5173/_next/static/chunks/node_modules_next_dist_1e8vcs8._.js:776
[ 3281580ms] [LOG] [Fast Refresh] done in 196ms @ http://localhost:5173/_next/static/chunks/node_modules_next_dist_1e8vcs8._.js:776
[ 3281644ms] [LOG] [Fast Refresh] done in 196ms @ http://localhost:5173/_next/static/chunks/node_modules_next_dist_1e8vcs8._.js:776
[ 3281693ms] [LOG] [Fast Refresh] done in 196ms @ http://localhost:5173/_next/static/chunks/node_modules_next_dist_1e8vcs8._.js:776
[ 3281755ms] [LOG] [Fast Refresh] done in 196ms @ http://localhost:5173/_next/static/chunks/node_modules_next_dist_1e8vcs8._.js:776
[ 3281813ms] [LOG] [Fast Refresh] done in 196ms @ http://localhost:5173/_next/static/chunks/node_modules_next_dist_1e8vcs8._.js:776
[ 3281860ms] [LOG] [Fast Refresh] done in 196ms @ http://localhost:5173/_next/static/chunks/node_modules_next_dist_1e8vcs8._.js:776
[ 3281915ms] [LOG] [Fast Refresh] done in 196ms @ http://localhost:5173/_next/static/chunks/node_modules_next_dist_1e8vcs8._.js:776
[ 3281976ms] [LOG] [Fast Refresh] done in 196ms @ http://localhost:5173/_next/static/chunks/node_modules_next_dist_1e8vcs8._.js:776
[ 3282023ms] [LOG] [Fast Refresh] done in 196ms @ http://localhost:5173/_next/static/chunks/node_modules_next_dist_1e8vcs8._.js:776
[ 3282079ms] [LOG] [Fast Refresh] done in 196ms @ http://localhost:5173/_next/static/chunks/node_modules_next_dist_1e8vcs8._.js:776
[ 3282129ms] [LOG] [Fast Refresh] done in 196ms @ http://localhost:5173/_next/static/chunks/node_modules_next_dist_1e8vcs8._.js:776
[ 3282185ms] [LOG] [Fast Refresh] done in 196ms @ http://localhost:5173/_next/static/chunks/node_modules_next_dist_1e8vcs8._.js:776
[ 3282249ms] [LOG] [Fast Refresh] done in 196ms @ http://localhost:5173/_next/static/chunks/node_modules_next_dist_1e8vcs8._.js:776
[ 3282296ms] [LOG] [Fast Refresh] done in 196ms @ http://localhost:5173/_next/static/chunks/node_modules_next_dist_1e8vcs8._.js:776
[ 3282358ms] [LOG] [Fast Refresh] done in 196ms @ http://localhost:5173/_next/static/chunks/node_modules_next_dist_1e8vcs8._.js:776
[ 3282408ms] [LOG] [Fast Refresh] done in 196ms @ http://localhost:5173/_next/static/chunks/node_modules_next_dist_1e8vcs8._.js:776
[ 3282458ms] [LOG] [Fast Refresh] done in 196ms @ http://localhost:5173/_next/static/chunks/node_modules_next_dist_1e8vcs8._.js:776
[ 3282513ms] [LOG] [Fast Refresh] done in 196ms @ http://localhost:5173/_next/static/chunks/node_modules_next_dist_1e8vcs8._.js:776
[ 3282573ms] [LOG] [Fast Refresh] done in 196ms @ http://localhost:5173/_next/static/chunks/node_modules_next_dist_1e8vcs8._.js:776
[ 3282628ms] [LOG] [Fast Refresh] done in 196ms @ http://localhost:5173/_next/static/chunks/node_modules_next_dist_1e8vcs8._.js:776
[ 3282676ms] [LOG] [Fast Refresh] done in 196ms @ http://localhost:5173/_next/static/chunks/node_modules_next_dist_1e8vcs8._.js:776
[ 3282735ms] [LOG] [Fast Refresh] done in 196ms @ http://localhost:5173/_next/static/chunks/node_modules_next_dist_1e8vcs8._.js:776
[ 3282795ms] [LOG] [Fast Refresh] done in 196ms @ http://localhost:5173/_next/static/chunks/node_modules_next_dist_1e8vcs8._.js:776
[ 3282843ms] [LOG] [Fast Refresh] done in 196ms @ http://localhost:5173/_next/static/chunks/node_modules_next_dist_1e8vcs8._.js:776
[ 3282893ms] [LOG] [Fast Refresh] done in 196ms @ http://localhost:5173/_next/static/chunks/node_modules_next_dist_1e8vcs8._.js:776
[ 3282931ms] [LOG] [Fast Refresh] done in 196ms @ http://localhost:5173/_next/static/chunks/node_modules_next_dist_1e8vcs8._.js:776
[ 3282989ms] [LOG] [Fast Refresh] done in 196ms @ http://localhost:5173/_next/static/chunks/node_modules_next_dist_1e8vcs8._.js:776
[ 3283035ms] [LOG] [Fast Refresh] done in 196ms @ http://localhost:5173/_next/static/chunks/node_modules_next_dist_1e8vcs8._.js:776
[ 3283097ms] [LOG] [Fast Refresh] done in 196ms @ http://localhost:5173/_next/static/chunks/node_modules_next_dist_1e8vcs8._.js:776
[ 3283158ms] [LOG] [Fast Refresh] done in 196ms @ http://localhost:5173/_next/static/chunks/node_modules_next_dist_1e8vcs8._.js:776
[ 3283220ms] [LOG] [Fast Refresh] done in 196ms @ http://localhost:5173/_next/static/chunks/node_modules_next_dist_1e8vcs8._.js:776
[ 3283274ms] [LOG] [Fast Refresh] done in 196ms @ http://localhost:5173/_next/static/chunks/node_modules_next_dist_1e8vcs8._.js:776
[ 3283327ms] [LOG] [Fast Refresh] done in 196ms @ http://localhost:5173/_next/static/chunks/node_modules_next_dist_1e8vcs8._.js:776
[ 3283377ms] [LOG] [Fast Refresh] done in 196ms @ http://localhost:5173/_next/static/chunks/node_modules_next_dist_1e8vcs8._.js:776
[ 3283438ms] [LOG] [Fast Refresh] done in 196ms @ http://localhost:5173/_next/static/chunks/node_modules_next_dist_1e8vcs8._.js:776
[ 3283495ms] [LOG] [Fast Refresh] done in 196ms @ http://localhost:5173/_next/static/chunks/node_modules_next_dist_1e8vcs8._.js:776
[ 3283542ms] [LOG] [Fast Refresh] done in 196ms @ http://localhost:5173/_next/static/chunks/node_modules_next_dist_1e8vcs8._.js:776
[ 3283604ms] [LOG] [Fast Refresh] done in 196ms @ http://localhost:5173/_next/static/chunks/node_modules_next_dist_1e8vcs8._.js:776
[ 3283664ms] [LOG] [Fast Refresh] done in 196ms @ http://localhost:5173/_next/static/chunks/node_modules_next_dist_1e8vcs8._.js:776
[ 3283718ms] [LOG] [Fast Refresh] done in 196ms @ http://localhost:5173/_next/static/chunks/node_modules_next_dist_1e8vcs8._.js:776
[ 3283773ms] [LOG] [Fast Refresh] done in 196ms @ http://localhost:5173/_next/static/chunks/node_modules_next_dist_1e8vcs8._.js:776
[ 3283834ms] [LOG] [Fast Refresh] done in 196ms @ http://localhost:5173/_next/static/chunks/node_modules_next_dist_1e8vcs8._.js:776
[ 3283897ms] [LOG] [Fast Refresh] done in 196ms @ http://localhost:5173/_next/static/chunks/node_modules_next_dist_1e8vcs8._.js:776
[ 3283951ms] [LOG] [Fast Refresh] done in 196ms @ http://localhost:5173/_next/static/chunks/node_modules_next_dist_1e8vcs8._.js:776
[ 3284008ms] [LOG] [Fast Refresh] done in 196ms @ http://localhost:5173/_next/static/chunks/node_modules_next_dist_1e8vcs8._.js:776
[ 3284070ms] [LOG] [Fast Refresh] done in 196ms @ http://localhost:5173/_next/static/chunks/node_modules_next_dist_1e8vcs8._.js:776
[ 3284122ms] [LOG] [Fast Refresh] done in 196ms @ http://localhost:5173/_next/static/chunks/node_modules_next_dist_1e8vcs8._.js:776
[ 3284177ms] [LOG] [Fast Refresh] done in 196ms @ http://localhost:5173/_next/static/chunks/node_modules_next_dist_1e8vcs8._.js:776
[ 3284236ms] [LOG] [Fast Refresh] done in 196ms @ http://localhost:5173/_next/static/chunks/node_modules_next_dist_1e8vcs8._.js:776
[ 3284288ms] [LOG] [Fast Refresh] done in 196ms @ http://localhost:5173/_next/static/chunks/node_modules_next_dist_1e8vcs8._.js:776
[ 3284358ms] [LOG] [Fast Refresh] done in 196ms @ http://localhost:5173/_next/static/chunks/node_modules_next_dist_1e8vcs8._.js:776
[ 3284415ms] [LOG] [Fast Refresh] done in 196ms @ http://localhost:5173/_next/static/chunks/node_modules_next_dist_1e8vcs8._.js:776
[ 3284473ms] [LOG] [Fast Refresh] done in 196ms @ http://localhost:5173/_next/static/chunks/node_modules_next_dist_1e8vcs8._.js:776
[ 3284511ms] [LOG] [Fast Refresh] done in 196ms @ http://localhost:5173/_next/static/chunks/node_modules_next_dist_1e8vcs8._.js:776
[ 3284570ms] [LOG] [Fast Refresh] done in 196ms @ http://localhost:5173/_next/static/chunks/node_modules_next_dist_1e8vcs8._.js:776
[ 3284614ms] [LOG] [Fast Refresh] done in 196ms @ http://localhost:5173/_next/static/chunks/node_modules_next_dist_1e8vcs8._.js:776
[ 3284660ms] [LOG] [Fast Refresh] done in 196ms @ http://localhost:5173/_next/static/chunks/node_modules_next_dist_1e8vcs8._.js:776
[ 3284722ms] [LOG] [Fast Refresh] done in 196ms @ http://localhost:5173/_next/static/chunks/node_modules_next_dist_1e8vcs8._.js:776
[ 3284788ms] [LOG] [Fast Refresh] done in 196ms @ http://localhost:5173/_next/static/chunks/node_modules_next_dist_1e8vcs8._.js:776
[ 3284851ms] [LOG] [Fast Refresh] done in 196ms @ http://localhost:5173/_next/static/chunks/node_modules_next_dist_1e8vcs8._.js:776
[ 3284907ms] [LOG] [Fast Refresh] done in 196ms @ http://localhost:5173/_next/static/chunks/node_modules_next_dist_1e8vcs8._.js:776
[ 3284960ms] [LOG] [Fast Refresh] done in 196ms @ http://localhost:5173/_next/static/chunks/node_modules_next_dist_1e8vcs8._.js:776
[ 3285019ms] [LOG] [Fast Refresh] done in 196ms @ http://localhost:5173/_next/static/chunks/node_modules_next_dist_1e8vcs8._.js:776
[ 3285070ms] [LOG] [Fast Refresh] done in 196ms @ http://localhost:5173/_next/static/chunks/node_modules_next_dist_1e8vcs8._.js:776
[ 3285108ms] [LOG] [Fast Refresh] done in 196ms @ http://localhost:5173/_next/static/chunks/node_modules_next_dist_1e8vcs8._.js:776
[ 3285170ms] [LOG] [Fast Refresh] done in 196ms @ http://localhost:5173/_next/static/chunks/node_modules_next_dist_1e8vcs8._.js:776
[ 3285217ms] [LOG] [Fast Refresh] done in 196ms @ http://localhost:5173/_next/static/chunks/node_modules_next_dist_1e8vcs8._.js:776
[ 3285271ms] [LOG] [Fast Refresh] done in 196ms @ http://localhost:5173/_next/static/chunks/node_modules_next_dist_1e8vcs8._.js:776
[ 3285334ms] [LOG] [Fast Refresh] done in 196ms @ http://localhost:5173/_next/static/chunks/node_modules_next_dist_1e8vcs8._.js:776
[ 3285381ms] [LOG] [Fast Refresh] done in 196ms @ http://localhost:5173/_next/static/chunks/node_modules_next_dist_1e8vcs8._.js:776
[ 3285443ms] [LOG] [Fast Refresh] done in 196ms @ http://localhost:5173/_next/static/chunks/node_modules_next_dist_1e8vcs8._.js:776
[ 3285504ms] [LOG] [Fast Refresh] done in 196ms @ http://localhost:5173/_next/static/chunks/node_modules_next_dist_1e8vcs8._.js:776
[ 3285552ms] [LOG] [Fast Refresh] done in 196ms @ http://localhost:5173/_next/static/chunks/node_modules_next_dist_1e8vcs8._.js:776
[ 3285609ms] [LOG] [Fast Refresh] done in 196ms @ http://localhost:5173/_next/static/chunks/node_modules_next_dist_1e8vcs8._.js:776
[ 3285660ms] [LOG] [Fast Refresh] done in 196ms @ http://localhost:5173/_next/static/chunks/node_modules_next_dist_1e8vcs8._.js:776
[ 3285729ms] [LOG] [Fast Refresh] done in 196ms @ http://localhost:5173/_next/static/chunks/node_modules_next_dist_1e8vcs8._.js:776
[ 3285785ms] [LOG] [Fast Refresh] done in 196ms @ http://localhost:5173/_next/static/chunks/node_modules_next_dist_1e8vcs8._.js:776
[ 3285846ms] [LOG] [Fast Refresh] done in 196ms @ http://localhost:5173/_next/static/chunks/node_modules_next_dist_1e8vcs8._.js:776
[ 3285896ms] [LOG] [Fast Refresh] done in 196ms @ http://localhost:5173/_next/static/chunks/node_modules_next_dist_1e8vcs8._.js:776
[ 3285957ms] [LOG] [Fast Refresh] done in 196ms @ http://localhost:5173/_next/static/chunks/node_modules_next_dist_1e8vcs8._.js:776
[ 3286014ms] [LOG] [Fast Refresh] done in 196ms @ http://localhost:5173/_next/static/chunks/node_modules_next_dist_1e8vcs8._.js:776
[ 3286076ms] [LOG] [Fast Refresh] done in 196ms @ http://localhost:5173/_next/static/chunks/node_modules_next_dist_1e8vcs8._.js:776
[ 3286117ms] [LOG] [Fast Refresh] done in 196ms @ http://localhost:5173/_next/static/chunks/node_modules_next_dist_1e8vcs8._.js:776
[ 3286172ms] [LOG] [Fast Refresh] done in 196ms @ http://localhost:5173/_next/static/chunks/node_modules_next_dist_1e8vcs8._.js:776
[ 3286234ms] [LOG] [Fast Refresh] done in 196ms @ http://localhost:5173/_next/static/chunks/node_modules_next_dist_1e8vcs8._.js:776
[ 3286293ms] [LOG] [Fast Refresh] done in 196ms @ http://localhost:5173/_next/static/chunks/node_modules_next_dist_1e8vcs8._.js:776
[ 3286356ms] [LOG] [Fast Refresh] done in 196ms @ http://localhost:5173/_next/static/chunks/node_modules_next_dist_1e8vcs8._.js:776
[ 3286404ms] [LOG] [Fast Refresh] done in 196ms @ http://localhost:5173/_next/static/chunks/node_modules_next_dist_1e8vcs8._.js:776
[ 3286467ms] [LOG] [Fast Refresh] done in 196ms @ http://localhost:5173/_next/static/chunks/node_modules_next_dist_1e8vcs8._.js:776
[ 3286525ms] [LOG] [Fast Refresh] done in 196ms @ http://localhost:5173/_next/static/chunks/node_modules_next_dist_1e8vcs8._.js:776
[ 3286572ms] [LOG] [Fast Refresh] done in 196ms @ http://localhost:5173/_next/static/chunks/node_modules_next_dist_1e8vcs8._.js:776
[ 3286621ms] [LOG] [Fast Refresh] done in 196ms @ http://localhost:5173/_next/static/chunks/node_modules_next_dist_1e8vcs8._.js:776
[ 3286672ms] [LOG] [Fast Refresh] done in 196ms @ http://localhost:5173/_next/static/chunks/node_modules_next_dist_1e8vcs8._.js:776
[ 3286719ms] [LOG] [Fast Refresh] done in 196ms @ http://localhost:5173/_next/static/chunks/node_modules_next_dist_1e8vcs8._.js:776
[ 3286777ms] [LOG] [Fast Refresh] done in 196ms @ http://localhost:5173/_next/static/chunks/node_modules_next_dist_1e8vcs8._.js:776
[ 3286825ms] [LOG] [Fast Refresh] done in 196ms @ http://localhost:5173/_next/static/chunks/node_modules_next_dist_1e8vcs8._.js:776
[ 3286874ms] [LOG] [Fast Refresh] done in 196ms @ http://localhost:5173/_next/static/chunks/node_modules_next_dist_1e8vcs8._.js:776
[ 3286913ms] [LOG] [Fast Refresh] done in 196ms @ http://localhost:5173/_next/static/chunks/node_modules_next_dist_1e8vcs8._.js:776
[ 3286970ms] [LOG] [Fast Refresh] done in 196ms @ http://localhost:5173/_next/static/chunks/node_modules_next_dist_1e8vcs8._.js:776
[ 3287026ms] [LOG] [Fast Refresh] done in 196ms @ http://localhost:5173/_next/static/chunks/node_modules_next_dist_1e8vcs8._.js:776
[ 3287073ms] [LOG] [Fast Refresh] done in 196ms @ http://localhost:5173/_next/static/chunks/node_modules_next_dist_1e8vcs8._.js:776
[ 3287128ms] [LOG] [Fast Refresh] done in 196ms @ http://localhost:5173/_next/static/chunks/node_modules_next_dist_1e8vcs8._.js:776
[ 3287185ms] [LOG] [Fast Refresh] done in 196ms @ http://localhost:5173/_next/static/chunks/node_modules_next_dist_1e8vcs8._.js:776
[ 3287247ms] [LOG] [Fast Refresh] done in 196ms @ http://localhost:5173/_next/static/chunks/node_modules_next_dist_1e8vcs8._.js:776
[ 3287308ms] [LOG] [Fast Refresh] done in 196ms @ http://localhost:5173/_next/static/chunks/node_modules_next_dist_1e8vcs8._.js:776
[ 3287371ms] [LOG] [Fast Refresh] done in 196ms @ http://localhost:5173/_next/static/chunks/node_modules_next_dist_1e8vcs8._.js:776
[ 3287414ms] [LOG] [Fast Refresh] done in 196ms @ http://localhost:5173/_next/static/chunks/node_modules_next_dist_1e8vcs8._.js:776
[ 3287477ms] [LOG] [Fast Refresh] done in 196ms @ http://localhost:5173/_next/static/chunks/node_modules_next_dist_1e8vcs8._.js:776
[ 3287540ms] [LOG] [Fast Refresh] done in 196ms @ http://localhost:5173/_next/static/chunks/node_modules_next_dist_1e8vcs8._.js:776
[ 3287588ms] [LOG] [Fast Refresh] done in 196ms @ http://localhost:5173/_next/static/chunks/node_modules_next_dist_1e8vcs8._.js:776
[ 3287636ms] [LOG] [Fast Refresh] done in 196ms @ http://localhost:5173/_next/static/chunks/node_modules_next_dist_1e8vcs8._.js:776
[ 3287694ms] [LOG] [Fast Refresh] done in 196ms @ http://localhost:5173/_next/static/chunks/node_modules_next_dist_1e8vcs8._.js:776
[ 3287758ms] [LOG] [Fast Refresh] done in 196ms @ http://localhost:5173/_next/static/chunks/node_modules_next_dist_1e8vcs8._.js:776
[ 3287813ms] [LOG] [Fast Refresh] done in 196ms @ http://localhost:5173/_next/static/chunks/node_modules_next_dist_1e8vcs8._.js:776
[ 3287861ms] [LOG] [Fast Refresh] done in 196ms @ http://localhost:5173/_next/static/chunks/node_modules_next_dist_1e8vcs8._.js:776
[ 3287904ms] [LOG] [Fast Refresh] done in 196ms @ http://localhost:5173/_next/static/chunks/node_modules_next_dist_1e8vcs8._.js:776
[ 3287958ms] [LOG] [Fast Refresh] done in 196ms @ http://localhost:5173/_next/static/chunks/node_modules_next_dist_1e8vcs8._.js:776
[ 3288015ms] [LOG] [Fast Refresh] done in 196ms @ http://localhost:5173/_next/static/chunks/node_modules_next_dist_1e8vcs8._.js:776
[ 3288074ms] [LOG] [Fast Refresh] done in 196ms @ http://localhost:5173/_next/static/chunks/node_modules_next_dist_1e8vcs8._.js:776
[ 3288122ms] [LOG] [Fast Refresh] done in 196ms @ http://localhost:5173/_next/static/chunks/node_modules_next_dist_1e8vcs8._.js:776
[ 3288167ms] [LOG] [Fast Refresh] done in 196ms @ http://localhost:5173/_next/static/chunks/node_modules_next_dist_1e8vcs8._.js:776
[ 3288224ms] [LOG] [Fast Refresh] done in 196ms @ http://localhost:5173/_next/static/chunks/node_modules_next_dist_1e8vcs8._.js:776
[ 3288270ms] [LOG] [Fast Refresh] done in 196ms @ http://localhost:5173/_next/static/chunks/node_modules_next_dist_1e8vcs8._.js:776
[ 3288314ms] [LOG] [Fast Refresh] done in 196ms @ http://localhost:5173/_next/static/chunks/node_modules_next_dist_1e8vcs8._.js:776
[ 3288372ms] [LOG] [Fast Refresh] done in 196ms @ http://localhost:5173/_next/static/chunks/node_modules_next_dist_1e8vcs8._.js:776
[ 3288434ms] [LOG] [Fast Refresh] done in 196ms @ http://localhost:5173/_next/static/chunks/node_modules_next_dist_1e8vcs8._.js:776
[ 3288492ms] [LOG] [Fast Refresh] done in 196ms @ http://localhost:5173/_next/static/chunks/node_modules_next_dist_1e8vcs8._.js:776
[ 3288553ms] [LOG] [Fast Refresh] done in 196ms @ http://localhost:5173/_next/static/chunks/node_modules_next_dist_1e8vcs8._.js:776
[ 3288603ms] [LOG] [Fast Refresh] done in 196ms @ http://localhost:5173/_next/static/chunks/node_modules_next_dist_1e8vcs8._.js:776
[ 3288665ms] [LOG] [Fast Refresh] done in 196ms @ http://localhost:5173/_next/static/chunks/node_modules_next_dist_1e8vcs8._.js:776
[ 3288705ms] [LOG] [Fast Refresh] done in 196ms @ http://localhost:5173/_next/static/chunks/node_modules_next_dist_1e8vcs8._.js:776
[ 3288752ms] [LOG] [Fast Refresh] done in 196ms @ http://localhost:5173/_next/static/chunks/node_modules_next_dist_1e8vcs8._.js:776
[ 3288802ms] [LOG] [Fast Refresh] done in 196ms @ http://localhost:5173/_next/static/chunks/node_modules_next_dist_1e8vcs8._.js:776
[ 3288864ms] [LOG] [Fast Refresh] done in 196ms @ http://localhost:5173/_next/static/chunks/node_modules_next_dist_1e8vcs8._.js:776
[ 3288929ms] [LOG] [Fast Refresh] done in 196ms @ http://localhost:5173/_next/static/chunks/node_modules_next_dist_1e8vcs8._.js:776
[ 3288990ms] [LOG] [Fast Refresh] done in 196ms @ http://localhost:5173/_next/static/chunks/node_modules_next_dist_1e8vcs8._.js:776
[ 3289044ms] [LOG] [Fast Refresh] done in 196ms @ http://localhost:5173/_next/static/chunks/node_modules_next_dist_1e8vcs8._.js:776
[ 3289095ms] [LOG] [Fast Refresh] done in 196ms @ http://localhost:5173/_next/static/chunks/node_modules_next_dist_1e8vcs8._.js:776
[ 3289153ms] [LOG] [Fast Refresh] done in 196ms @ http://localhost:5173/_next/static/chunks/node_modules_next_dist_1e8vcs8._.js:776
[ 3289205ms] [LOG] [Fast Refresh] done in 196ms @ http://localhost:5173/_next/static/chunks/node_modules_next_dist_1e8vcs8._.js:776
[ 3289262ms] [LOG] [Fast Refresh] done in 196ms @ http://localhost:5173/_next/static/chunks/node_modules_next_dist_1e8vcs8._.js:776
[ 3289307ms] [LOG] [Fast Refresh] done in 196ms @ http://localhost:5173/_next/static/chunks/node_modules_next_dist_1e8vcs8._.js:776
[ 3289369ms] [LOG] [Fast Refresh] done in 196ms @ http://localhost:5173/_next/static/chunks/node_modules_next_dist_1e8vcs8._.js:776
[ 3289425ms] [LOG] [Fast Refresh] done in 196ms @ http://localhost:5173/_next/static/chunks/node_modules_next_dist_1e8vcs8._.js:776
[ 3289482ms] [LOG] [Fast Refresh] done in 196ms @ http://localhost:5173/_next/static/chunks/node_modules_next_dist_1e8vcs8._.js:776
[ 3289531ms] [LOG] [Fast Refresh] done in 196ms @ http://localhost:5173/_next/static/chunks/node_modules_next_dist_1e8vcs8._.js:776
[ 3289588ms] [LOG] [Fast Refresh] done in 196ms @ http://localhost:5173/_next/static/chunks/node_modules_next_dist_1e8vcs8._.js:776
[ 3289646ms] [LOG] [Fast Refresh] done in 196ms @ http://localhost:5173/_next/static/chunks/node_modules_next_dist_1e8vcs8._.js:776
[ 3289707ms] [LOG] [Fast Refresh] done in 196ms @ http://localhost:5173/_next/static/chunks/node_modules_next_dist_1e8vcs8._.js:776
[ 3289768ms] [LOG] [Fast Refresh] done in 196ms @ http://localhost:5173/_next/static/chunks/node_modules_next_dist_1e8vcs8._.js:776
[ 3289830ms] [LOG] [Fast Refresh] done in 196ms @ http://localhost:5173/_next/static/chunks/node_modules_next_dist_1e8vcs8._.js:776
[ 3289877ms] [LOG] [Fast Refresh] done in 196ms @ http://localhost:5173/_next/static/chunks/node_modules_next_dist_1e8vcs8._.js:776
[ 3289939ms] [LOG] [Fast Refresh] done in 196ms @ http://localhost:5173/_next/static/chunks/node_modules_next_dist_1e8vcs8._.js:776
[ 3289981ms] [LOG] [Fast Refresh] done in 196ms @ http://localhost:5173/_next/static/chunks/node_modules_next_dist_1e8vcs8._.js:776
[ 3290044ms] [LOG] [Fast Refresh] done in 196ms @ http://localhost:5173/_next/static/chunks/node_modules_next_dist_1e8vcs8._.js:776
[ 3290104ms] [LOG] [Fast Refresh] done in 196ms @ http://localhost:5173/_next/static/chunks/node_modules_next_dist_1e8vcs8._.js:776
[ 3290165ms] [LOG] [Fast Refresh] done in 196ms @ http://localhost:5173/_next/static/chunks/node_modules_next_dist_1e8vcs8._.js:776
[ 3290228ms] [LOG] [Fast Refresh] done in 196ms @ http://localhost:5173/_next/static/chunks/node_modules_next_dist_1e8vcs8._.js:776
[ 3290290ms] [LOG] [Fast Refresh] done in 196ms @ http://localhost:5173/_next/static/chunks/node_modules_next_dist_1e8vcs8._.js:776
[ 3290352ms] [LOG] [Fast Refresh] done in 196ms @ http://localhost:5173/_next/static/chunks/node_modules_next_dist_1e8vcs8._.js:776
[ 3290412ms] [LOG] [Fast Refresh] done in 196ms @ http://localhost:5173/_next/static/chunks/node_modules_next_dist_1e8vcs8._.js:776
[ 3290474ms] [LOG] [Fast Refresh] done in 196ms @ http://localhost:5173/_next/static/chunks/node_modules_next_dist_1e8vcs8._.js:776
[ 3290529ms] [LOG] [Fast Refresh] done in 196ms @ http://localhost:5173/_next/static/chunks/node_modules_next_dist_1e8vcs8._.js:776
[ 3290591ms] [LOG] [Fast Refresh] done in 196ms @ http://localhost:5173/_next/static/chunks/node_modules_next_dist_1e8vcs8._.js:776
[ 3290654ms] [LOG] [Fast Refresh] done in 196ms @ http://localhost:5173/_next/static/chunks/node_modules_next_dist_1e8vcs8._.js:776
[ 3290706ms] [LOG] [Fast Refresh] done in 196ms @ http://localhost:5173/_next/static/chunks/node_modules_next_dist_1e8vcs8._.js:776
[ 3290768ms] [LOG] [Fast Refresh] done in 196ms @ http://localhost:5173/_next/static/chunks/node_modules_next_dist_1e8vcs8._.js:776
[ 3290832ms] [LOG] [Fast Refresh] done in 196ms @ http://localhost:5173/_next/static/chunks/node_modules_next_dist_1e8vcs8._.js:776
[ 3290892ms] [LOG] [Fast Refresh] done in 196ms @ http://localhost:5173/_next/static/chunks/node_modules_next_dist_1e8vcs8._.js:776
[ 3290953ms] [LOG] [Fast Refresh] done in 196ms @ http://localhost:5173/_next/static/chunks/node_modules_next_dist_1e8vcs8._.js:776
[ 3291004ms] [LOG] [Fast Refresh] done in 196ms @ http://localhost:5173/_next/static/chunks/node_modules_next_dist_1e8vcs8._.js:776
[ 3291064ms] [LOG] [Fast Refresh] done in 196ms @ http://localhost:5173/_next/static/chunks/node_modules_next_dist_1e8vcs8._.js:776
[ 3291109ms] [LOG] [Fast Refresh] done in 196ms @ http://localhost:5173/_next/static/chunks/node_modules_next_dist_1e8vcs8._.js:776
[ 3291171ms] [LOG] [Fast Refresh] done in 196ms @ http://localhost:5173/_next/static/chunks/node_modules_next_dist_1e8vcs8._.js:776
[ 3291226ms] [LOG] [Fast Refresh] done in 196ms @ http://localhost:5173/_next/static/chunks/node_modules_next_dist_1e8vcs8._.js:776
[ 3291285ms] [LOG] [Fast Refresh] done in 196ms @ http://localhost:5173/_next/static/chunks/node_modules_next_dist_1e8vcs8._.js:776
[ 3291334ms] [LOG] [Fast Refresh] done in 196ms @ http://localhost:5173/_next/static/chunks/node_modules_next_dist_1e8vcs8._.js:776
[ 3291390ms] [LOG] [Fast Refresh] done in 196ms @ http://localhost:5173/_next/static/chunks/node_modules_next_dist_1e8vcs8._.js:776
[ 3291453ms] [LOG] [Fast Refresh] done in 196ms @ http://localhost:5173/_next/static/chunks/node_modules_next_dist_1e8vcs8._.js:776
[ 3291510ms] [LOG] [Fast Refresh] done in 196ms @ http://localhost:5173/_next/static/chunks/node_modules_next_dist_1e8vcs8._.js:776
[ 3291558ms] [LOG] [Fast Refresh] done in 196ms @ http://localhost:5173/_next/static/chunks/node_modules_next_dist_1e8vcs8._.js:776
[ 3291612ms] [LOG] [Fast Refresh] done in 196ms @ http://localhost:5173/_next/static/chunks/node_modules_next_dist_1e8vcs8._.js:776
[ 3291674ms] [LOG] [Fast Refresh] done in 196ms @ http://localhost:5173/_next/static/chunks/node_modules_next_dist_1e8vcs8._.js:776
[ 3291727ms] [LOG] [Fast Refresh] done in 196ms @ http://localhost:5173/_next/static/chunks/node_modules_next_dist_1e8vcs8._.js:776
[ 3291789ms] [LOG] [Fast Refresh] done in 196ms @ http://localhost:5173/_next/static/chunks/node_modules_next_dist_1e8vcs8._.js:776
[ 3291846ms] [LOG] [Fast Refresh] done in 196ms @ http://localhost:5173/_next/static/chunks/node_modules_next_dist_1e8vcs8._.js:776
[ 3291907ms] [LOG] [Fast Refresh] done in 196ms @ http://localhost:5173/_next/static/chunks/node_modules_next_dist_1e8vcs8._.js:776
[ 3291969ms] [LOG] [Fast Refresh] done in 196ms @ http://localhost:5173/_next/static/chunks/node_modules_next_dist_1e8vcs8._.js:776
[ 3292032ms] [LOG] [Fast Refresh] done in 196ms @ http://localhost:5173/_next/static/chunks/node_modules_next_dist_1e8vcs8._.js:776
[ 3292093ms] [LOG] [Fast Refresh] done in 196ms @ http://localhost:5173/_next/static/chunks/node_modules_next_dist_1e8vcs8._.js:776
[ 3292155ms] [LOG] [Fast Refresh] done in 196ms @ http://localhost:5173/_next/static/chunks/node_modules_next_dist_1e8vcs8._.js:776
[ 3292202ms] [LOG] [Fast Refresh] done in 196ms @ http://localhost:5173/_next/static/chunks/node_modules_next_dist_1e8vcs8._.js:776
[ 3292253ms] [LOG] [Fast Refresh] done in 196ms @ http://localhost:5173/_next/static/chunks/node_modules_next_dist_1e8vcs8._.js:776
[ 3292309ms] [LOG] [Fast Refresh] done in 196ms @ http://localhost:5173/_next/static/chunks/node_modules_next_dist_1e8vcs8._.js:776
[ 3292371ms] [LOG] [Fast Refresh] done in 196ms @ http://localhost:5173/_next/static/chunks/node_modules_next_dist_1e8vcs8._.js:776
[ 3292412ms] [LOG] [Fast Refresh] done in 196ms @ http://localhost:5173/_next/static/chunks/node_modules_next_dist_1e8vcs8._.js:776
[ 3292459ms] [LOG] [Fast Refresh] done in 196ms @ http://localhost:5173/_next/static/chunks/node_modules_next_dist_1e8vcs8._.js:776
[ 3292500ms] [LOG] [Fast Refresh] done in 196ms @ http://localhost:5173/_next/static/chunks/node_modules_next_dist_1e8vcs8._.js:776
[ 3292550ms] [LOG] [Fast Refresh] done in 196ms @ http://localhost:5173/_next/static/chunks/node_modules_next_dist_1e8vcs8._.js:776
[ 3292607ms] [LOG] [Fast Refresh] done in 196ms @ http://localhost:5173/_next/static/chunks/node_modules_next_dist_1e8vcs8._.js:776
[ 3292670ms] [LOG] [Fast Refresh] done in 196ms @ http://localhost:5173/_next/static/chunks/node_modules_next_dist_1e8vcs8._.js:776
[ 3292712ms] [LOG] [Fast Refresh] done in 196ms @ http://localhost:5173/_next/static/chunks/node_modules_next_dist_1e8vcs8._.js:776
[ 3292770ms] [LOG] [Fast Refresh] done in 196ms @ http://localhost:5173/_next/static/chunks/node_modules_next_dist_1e8vcs8._.js:776
[ 3292821ms] [LOG] [Fast Refresh] done in 196ms @ http://localhost:5173/_next/static/chunks/node_modules_next_dist_1e8vcs8._.js:776
[ 3292874ms] [LOG] [Fast Refresh] done in 196ms @ http://localhost:5173/_next/static/chunks/node_modules_next_dist_1e8vcs8._.js:776
[ 3292934ms] [LOG] [Fast Refresh] done in 196ms @ http://localhost:5173/_next/static/chunks/node_modules_next_dist_1e8vcs8._.js:776
[ 3292988ms] [LOG] [Fast Refresh] done in 196ms @ http://localhost:5173/_next/static/chunks/node_modules_next_dist_1e8vcs8._.js:776
[ 3293050ms] [LOG] [Fast Refresh] done in 196ms @ http://localhost:5173/_next/static/chunks/node_modules_next_dist_1e8vcs8._.js:776
[ 3293097ms] [LOG] [Fast Refresh] done in 196ms @ http://localhost:5173/_next/static/chunks/node_modules_next_dist_1e8vcs8._.js:776
[ 3293144ms] [LOG] [Fast Refresh] done in 196ms @ http://localhost:5173/_next/static/chunks/node_modules_next_dist_1e8vcs8._.js:776
[ 3293204ms] [LOG] [Fast Refresh] done in 196ms @ http://localhost:5173/_next/static/chunks/node_modules_next_dist_1e8vcs8._.js:776
[ 3293258ms] [LOG] [Fast Refresh] done in 196ms @ http://localhost:5173/_next/static/chunks/node_modules_next_dist_1e8vcs8._.js:776
[ 3293308ms] [LOG] [Fast Refresh] done in 196ms @ http://localhost:5173/_next/static/chunks/node_modules_next_dist_1e8vcs8._.js:776
[ 3293370ms] [LOG] [Fast Refresh] done in 196ms @ http://localhost:5173/_next/static/chunks/node_modules_next_dist_1e8vcs8._.js:776
[ 3293428ms] [LOG] [Fast Refresh] done in 196ms @ http://localhost:5173/_next/static/chunks/node_modules_next_dist_1e8vcs8._.js:776
[ 3293489ms] [LOG] [Fast Refresh] done in 196ms @ http://localhost:5173/_next/static/chunks/node_modules_next_dist_1e8vcs8._.js:776
[ 3293550ms] [LOG] [Fast Refresh] done in 196ms @ http://localhost:5173/_next/static/chunks/node_modules_next_dist_1e8vcs8._.js:776
[ 3293605ms] [LOG] [Fast Refresh] done in 196ms @ http://localhost:5173/_next/static/chunks/node_modules_next_dist_1e8vcs8._.js:776
[ 3293654ms] [LOG] [Fast Refresh] done in 196ms @ http://localhost:5173/_next/static/chunks/node_modules_next_dist_1e8vcs8._.js:776
[ 3293704ms] [LOG] [Fast Refresh] done in 196ms @ http://localhost:5173/_next/static/chunks/node_modules_next_dist_1e8vcs8._.js:776
[ 3293766ms] [LOG] [Fast Refresh] done in 196ms @ http://localhost:5173/_next/static/chunks/node_modules_next_dist_1e8vcs8._.js:776
[ 3293821ms] [LOG] [Fast Refresh] done in 196ms @ http://localhost:5173/_next/static/chunks/node_modules_next_dist_1e8vcs8._.js:776
[ 3293888ms] [LOG] [Fast Refresh] done in 196ms @ http://localhost:5173/_next/static/chunks/node_modules_next_dist_1e8vcs8._.js:776
[ 3293936ms] [LOG] [Fast Refresh] done in 196ms @ http://localhost:5173/_next/static/chunks/node_modules_next_dist_1e8vcs8._.js:776
[ 3293984ms] [LOG] [Fast Refresh] done in 196ms @ http://localhost:5173/_next/static/chunks/node_modules_next_dist_1e8vcs8._.js:776
[ 3294032ms] [LOG] [Fast Refresh] done in 196ms @ http://localhost:5173/_next/static/chunks/node_modules_next_dist_1e8vcs8._.js:776
[ 3294095ms] [LOG] [Fast Refresh] done in 196ms @ http://localhost:5173/_next/static/chunks/node_modules_next_dist_1e8vcs8._.js:776
[ 3294142ms] [LOG] [Fast Refresh] done in 196ms @ http://localhost:5173/_next/static/chunks/node_modules_next_dist_1e8vcs8._.js:776
[ 3294194ms] [LOG] [Fast Refresh] done in 196ms @ http://localhost:5173/_next/static/chunks/node_modules_next_dist_1e8vcs8._.js:776
[ 3294241ms] [LOG] [Fast Refresh] done in 196ms @ http://localhost:5173/_next/static/chunks/node_modules_next_dist_1e8vcs8._.js:776
[ 3294291ms] [LOG] [Fast Refresh] done in 196ms @ http://localhost:5173/_next/static/chunks/node_modules_next_dist_1e8vcs8._.js:776
[ 3294348ms] [LOG] [Fast Refresh] done in 196ms @ http://localhost:5173/_next/static/chunks/node_modules_next_dist_1e8vcs8._.js:776
[ 3294400ms] [LOG] [Fast Refresh] done in 196ms @ http://localhost:5173/_next/static/chunks/node_modules_next_dist_1e8vcs8._.js:776
[ 3294463ms] [LOG] [Fast Refresh] done in 196ms @ http://localhost:5173/_next/static/chunks/node_modules_next_dist_1e8vcs8._.js:776
[ 3294524ms] [LOG] [Fast Refresh] done in 196ms @ http://localhost:5173/_next/static/chunks/node_modules_next_dist_1e8vcs8._.js:776
[ 3294574ms] [LOG] [Fast Refresh] done in 196ms @ http://localhost:5173/_next/static/chunks/node_modules_next_dist_1e8vcs8._.js:776
[ 3294619ms] [LOG] [Fast Refresh] done in 196ms @ http://localhost:5173/_next/static/chunks/node_modules_next_dist_1e8vcs8._.js:776
[ 3294680ms] [LOG] [Fast Refresh] done in 196ms @ http://localhost:5173/_next/static/chunks/node_modules_next_dist_1e8vcs8._.js:776
[ 3294740ms] [LOG] [Fast Refresh] done in 196ms @ http://localhost:5173/_next/static/chunks/node_modules_next_dist_1e8vcs8._.js:776
[ 3294790ms] [LOG] [Fast Refresh] done in 196ms @ http://localhost:5173/_next/static/chunks/node_modules_next_dist_1e8vcs8._.js:776
[ 3294838ms] [LOG] [Fast Refresh] done in 196ms @ http://localhost:5173/_next/static/chunks/node_modules_next_dist_1e8vcs8._.js:776
[ 3294898ms] [LOG] [Fast Refresh] done in 196ms @ http://localhost:5173/_next/static/chunks/node_modules_next_dist_1e8vcs8._.js:776
[ 3294959ms] [LOG] [Fast Refresh] done in 196ms @ http://localhost:5173/_next/static/chunks/node_modules_next_dist_1e8vcs8._.js:776
[ 3295023ms] [LOG] [Fast Refresh] done in 196ms @ http://localhost:5173/_next/static/chunks/node_modules_next_dist_1e8vcs8._.js:776
[ 3295080ms] [LOG] [Fast Refresh] done in 196ms @ http://localhost:5173/_next/static/chunks/node_modules_next_dist_1e8vcs8._.js:776
[ 3295138ms] [LOG] [Fast Refresh] done in 196ms @ http://localhost:5173/_next/static/chunks/node_modules_next_dist_1e8vcs8._.js:776
[ 3295193ms] [LOG] [Fast Refresh] done in 196ms @ http://localhost:5173/_next/static/chunks/node_modules_next_dist_1e8vcs8._.js:776
[ 3295241ms] [LOG] [Fast Refresh] done in 196ms @ http://localhost:5173/_next/static/chunks/node_modules_next_dist_1e8vcs8._.js:776
[ 3295295ms] [LOG] [Fast Refresh] done in 196ms @ http://localhost:5173/_next/static/chunks/node_modules_next_dist_1e8vcs8._.js:776
[ 3295356ms] [LOG] [Fast Refresh] done in 196ms @ http://localhost:5173/_next/static/chunks/node_modules_next_dist_1e8vcs8._.js:776
[ 3295406ms] [LOG] [Fast Refresh] done in 196ms @ http://localhost:5173/_next/static/chunks/node_modules_next_dist_1e8vcs8._.js:776
[ 3295469ms] [LOG] [Fast Refresh] done in 196ms @ http://localhost:5173/_next/static/chunks/node_modules_next_dist_1e8vcs8._.js:776
[ 3295513ms] [LOG] [Fast Refresh] done in 196ms @ http://localhost:5173/_next/static/chunks/node_modules_next_dist_1e8vcs8._.js:776
[ 3295575ms] [LOG] [Fast Refresh] done in 196ms @ http://localhost:5173/_next/static/chunks/node_modules_next_dist_1e8vcs8._.js:776
[ 3295636ms] [LOG] [Fast Refresh] done in 196ms @ http://localhost:5173/_next/static/chunks/node_modules_next_dist_1e8vcs8._.js:776
[ 3295693ms] [LOG] [Fast Refresh] done in 196ms @ http://localhost:5173/_next/static/chunks/node_modules_next_dist_1e8vcs8._.js:776
[ 3295755ms] [LOG] [Fast Refresh] done in 196ms @ http://localhost:5173/_next/static/chunks/node_modules_next_dist_1e8vcs8._.js:776
[ 3295804ms] [LOG] [Fast Refresh] done in 196ms @ http://localhost:5173/_next/static/chunks/node_modules_next_dist_1e8vcs8._.js:776
[ 3295851ms] [LOG] [Fast Refresh] done in 196ms @ http://localhost:5173/_next/static/chunks/node_modules_next_dist_1e8vcs8._.js:776
[ 3295904ms] [LOG] [Fast Refresh] done in 196ms @ http://localhost:5173/_next/static/chunks/node_modules_next_dist_1e8vcs8._.js:776
[ 3295966ms] [LOG] [Fast Refresh] done in 196ms @ http://localhost:5173/_next/static/chunks/node_modules_next_dist_1e8vcs8._.js:776
[ 3296018ms] [LOG] [Fast Refresh] done in 196ms @ http://localhost:5173/_next/static/chunks/node_modules_next_dist_1e8vcs8._.js:776
[ 3296072ms] [LOG] [Fast Refresh] done in 196ms @ http://localhost:5173/_next/static/chunks/node_modules_next_dist_1e8vcs8._.js:776
[ 3296134ms] [LOG] [Fast Refresh] done in 196ms @ http://localhost:5173/_next/static/chunks/node_modules_next_dist_1e8vcs8._.js:776
[ 3296176ms] [LOG] [Fast Refresh] done in 196ms @ http://localhost:5173/_next/static/chunks/node_modules_next_dist_1e8vcs8._.js:776
[ 3296224ms] [LOG] [Fast Refresh] done in 196ms @ http://localhost:5173/_next/static/chunks/node_modules_next_dist_1e8vcs8._.js:776
[ 3296274ms] [LOG] [Fast Refresh] done in 196ms @ http://localhost:5173/_next/static/chunks/node_modules_next_dist_1e8vcs8._.js:776
[ 3296312ms] [LOG] [Fast Refresh] done in 196ms @ http://localhost:5173/_next/static/chunks/node_modules_next_dist_1e8vcs8._.js:776
[ 3296368ms] [LOG] [Fast Refresh] done in 196ms @ http://localhost:5173/_next/static/chunks/node_modules_next_dist_1e8vcs8._.js:776
[ 3296423ms] [LOG] [Fast Refresh] done in 196ms @ http://localhost:5173/_next/static/chunks/node_modules_next_dist_1e8vcs8._.js:776
[ 3296475ms] [LOG] [Fast Refresh] done in 196ms @ http://localhost:5173/_next/static/chunks/node_modules_next_dist_1e8vcs8._.js:776
[ 3296518ms] [LOG] [Fast Refresh] done in 196ms @ http://localhost:5173/_next/static/chunks/node_modules_next_dist_1e8vcs8._.js:776
[ 3296568ms] [LOG] [Fast Refresh] done in 196ms @ http://localhost:5173/_next/static/chunks/node_modules_next_dist_1e8vcs8._.js:776
[ 3296623ms] [LOG] [Fast Refresh] done in 196ms @ http://localhost:5173/_next/static/chunks/node_modules_next_dist_1e8vcs8._.js:776
[ 3296683ms] [LOG] [Fast Refresh] done in 196ms @ http://localhost:5173/_next/static/chunks/node_modules_next_dist_1e8vcs8._.js:776
[ 3296732ms] [LOG] [Fast Refresh] done in 196ms @ http://localhost:5173/_next/static/chunks/node_modules_next_dist_1e8vcs8._.js:776
[ 3296794ms] [LOG] [Fast Refresh] done in 196ms @ http://localhost:5173/_next/static/chunks/node_modules_next_dist_1e8vcs8._.js:776
[ 3296841ms] [LOG] [Fast Refresh] done in 196ms @ http://localhost:5173/_next/static/chunks/node_modules_next_dist_1e8vcs8._.js:776
[ 3296899ms] [LOG] [Fast Refresh] done in 196ms @ http://localhost:5173/_next/static/chunks/node_modules_next_dist_1e8vcs8._.js:776
[ 3296961ms] [LOG] [Fast Refresh] done in 196ms @ http://localhost:5173/_next/static/chunks/node_modules_next_dist_1e8vcs8._.js:776
[ 3297019ms] [LOG] [Fast Refresh] done in 196ms @ http://localhost:5173/_next/static/chunks/node_modules_next_dist_1e8vcs8._.js:776
[ 3297072ms] [LOG] [Fast Refresh] done in 196ms @ http://localhost:5173/_next/static/chunks/node_modules_next_dist_1e8vcs8._.js:776
[ 3297134ms] [LOG] [Fast Refresh] done in 196ms @ http://localhost:5173/_next/static/chunks/node_modules_next_dist_1e8vcs8._.js:776
[ 3297191ms] [LOG] [Fast Refresh] done in 196ms @ http://localhost:5173/_next/static/chunks/node_modules_next_dist_1e8vcs8._.js:776
[ 3297238ms] [LOG] [Fast Refresh] done in 196ms @ http://localhost:5173/_next/static/chunks/node_modules_next_dist_1e8vcs8._.js:776
[ 3297300ms] [LOG] [Fast Refresh] done in 196ms @ http://localhost:5173/_next/static/chunks/node_modules_next_dist_1e8vcs8._.js:776
[ 3297351ms] [LOG] [Fast Refresh] done in 196ms @ http://localhost:5173/_next/static/chunks/node_modules_next_dist_1e8vcs8._.js:776
[ 3297392ms] [LOG] [Fast Refresh] done in 196ms @ http://localhost:5173/_next/static/chunks/node_modules_next_dist_1e8vcs8._.js:776
[ 3297442ms] [LOG] [Fast Refresh] done in 196ms @ http://localhost:5173/_next/static/chunks/node_modules_next_dist_1e8vcs8._.js:776
[ 3297503ms] [LOG] [Fast Refresh] done in 196ms @ http://localhost:5173/_next/static/chunks/node_modules_next_dist_1e8vcs8._.js:776
[ 3297562ms] [LOG] [Fast Refresh] done in 196ms @ http://localhost:5173/_next/static/chunks/node_modules_next_dist_1e8vcs8._.js:776
[ 3297609ms] [LOG] [Fast Refresh] done in 196ms @ http://localhost:5173/_next/static/chunks/node_modules_next_dist_1e8vcs8._.js:776
[ 3297670ms] [LOG] [Fast Refresh] done in 196ms @ http://localhost:5173/_next/static/chunks/node_modules_next_dist_1e8vcs8._.js:776
[ 3297713ms] [LOG] [Fast Refresh] done in 196ms @ http://localhost:5173/_next/static/chunks/node_modules_next_dist_1e8vcs8._.js:776
[ 3297765ms] [LOG] [Fast Refresh] done in 196ms @ http://localhost:5173/_next/static/chunks/node_modules_next_dist_1e8vcs8._.js:776
[ 3297816ms] [LOG] [Fast Refresh] done in 196ms @ http://localhost:5173/_next/static/chunks/node_modules_next_dist_1e8vcs8._.js:776
[ 3297879ms] [LOG] [Fast Refresh] done in 196ms @ http://localhost:5173/_next/static/chunks/node_modules_next_dist_1e8vcs8._.js:776
[ 3297941ms] [LOG] [Fast Refresh] done in 196ms @ http://localhost:5173/_next/static/chunks/node_modules_next_dist_1e8vcs8._.js:776
[ 3297995ms] [LOG] [Fast Refresh] done in 196ms @ http://localhost:5173/_next/static/chunks/node_modules_next_dist_1e8vcs8._.js:776
[ 3298059ms] [LOG] [Fast Refresh] done in 196ms @ http://localhost:5173/_next/static/chunks/node_modules_next_dist_1e8vcs8._.js:776
[ 3298115ms] [LOG] [Fast Refresh] done in 196ms @ http://localhost:5173/_next/static/chunks/node_modules_next_dist_1e8vcs8._.js:776
[ 3298174ms] [LOG] [Fast Refresh] done in 196ms @ http://localhost:5173/_next/static/chunks/node_modules_next_dist_1e8vcs8._.js:776
[ 3298227ms] [LOG] [Fast Refresh] done in 196ms @ http://localhost:5173/_next/static/chunks/node_modules_next_dist_1e8vcs8._.js:776
[ 3298288ms] [LOG] [Fast Refresh] done in 196ms @ http://localhost:5173/_next/static/chunks/node_modules_next_dist_1e8vcs8._.js:776
[ 3298349ms] [LOG] [Fast Refresh] done in 196ms @ http://localhost:5173/_next/static/chunks/node_modules_next_dist_1e8vcs8._.js:776
[ 3298408ms] [LOG] [Fast Refresh] done in 196ms @ http://localhost:5173/_next/static/chunks/node_modules_next_dist_1e8vcs8._.js:776
[ 3298469ms] [LOG] [Fast Refresh] done in 196ms @ http://localhost:5173/_next/static/chunks/node_modules_next_dist_1e8vcs8._.js:776
[ 3298534ms] [LOG] [Fast Refresh] done in 196ms @ http://localhost:5173/_next/static/chunks/node_modules_next_dist_1e8vcs8._.js:776
[ 3298592ms] [LOG] [Fast Refresh] done in 196ms @ http://localhost:5173/_next/static/chunks/node_modules_next_dist_1e8vcs8._.js:776
[ 3298645ms] [LOG] [Fast Refresh] done in 196ms @ http://localhost:5173/_next/static/chunks/node_modules_next_dist_1e8vcs8._.js:776
[ 3298696ms] [LOG] [Fast Refresh] done in 196ms @ http://localhost:5173/_next/static/chunks/node_modules_next_dist_1e8vcs8._.js:776
[ 3298759ms] [LOG] [Fast Refresh] done in 196ms @ http://localhost:5173/_next/static/chunks/node_modules_next_dist_1e8vcs8._.js:776
[ 3298809ms] [LOG] [Fast Refresh] done in 196ms @ http://localhost:5173/_next/static/chunks/node_modules_next_dist_1e8vcs8._.js:776
[ 3298869ms] [LOG] [Fast Refresh] done in 196ms @ http://localhost:5173/_next/static/chunks/node_modules_next_dist_1e8vcs8._.js:776
[ 3298908ms] [LOG] [Fast Refresh] done in 196ms @ http://localhost:5173/_next/static/chunks/node_modules_next_dist_1e8vcs8._.js:776
[ 3298969ms] [LOG] [Fast Refresh] done in 196ms @ http://localhost:5173/_next/static/chunks/node_modules_next_dist_1e8vcs8._.js:776
[ 3299018ms] [LOG] [Fast Refresh] done in 196ms @ http://localhost:5173/_next/static/chunks/node_modules_next_dist_1e8vcs8._.js:776
[ 3299076ms] [LOG] [Fast Refresh] done in 196ms @ http://localhost:5173/_next/static/chunks/node_modules_next_dist_1e8vcs8._.js:776
[ 3299129ms] [LOG] [Fast Refresh] done in 196ms @ http://localhost:5173/_next/static/chunks/node_modules_next_dist_1e8vcs8._.js:776
[ 3299178ms] [LOG] [Fast Refresh] done in 196ms @ http://localhost:5173/_next/static/chunks/node_modules_next_dist_1e8vcs8._.js:776
[ 3299238ms] [LOG] [Fast Refresh] done in 196ms @ http://localhost:5173/_next/static/chunks/node_modules_next_dist_1e8vcs8._.js:776
[ 3299292ms] [LOG] [Fast Refresh] done in 196ms @ http://localhost:5173/_next/static/chunks/node_modules_next_dist_1e8vcs8._.js:776
[ 3299346ms] [LOG] [Fast Refresh] done in 196ms @ http://localhost:5173/_next/static/chunks/node_modules_next_dist_1e8vcs8._.js:776
[ 3299397ms] [LOG] [Fast Refresh] done in 196ms @ http://localhost:5173/_next/static/chunks/node_modules_next_dist_1e8vcs8._.js:776
[ 3299443ms] [LOG] [Fast Refresh] done in 196ms @ http://localhost:5173/_next/static/chunks/node_modules_next_dist_1e8vcs8._.js:776
[ 3299500ms] [LOG] [Fast Refresh] done in 196ms @ http://localhost:5173/_next/static/chunks/node_modules_next_dist_1e8vcs8._.js:776
[ 3299555ms] [LOG] [Fast Refresh] done in 196ms @ http://localhost:5173/_next/static/chunks/node_modules_next_dist_1e8vcs8._.js:776
[ 3299617ms] [LOG] [Fast Refresh] done in 196ms @ http://localhost:5173/_next/static/chunks/node_modules_next_dist_1e8vcs8._.js:776
[ 3299672ms] [LOG] [Fast Refresh] done in 196ms @ http://localhost:5173/_next/static/chunks/node_modules_next_dist_1e8vcs8._.js:776
[ 3299735ms] [LOG] [Fast Refresh] done in 196ms @ http://localhost:5173/_next/static/chunks/node_modules_next_dist_1e8vcs8._.js:776
[ 3299793ms] [LOG] [Fast Refresh] done in 196ms @ http://localhost:5173/_next/static/chunks/node_modules_next_dist_1e8vcs8._.js:776
[ 3299855ms] [LOG] [Fast Refresh] done in 196ms @ http://localhost:5173/_next/static/chunks/node_modules_next_dist_1e8vcs8._.js:776
[ 3299911ms] [LOG] [Fast Refresh] done in 196ms @ http://localhost:5173/_next/static/chunks/node_modules_next_dist_1e8vcs8._.js:776
[ 3299973ms] [LOG] [Fast Refresh] done in 196ms @ http://localhost:5173/_next/static/chunks/node_modules_next_dist_1e8vcs8._.js:776
[ 3300035ms] [LOG] [Fast Refresh] done in 196ms @ http://localhost:5173/_next/static/chunks/node_modules_next_dist_1e8vcs8._.js:776
[ 3300090ms] [LOG] [Fast Refresh] done in 196ms @ http://localhost:5173/_next/static/chunks/node_modules_next_dist_1e8vcs8._.js:776
[ 3300140ms] [LOG] [Fast Refresh] done in 196ms @ http://localhost:5173/_next/static/chunks/node_modules_next_dist_1e8vcs8._.js:776
[ 3300202ms] [LOG] [Fast Refresh] done in 196ms @ http://localhost:5173/_next/static/chunks/node_modules_next_dist_1e8vcs8._.js:776
[ 3300250ms] [LOG] [Fast Refresh] done in 196ms @ http://localhost:5173/_next/static/chunks/node_modules_next_dist_1e8vcs8._.js:776
[ 3300298ms] [LOG] [Fast Refresh] done in 196ms @ http://localhost:5173/_next/static/chunks/node_modules_next_dist_1e8vcs8._.js:776
[ 3300345ms] [LOG] [Fast Refresh] done in 196ms @ http://localhost:5173/_next/static/chunks/node_modules_next_dist_1e8vcs8._.js:776
[ 3300404ms] [LOG] [Fast Refresh] done in 196ms @ http://localhost:5173/_next/static/chunks/node_modules_next_dist_1e8vcs8._.js:776
[ 3300466ms] [LOG] [Fast Refresh] done in 196ms @ http://localhost:5173/_next/static/chunks/node_modules_next_dist_1e8vcs8._.js:776
[ 3300510ms] [LOG] [Fast Refresh] done in 196ms @ http://localhost:5173/_next/static/chunks/node_modules_next_dist_1e8vcs8._.js:776
[ 3300574ms] [LOG] [Fast Refresh] done in 196ms @ http://localhost:5173/_next/static/chunks/node_modules_next_dist_1e8vcs8._.js:776
[ 3300628ms] [LOG] [Fast Refresh] done in 196ms @ http://localhost:5173/_next/static/chunks/node_modules_next_dist_1e8vcs8._.js:776
[ 3300688ms] [LOG] [Fast Refresh] done in 196ms @ http://localhost:5173/_next/static/chunks/node_modules_next_dist_1e8vcs8._.js:776
[ 3300750ms] [LOG] [Fast Refresh] done in 196ms @ http://localhost:5173/_next/static/chunks/node_modules_next_dist_1e8vcs8._.js:776
[ 3300807ms] [LOG] [Fast Refresh] done in 196ms @ http://localhost:5173/_next/static/chunks/node_modules_next_dist_1e8vcs8._.js:776
[ 3300870ms] [LOG] [Fast Refresh] done in 196ms @ http://localhost:5173/_next/static/chunks/node_modules_next_dist_1e8vcs8._.js:776
[ 3300921ms] [LOG] [Fast Refresh] done in 196ms @ http://localhost:5173/_next/static/chunks/node_modules_next_dist_1e8vcs8._.js:776
[ 3300969ms] [LOG] [Fast Refresh] done in 196ms @ http://localhost:5173/_next/static/chunks/node_modules_next_dist_1e8vcs8._.js:776
[ 3301023ms] [LOG] [Fast Refresh] done in 196ms @ http://localhost:5173/_next/static/chunks/node_modules_next_dist_1e8vcs8._.js:776
[ 3301088ms] [LOG] [Fast Refresh] done in 196ms @ http://localhost:5173/_next/static/chunks/node_modules_next_dist_1e8vcs8._.js:776
[ 3301145ms] [LOG] [Fast Refresh] done in 196ms @ http://localhost:5173/_next/static/chunks/node_modules_next_dist_1e8vcs8._.js:776
[ 3301205ms] [LOG] [Fast Refresh] done in 196ms @ http://localhost:5173/_next/static/chunks/node_modules_next_dist_1e8vcs8._.js:776
[ 3301269ms] [LOG] [Fast Refresh] done in 196ms @ http://localhost:5173/_next/static/chunks/node_modules_next_dist_1e8vcs8._.js:776
[ 3301323ms] [LOG] [Fast Refresh] done in 196ms @ http://localhost:5173/_next/static/chunks/node_modules_next_dist_1e8vcs8._.js:776
[ 3301374ms] [LOG] [Fast Refresh] done in 196ms @ http://localhost:5173/_next/static/chunks/node_modules_next_dist_1e8vcs8._.js:776
[ 3301432ms] [LOG] [Fast Refresh] done in 196ms @ http://localhost:5173/_next/static/chunks/node_modules_next_dist_1e8vcs8._.js:776
[ 3301493ms] [LOG] [Fast Refresh] done in 196ms @ http://localhost:5173/_next/static/chunks/node_modules_next_dist_1e8vcs8._.js:776
[ 3301555ms] [LOG] [Fast Refresh] done in 196ms @ http://localhost:5173/_next/static/chunks/node_modules_next_dist_1e8vcs8._.js:776
[ 3301617ms] [LOG] [Fast Refresh] done in 196ms @ http://localhost:5173/_next/static/chunks/node_modules_next_dist_1e8vcs8._.js:776
[ 3301664ms] [LOG] [Fast Refresh] done in 196ms @ http://localhost:5173/_next/static/chunks/node_modules_next_dist_1e8vcs8._.js:776
[ 3301734ms] [LOG] [Fast Refresh] done in 196ms @ http://localhost:5173/_next/static/chunks/node_modules_next_dist_1e8vcs8._.js:776
[ 3301790ms] [LOG] [Fast Refresh] done in 196ms @ http://localhost:5173/_next/static/chunks/node_modules_next_dist_1e8vcs8._.js:776
[ 3301838ms] [LOG] [Fast Refresh] done in 196ms @ http://localhost:5173/_next/static/chunks/node_modules_next_dist_1e8vcs8._.js:776
[ 3301888ms] [LOG] [Fast Refresh] done in 196ms @ http://localhost:5173/_next/static/chunks/node_modules_next_dist_1e8vcs8._.js:776
[ 3301950ms] [LOG] [Fast Refresh] done in 196ms @ http://localhost:5173/_next/static/chunks/node_modules_next_dist_1e8vcs8._.js:776
[ 3302014ms] [LOG] [Fast Refresh] done in 196ms @ http://localhost:5173/_next/static/chunks/node_modules_next_dist_1e8vcs8._.js:776
[ 3302075ms] [LOG] [Fast Refresh] done in 196ms @ http://localhost:5173/_next/static/chunks/node_modules_next_dist_1e8vcs8._.js:776
[ 3302139ms] [LOG] [Fast Refresh] done in 196ms @ http://localhost:5173/_next/static/chunks/node_modules_next_dist_1e8vcs8._.js:776
[ 3302193ms] [LOG] [Fast Refresh] done in 196ms @ http://localhost:5173/_next/static/chunks/node_modules_next_dist_1e8vcs8._.js:776
[ 3302239ms] [LOG] [Fast Refresh] done in 196ms @ http://localhost:5173/_next/static/chunks/node_modules_next_dist_1e8vcs8._.js:776
[ 3302296ms] [LOG] [Fast Refresh] done in 196ms @ http://localhost:5173/_next/static/chunks/node_modules_next_dist_1e8vcs8._.js:776
[ 3302359ms] [LOG] [Fast Refresh] done in 196ms @ http://localhost:5173/_next/static/chunks/node_modules_next_dist_1e8vcs8._.js:776
[ 3302416ms] [LOG] [Fast Refresh] done in 196ms @ http://localhost:5173/_next/static/chunks/node_modules_next_dist_1e8vcs8._.js:776
[ 3302465ms] [LOG] [Fast Refresh] done in 196ms @ http://localhost:5173/_next/static/chunks/node_modules_next_dist_1e8vcs8._.js:776
[ 3302522ms] [LOG] [Fast Refresh] done in 196ms @ http://localhost:5173/_next/static/chunks/node_modules_next_dist_1e8vcs8._.js:776
[ 3302573ms] [LOG] [Fast Refresh] done in 196ms @ http://localhost:5173/_next/static/chunks/node_modules_next_dist_1e8vcs8._.js:776
[ 3302634ms] [LOG] [Fast Refresh] done in 196ms @ http://localhost:5173/_next/static/chunks/node_modules_next_dist_1e8vcs8._.js:776
[ 3302692ms] [LOG] [Fast Refresh] done in 196ms @ http://localhost:5173/_next/static/chunks/node_modules_next_dist_1e8vcs8._.js:776
[ 3302754ms] [LOG] [Fast Refresh] done in 196ms @ http://localhost:5173/_next/static/chunks/node_modules_next_dist_1e8vcs8._.js:776
[ 3302813ms] [LOG] [Fast Refresh] done in 196ms @ http://localhost:5173/_next/static/chunks/node_modules_next_dist_1e8vcs8._.js:776
[ 3302875ms] [LOG] [Fast Refresh] done in 196ms @ http://localhost:5173/_next/static/chunks/node_modules_next_dist_1e8vcs8._.js:776
[ 3302923ms] [LOG] [Fast Refresh] done in 196ms @ http://localhost:5173/_next/static/chunks/node_modules_next_dist_1e8vcs8._.js:776
[ 3302975ms] [LOG] [Fast Refresh] done in 196ms @ http://localhost:5173/_next/static/chunks/node_modules_next_dist_1e8vcs8._.js:776
[ 3303166ms] [LOG] [Fast Refresh] rebuilding @ http://localhost:5173/_next/static/chunks/node_modules_next_dist_1e8vcs8._.js:776
[ 3303285ms] [LOG] [Fast Refresh] done in 99ms @ http://localhost:5173/_next/static/chunks/node_modules_next_dist_1e8vcs8._.js:776
[ 3303309ms] [VERBOSE] [DOM] Password field is not contained in a form: (More info: https://goo.gl/9p2vKq) %o @ http://localhost:5173/:0
[ 3303388ms] [LOG] [Fast Refresh] done in 99ms @ http://localhost:5173/_next/static/chunks/node_modules_next_dist_1e8vcs8._.js:776
[ 3303441ms] [LOG] [Fast Refresh] done in 99ms @ http://localhost:5173/_next/static/chunks/node_modules_next_dist_1e8vcs8._.js:776
[ 3303498ms] [LOG] [Fast Refresh] done in 99ms @ http://localhost:5173/_next/static/chunks/node_modules_next_dist_1e8vcs8._.js:776
[ 3303546ms] [LOG] [Fast Refresh] done in 99ms @ http://localhost:5173/_next/static/chunks/node_modules_next_dist_1e8vcs8._.js:776
[ 3303588ms] [LOG] [Fast Refresh] done in 99ms @ http://localhost:5173/_next/static/chunks/node_modules_next_dist_1e8vcs8._.js:776
[ 3303650ms] [LOG] [Fast Refresh] done in 99ms @ http://localhost:5173/_next/static/chunks/node_modules_next_dist_1e8vcs8._.js:776
[ 3303706ms] [LOG] [Fast Refresh] done in 99ms @ http://localhost:5173/_next/static/chunks/node_modules_next_dist_1e8vcs8._.js:776
[ 3303769ms] [LOG] [Fast Refresh] done in 99ms @ http://localhost:5173/_next/static/chunks/node_modules_next_dist_1e8vcs8._.js:776
[ 3303835ms] [LOG] [Fast Refresh] done in 99ms @ http://localhost:5173/_next/static/chunks/node_modules_next_dist_1e8vcs8._.js:776
[ 3303896ms] [LOG] [Fast Refresh] done in 99ms @ http://localhost:5173/_next/static/chunks/node_modules_next_dist_1e8vcs8._.js:776
[ 3303944ms] [LOG] [Fast Refresh] done in 99ms @ http://localhost:5173/_next/static/chunks/node_modules_next_dist_1e8vcs8._.js:776
[ 3304004ms] [LOG] [Fast Refresh] done in 99ms @ http://localhost:5173/_next/static/chunks/node_modules_next_dist_1e8vcs8._.js:776
[ 3304051ms] [LOG] [Fast Refresh] done in 99ms @ http://localhost:5173/_next/static/chunks/node_modules_next_dist_1e8vcs8._.js:776
[ 3304109ms] [LOG] [Fast Refresh] done in 99ms @ http://localhost:5173/_next/static/chunks/node_modules_next_dist_1e8vcs8._.js:776
[ 3304155ms] [LOG] [Fast Refresh] done in 99ms @ http://localhost:5173/_next/static/chunks/node_modules_next_dist_1e8vcs8._.js:776
[ 3304206ms] [LOG] [Fast Refresh] done in 99ms @ http://localhost:5173/_next/static/chunks/node_modules_next_dist_1e8vcs8._.js:776
[ 3304272ms] [LOG] [Fast Refresh] done in 99ms @ http://localhost:5173/_next/static/chunks/node_modules_next_dist_1e8vcs8._.js:776
[ 3304336ms] [LOG] [Fast Refresh] done in 99ms @ http://localhost:5173/_next/static/chunks/node_modules_next_dist_1e8vcs8._.js:776
[ 3304382ms] [LOG] [Fast Refresh] done in 99ms @ http://localhost:5173/_next/static/chunks/node_modules_next_dist_1e8vcs8._.js:776
[ 3304445ms] [LOG] [Fast Refresh] done in 99ms @ http://localhost:5173/_next/static/chunks/node_modules_next_dist_1e8vcs8._.js:776
[ 3304496ms] [LOG] [Fast Refresh] done in 99ms @ http://localhost:5173/_next/static/chunks/node_modules_next_dist_1e8vcs8._.js:776
[ 3304544ms] [LOG] [Fast Refresh] done in 99ms @ http://localhost:5173/_next/static/chunks/node_modules_next_dist_1e8vcs8._.js:776
[ 3304593ms] [LOG] [Fast Refresh] done in 99ms @ http://localhost:5173/_next/static/chunks/node_modules_next_dist_1e8vcs8._.js:776
[ 3304630ms] [LOG] [Fast Refresh] done in 99ms @ http://localhost:5173/_next/static/chunks/node_modules_next_dist_1e8vcs8._.js:776
[ 3304681ms] [LOG] [Fast Refresh] done in 99ms @ http://localhost:5173/_next/static/chunks/node_modules_next_dist_1e8vcs8._.js:776
[ 3304742ms] [LOG] [Fast Refresh] done in 99ms @ http://localhost:5173/_next/static/chunks/node_modules_next_dist_1e8vcs8._.js:776
[ 3304803ms] [LOG] [Fast Refresh] done in 99ms @ http://localhost:5173/_next/static/chunks/node_modules_next_dist_1e8vcs8._.js:776
[ 3304865ms] [LOG] [Fast Refresh] done in 99ms @ http://localhost:5173/_next/static/chunks/node_modules_next_dist_1e8vcs8._.js:776
[ 3304920ms] [LOG] [Fast Refresh] done in 99ms @ http://localhost:5173/_next/static/chunks/node_modules_next_dist_1e8vcs8._.js:776
[ 3304974ms] [LOG] [Fast Refresh] done in 99ms @ http://localhost:5173/_next/static/chunks/node_modules_next_dist_1e8vcs8._.js:776
[ 3305036ms] [LOG] [Fast Refresh] done in 99ms @ http://localhost:5173/_next/static/chunks/node_modules_next_dist_1e8vcs8._.js:776
[ 3305084ms] [LOG] [Fast Refresh] done in 99ms @ http://localhost:5173/_next/static/chunks/node_modules_next_dist_1e8vcs8._.js:776
[ 3305146ms] [LOG] [Fast Refresh] done in 99ms @ http://localhost:5173/_next/static/chunks/node_modules_next_dist_1e8vcs8._.js:776
[ 3305198ms] [LOG] [Fast Refresh] done in 99ms @ http://localhost:5173/_next/static/chunks/node_modules_next_dist_1e8vcs8._.js:776
[ 3305261ms] [LOG] [Fast Refresh] done in 99ms @ http://localhost:5173/_next/static/chunks/node_modules_next_dist_1e8vcs8._.js:776
[ 3305308ms] [LOG] [Fast Refresh] done in 99ms @ http://localhost:5173/_next/static/chunks/node_modules_next_dist_1e8vcs8._.js:776
[ 3305374ms] [LOG] [Fast Refresh] done in 99ms @ http://localhost:5173/_next/static/chunks/node_modules_next_dist_1e8vcs8._.js:776
[ 3305414ms] [LOG] [Fast Refresh] done in 99ms @ http://localhost:5173/_next/static/chunks/node_modules_next_dist_1e8vcs8._.js:776
[ 3305473ms] [LOG] [Fast Refresh] done in 99ms @ http://localhost:5173/_next/static/chunks/node_modules_next_dist_1e8vcs8._.js:776
[ 3305532ms] [LOG] [Fast Refresh] done in 99ms @ http://localhost:5173/_next/static/chunks/node_modules_next_dist_1e8vcs8._.js:776
[ 3305593ms] [LOG] [Fast Refresh] done in 99ms @ http://localhost:5173/_next/static/chunks/node_modules_next_dist_1e8vcs8._.js:776
[ 3305656ms] [LOG] [Fast Refresh] done in 99ms @ http://localhost:5173/_next/static/chunks/node_modules_next_dist_1e8vcs8._.js:776
[ 3305704ms] [LOG] [Fast Refresh] done in 99ms @ http://localhost:5173/_next/static/chunks/node_modules_next_dist_1e8vcs8._.js:776
[ 3305766ms] [LOG] [Fast Refresh] done in 99ms @ http://localhost:5173/_next/static/chunks/node_modules_next_dist_1e8vcs8._.js:776
[ 3305814ms] [LOG] [Fast Refresh] done in 99ms @ http://localhost:5173/_next/static/chunks/node_modules_next_dist_1e8vcs8._.js:776
[ 3305862ms] [LOG] [Fast Refresh] done in 99ms @ http://localhost:5173/_next/static/chunks/node_modules_next_dist_1e8vcs8._.js:776
[ 3305920ms] [LOG] [Fast Refresh] done in 99ms @ http://localhost:5173/_next/static/chunks/node_modules_next_dist_1e8vcs8._.js:776
[ 3305988ms] [LOG] [Fast Refresh] done in 99ms @ http://localhost:5173/_next/static/chunks/node_modules_next_dist_1e8vcs8._.js:776
[ 3306050ms] [LOG] [Fast Refresh] done in 99ms @ http://localhost:5173/_next/static/chunks/node_modules_next_dist_1e8vcs8._.js:776
[ 3306108ms] [LOG] [Fast Refresh] done in 99ms @ http://localhost:5173/_next/static/chunks/node_modules_next_dist_1e8vcs8._.js:776
[ 3306168ms] [LOG] [Fast Refresh] done in 99ms @ http://localhost:5173/_next/static/chunks/node_modules_next_dist_1e8vcs8._.js:776
[ 3306210ms] [LOG] [Fast Refresh] done in 99ms @ http://localhost:5173/_next/static/chunks/node_modules_next_dist_1e8vcs8._.js:776
[ 3306273ms] [LOG] [Fast Refresh] done in 99ms @ http://localhost:5173/_next/static/chunks/node_modules_next_dist_1e8vcs8._.js:776
[ 3306316ms] [LOG] [Fast Refresh] done in 99ms @ http://localhost:5173/_next/static/chunks/node_modules_next_dist_1e8vcs8._.js:776
[ 3306364ms] [LOG] [Fast Refresh] done in 99ms @ http://localhost:5173/_next/static/chunks/node_modules_next_dist_1e8vcs8._.js:776
[ 3306411ms] [LOG] [Fast Refresh] done in 99ms @ http://localhost:5173/_next/static/chunks/node_modules_next_dist_1e8vcs8._.js:776
[ 3306471ms] [LOG] [Fast Refresh] done in 99ms @ http://localhost:5173/_next/static/chunks/node_modules_next_dist_1e8vcs8._.js:776
[ 3306534ms] [LOG] [Fast Refresh] done in 99ms @ http://localhost:5173/_next/static/chunks/node_modules_next_dist_1e8vcs8._.js:776
[ 3306597ms] [LOG] [Fast Refresh] done in 99ms @ http://localhost:5173/_next/static/chunks/node_modules_next_dist_1e8vcs8._.js:776
[ 3306652ms] [LOG] [Fast Refresh] done in 99ms @ http://localhost:5173/_next/static/chunks/node_modules_next_dist_1e8vcs8._.js:776
[ 3306704ms] [LOG] [Fast Refresh] done in 99ms @ http://localhost:5173/_next/static/chunks/node_modules_next_dist_1e8vcs8._.js:776
[ 3306766ms] [LOG] [Fast Refresh] done in 99ms @ http://localhost:5173/_next/static/chunks/node_modules_next_dist_1e8vcs8._.js:776
[ 3306809ms] [LOG] [Fast Refresh] done in 99ms @ http://localhost:5173/_next/static/chunks/node_modules_next_dist_1e8vcs8._.js:776
[ 3306870ms] [LOG] [Fast Refresh] done in 99ms @ http://localhost:5173/_next/static/chunks/node_modules_next_dist_1e8vcs8._.js:776
[ 3306913ms] [LOG] [Fast Refresh] done in 99ms @ http://localhost:5173/_next/static/chunks/node_modules_next_dist_1e8vcs8._.js:776
[ 3306969ms] [LOG] [Fast Refresh] done in 99ms @ http://localhost:5173/_next/static/chunks/node_modules_next_dist_1e8vcs8._.js:776
[ 3307025ms] [LOG] [Fast Refresh] done in 99ms @ http://localhost:5173/_next/static/chunks/node_modules_next_dist_1e8vcs8._.js:776
[ 3307075ms] [LOG] [Fast Refresh] done in 99ms @ http://localhost:5173/_next/static/chunks/node_modules_next_dist_1e8vcs8._.js:776
[ 3307170ms] [LOG] [Fast Refresh] done in 99ms @ http://localhost:5173/_next/static/chunks/node_modules_next_dist_1e8vcs8._.js:776
[ 3307234ms] [LOG] [Fast Refresh] done in 99ms @ http://localhost:5173/_next/static/chunks/node_modules_next_dist_1e8vcs8._.js:776
[ 3307291ms] [LOG] [Fast Refresh] done in 99ms @ http://localhost:5173/_next/static/chunks/node_modules_next_dist_1e8vcs8._.js:776
[ 3307345ms] [LOG] [Fast Refresh] done in 99ms @ http://localhost:5173/_next/static/chunks/node_modules_next_dist_1e8vcs8._.js:776
[ 3307389ms] [LOG] [Fast Refresh] done in 99ms @ http://localhost:5173/_next/static/chunks/node_modules_next_dist_1e8vcs8._.js:776
[ 3307445ms] [LOG] [Fast Refresh] done in 99ms @ http://localhost:5173/_next/static/chunks/node_modules_next_dist_1e8vcs8._.js:776
[ 3307494ms] [LOG] [Fast Refresh] done in 99ms @ http://localhost:5173/_next/static/chunks/node_modules_next_dist_1e8vcs8._.js:776
[ 3307540ms] [LOG] [Fast Refresh] done in 99ms @ http://localhost:5173/_next/static/chunks/node_modules_next_dist_1e8vcs8._.js:776
[ 3307604ms] [LOG] [Fast Refresh] done in 99ms @ http://localhost:5173/_next/static/chunks/node_modules_next_dist_1e8vcs8._.js:776
[ 3307651ms] [LOG] [Fast Refresh] done in 99ms @ http://localhost:5173/_next/static/chunks/node_modules_next_dist_1e8vcs8._.js:776
[ 3307704ms] [LOG] [Fast Refresh] done in 99ms @ http://localhost:5173/_next/static/chunks/node_modules_next_dist_1e8vcs8._.js:776
[ 3307767ms] [LOG] [Fast Refresh] done in 99ms @ http://localhost:5173/_next/static/chunks/node_modules_next_dist_1e8vcs8._.js:776
[ 3307822ms] [LOG] [Fast Refresh] done in 99ms @ http://localhost:5173/_next/static/chunks/node_modules_next_dist_1e8vcs8._.js:776
[ 3307873ms] [LOG] [Fast Refresh] done in 99ms @ http://localhost:5173/_next/static/chunks/node_modules_next_dist_1e8vcs8._.js:776
[ 3307928ms] [LOG] [Fast Refresh] done in 99ms @ http://localhost:5173/_next/static/chunks/node_modules_next_dist_1e8vcs8._.js:776
[ 3307984ms] [LOG] [Fast Refresh] done in 99ms @ http://localhost:5173/_next/static/chunks/node_modules_next_dist_1e8vcs8._.js:776
[ 3308046ms] [LOG] [Fast Refresh] done in 99ms @ http://localhost:5173/_next/static/chunks/node_modules_next_dist_1e8vcs8._.js:776
[ 3308094ms] [LOG] [Fast Refresh] done in 99ms @ http://localhost:5173/_next/static/chunks/node_modules_next_dist_1e8vcs8._.js:776
[ 3308150ms] [LOG] [Fast Refresh] done in 99ms @ http://localhost:5173/_next/static/chunks/node_modules_next_dist_1e8vcs8._.js:776
[ 3308200ms] [LOG] [Fast Refresh] done in 99ms @ http://localhost:5173/_next/static/chunks/node_modules_next_dist_1e8vcs8._.js:776
[ 3308262ms] [LOG] [Fast Refresh] done in 99ms @ http://localhost:5173/_next/static/chunks/node_modules_next_dist_1e8vcs8._.js:776
[ 3308323ms] [LOG] [Fast Refresh] done in 99ms @ http://localhost:5173/_next/static/chunks/node_modules_next_dist_1e8vcs8._.js:776
[ 3308372ms] [LOG] [Fast Refresh] done in 99ms @ http://localhost:5173/_next/static/chunks/node_modules_next_dist_1e8vcs8._.js:776
[ 3308431ms] [LOG] [Fast Refresh] done in 99ms @ http://localhost:5173/_next/static/chunks/node_modules_next_dist_1e8vcs8._.js:776
[ 3308491ms] [LOG] [Fast Refresh] done in 99ms @ http://localhost:5173/_next/static/chunks/node_modules_next_dist_1e8vcs8._.js:776
[ 3308544ms] [LOG] [Fast Refresh] done in 99ms @ http://localhost:5173/_next/static/chunks/node_modules_next_dist_1e8vcs8._.js:776
[ 3308601ms] [LOG] [Fast Refresh] done in 99ms @ http://localhost:5173/_next/static/chunks/node_modules_next_dist_1e8vcs8._.js:776
[ 3308652ms] [LOG] [Fast Refresh] done in 99ms @ http://localhost:5173/_next/static/chunks/node_modules_next_dist_1e8vcs8._.js:776
[ 3308709ms] [LOG] [Fast Refresh] done in 99ms @ http://localhost:5173/_next/static/chunks/node_modules_next_dist_1e8vcs8._.js:776
[ 3308756ms] [LOG] [Fast Refresh] done in 99ms @ http://localhost:5173/_next/static/chunks/node_modules_next_dist_1e8vcs8._.js:776
[ 3308803ms] [LOG] [Fast Refresh] done in 99ms @ http://localhost:5173/_next/static/chunks/node_modules_next_dist_1e8vcs8._.js:776
[ 3308866ms] [LOG] [Fast Refresh] done in 99ms @ http://localhost:5173/_next/static/chunks/node_modules_next_dist_1e8vcs8._.js:776
[ 3308935ms] [LOG] [Fast Refresh] done in 99ms @ http://localhost:5173/_next/static/chunks/node_modules_next_dist_1e8vcs8._.js:776
[ 3308991ms] [LOG] [Fast Refresh] done in 99ms @ http://localhost:5173/_next/static/chunks/node_modules_next_dist_1e8vcs8._.js:776
[ 3309052ms] [LOG] [Fast Refresh] done in 99ms @ http://localhost:5173/_next/static/chunks/node_modules_next_dist_1e8vcs8._.js:776
[ 3309104ms] [LOG] [Fast Refresh] done in 99ms @ http://localhost:5173/_next/static/chunks/node_modules_next_dist_1e8vcs8._.js:776
[ 3309158ms] [LOG] [Fast Refresh] done in 99ms @ http://localhost:5173/_next/static/chunks/node_modules_next_dist_1e8vcs8._.js:776
[ 3309208ms] [LOG] [Fast Refresh] done in 99ms @ http://localhost:5173/_next/static/chunks/node_modules_next_dist_1e8vcs8._.js:776
[ 3309271ms] [LOG] [Fast Refresh] done in 99ms @ http://localhost:5173/_next/static/chunks/node_modules_next_dist_1e8vcs8._.js:776
[ 3309306ms] [LOG] [Fast Refresh] done in 99ms @ http://localhost:5173/_next/static/chunks/node_modules_next_dist_1e8vcs8._.js:776
[ 3309371ms] [LOG] [Fast Refresh] done in 99ms @ http://localhost:5173/_next/static/chunks/node_modules_next_dist_1e8vcs8._.js:776
[ 3309428ms] [LOG] [Fast Refresh] done in 99ms @ http://localhost:5173/_next/static/chunks/node_modules_next_dist_1e8vcs8._.js:776
[ 3309481ms] [LOG] [Fast Refresh] done in 99ms @ http://localhost:5173/_next/static/chunks/node_modules_next_dist_1e8vcs8._.js:776
[ 3309528ms] [LOG] [Fast Refresh] done in 99ms @ http://localhost:5173/_next/static/chunks/node_modules_next_dist_1e8vcs8._.js:776
[ 3309589ms] [LOG] [Fast Refresh] done in 99ms @ http://localhost:5173/_next/static/chunks/node_modules_next_dist_1e8vcs8._.js:776
[ 3309636ms] [LOG] [Fast Refresh] done in 99ms @ http://localhost:5173/_next/static/chunks/node_modules_next_dist_1e8vcs8._.js:776
[ 3309691ms] [LOG] [Fast Refresh] done in 99ms @ http://localhost:5173/_next/static/chunks/node_modules_next_dist_1e8vcs8._.js:776
[ 3309755ms] [LOG] [Fast Refresh] done in 99ms @ http://localhost:5173/_next/static/chunks/node_modules_next_dist_1e8vcs8._.js:776
[ 3309812ms] [LOG] [Fast Refresh] done in 99ms @ http://localhost:5173/_next/static/chunks/node_modules_next_dist_1e8vcs8._.js:776
[ 3309873ms] [LOG] [Fast Refresh] done in 99ms @ http://localhost:5173/_next/static/chunks/node_modules_next_dist_1e8vcs8._.js:776
[ 3309935ms] [LOG] [Fast Refresh] done in 99ms @ http://localhost:5173/_next/static/chunks/node_modules_next_dist_1e8vcs8._.js:776
[ 3309994ms] [LOG] [Fast Refresh] done in 99ms @ http://localhost:5173/_next/static/chunks/node_modules_next_dist_1e8vcs8._.js:776
[ 3310041ms] [LOG] [Fast Refresh] done in 99ms @ http://localhost:5173/_next/static/chunks/node_modules_next_dist_1e8vcs8._.js:776
[ 3310089ms] [LOG] [Fast Refresh] done in 99ms @ http://localhost:5173/_next/static/chunks/node_modules_next_dist_1e8vcs8._.js:776
[ 3310150ms] [LOG] [Fast Refresh] done in 99ms @ http://localhost:5173/_next/static/chunks/node_modules_next_dist_1e8vcs8._.js:776
[ 3310212ms] [LOG] [Fast Refresh] done in 99ms @ http://localhost:5173/_next/static/chunks/node_modules_next_dist_1e8vcs8._.js:776
[ 3310273ms] [LOG] [Fast Refresh] done in 99ms @ http://localhost:5173/_next/static/chunks/node_modules_next_dist_1e8vcs8._.js:776
[ 3310328ms] [LOG] [Fast Refresh] done in 99ms @ http://localhost:5173/_next/static/chunks/node_modules_next_dist_1e8vcs8._.js:776
[ 3310377ms] [LOG] [Fast Refresh] done in 99ms @ http://localhost:5173/_next/static/chunks/node_modules_next_dist_1e8vcs8._.js:776
[ 3310428ms] [LOG] [Fast Refresh] done in 99ms @ http://localhost:5173/_next/static/chunks/node_modules_next_dist_1e8vcs8._.js:776
[ 3310476ms] [LOG] [Fast Refresh] done in 99ms @ http://localhost:5173/_next/static/chunks/node_modules_next_dist_1e8vcs8._.js:776
[ 3310523ms] [LOG] [Fast Refresh] done in 99ms @ http://localhost:5173/_next/static/chunks/node_modules_next_dist_1e8vcs8._.js:776
[ 3310585ms] [LOG] [Fast Refresh] done in 99ms @ http://localhost:5173/_next/static/chunks/node_modules_next_dist_1e8vcs8._.js:776
[ 3310647ms] [LOG] [Fast Refresh] done in 99ms @ http://localhost:5173/_next/static/chunks/node_modules_next_dist_1e8vcs8._.js:776
[ 3310690ms] [LOG] [Fast Refresh] done in 99ms @ http://localhost:5173/_next/static/chunks/node_modules_next_dist_1e8vcs8._.js:776
[ 3310752ms] [LOG] [Fast Refresh] done in 99ms @ http://localhost:5173/_next/static/chunks/node_modules_next_dist_1e8vcs8._.js:776
[ 3310811ms] [LOG] [Fast Refresh] done in 99ms @ http://localhost:5173/_next/static/chunks/node_modules_next_dist_1e8vcs8._.js:776
[ 3310873ms] [LOG] [Fast Refresh] done in 99ms @ http://localhost:5173/_next/static/chunks/node_modules_next_dist_1e8vcs8._.js:776
[ 3310929ms] [LOG] [Fast Refresh] done in 99ms @ http://localhost:5173/_next/static/chunks/node_modules_next_dist_1e8vcs8._.js:776
[ 3310980ms] [LOG] [Fast Refresh] done in 99ms @ http://localhost:5173/_next/static/chunks/node_modules_next_dist_1e8vcs8._.js:776
[ 3311042ms] [LOG] [Fast Refresh] done in 99ms @ http://localhost:5173/_next/static/chunks/node_modules_next_dist_1e8vcs8._.js:776
[ 3311099ms] [LOG] [Fast Refresh] done in 99ms @ http://localhost:5173/_next/static/chunks/node_modules_next_dist_1e8vcs8._.js:776
[ 3311161ms] [LOG] [Fast Refresh] done in 99ms @ http://localhost:5173/_next/static/chunks/node_modules_next_dist_1e8vcs8._.js:776
[ 3311211ms] [LOG] [Fast Refresh] done in 99ms @ http://localhost:5173/_next/static/chunks/node_modules_next_dist_1e8vcs8._.js:776
[ 3311248ms] [LOG] [Fast Refresh] done in 99ms @ http://localhost:5173/_next/static/chunks/node_modules_next_dist_1e8vcs8._.js:776
[ 3311310ms] [LOG] [Fast Refresh] done in 99ms @ http://localhost:5173/_next/static/chunks/node_modules_next_dist_1e8vcs8._.js:776
[ 3311352ms] [LOG] [Fast Refresh] done in 99ms @ http://localhost:5173/_next/static/chunks/node_modules_next_dist_1e8vcs8._.js:776
[ 3311412ms] [LOG] [Fast Refresh] done in 99ms @ http://localhost:5173/_next/static/chunks/node_modules_next_dist_1e8vcs8._.js:776
[ 3311461ms] [LOG] [Fast Refresh] done in 99ms @ http://localhost:5173/_next/static/chunks/node_modules_next_dist_1e8vcs8._.js:776
[ 3311516ms] [LOG] [Fast Refresh] done in 99ms @ http://localhost:5173/_next/static/chunks/node_modules_next_dist_1e8vcs8._.js:776
[ 3311577ms] [LOG] [Fast Refresh] done in 99ms @ http://localhost:5173/_next/static/chunks/node_modules_next_dist_1e8vcs8._.js:776
[ 3311636ms] [LOG] [Fast Refresh] done in 99ms @ http://localhost:5173/_next/static/chunks/node_modules_next_dist_1e8vcs8._.js:776
[ 3311696ms] [LOG] [Fast Refresh] done in 99ms @ http://localhost:5173/_next/static/chunks/node_modules_next_dist_1e8vcs8._.js:776
[ 3311758ms] [LOG] [Fast Refresh] done in 99ms @ http://localhost:5173/_next/static/chunks/node_modules_next_dist_1e8vcs8._.js:776
[ 3311810ms] [LOG] [Fast Refresh] done in 99ms @ http://localhost:5173/_next/static/chunks/node_modules_next_dist_1e8vcs8._.js:776
[ 3311870ms] [LOG] [Fast Refresh] done in 99ms @ http://localhost:5173/_next/static/chunks/node_modules_next_dist_1e8vcs8._.js:776
[ 3311914ms] [LOG] [Fast Refresh] done in 99ms @ http://localhost:5173/_next/static/chunks/node_modules_next_dist_1e8vcs8._.js:776
[ 3311973ms] [LOG] [Fast Refresh] done in 99ms @ http://localhost:5173/_next/static/chunks/node_modules_next_dist_1e8vcs8._.js:776
[ 3312036ms] [LOG] [Fast Refresh] done in 99ms @ http://localhost:5173/_next/static/chunks/node_modules_next_dist_1e8vcs8._.js:776
[ 3312092ms] [LOG] [Fast Refresh] done in 99ms @ http://localhost:5173/_next/static/chunks/node_modules_next_dist_1e8vcs8._.js:776
[ 3312226ms] [LOG] [Fast Refresh] done in 99ms @ http://localhost:5173/_next/static/chunks/node_modules_next_dist_1e8vcs8._.js:776
[ 3312277ms] [LOG] [Fast Refresh] done in 99ms @ http://localhost:5173/_next/static/chunks/node_modules_next_dist_1e8vcs8._.js:776
[ 3312325ms] [LOG] [Fast Refresh] done in 99ms @ http://localhost:5173/_next/static/chunks/node_modules_next_dist_1e8vcs8._.js:776
[ 3312388ms] [LOG] [Fast Refresh] done in 99ms @ http://localhost:5173/_next/static/chunks/node_modules_next_dist_1e8vcs8._.js:776
[ 3312434ms] [LOG] [Fast Refresh] done in 99ms @ http://localhost:5173/_next/static/chunks/node_modules_next_dist_1e8vcs8._.js:776
[ 3312488ms] [LOG] [Fast Refresh] done in 99ms @ http://localhost:5173/_next/static/chunks/node_modules_next_dist_1e8vcs8._.js:776
[ 3312534ms] [LOG] [Fast Refresh] done in 99ms @ http://localhost:5173/_next/static/chunks/node_modules_next_dist_1e8vcs8._.js:776
[ 3312592ms] [LOG] [Fast Refresh] done in 99ms @ http://localhost:5173/_next/static/chunks/node_modules_next_dist_1e8vcs8._.js:776
[ 3312654ms] [LOG] [Fast Refresh] done in 99ms @ http://localhost:5173/_next/static/chunks/node_modules_next_dist_1e8vcs8._.js:776
[ 3312711ms] [LOG] [Fast Refresh] done in 99ms @ http://localhost:5173/_next/static/chunks/node_modules_next_dist_1e8vcs8._.js:776
[ 3312775ms] [LOG] [Fast Refresh] done in 99ms @ http://localhost:5173/_next/static/chunks/node_modules_next_dist_1e8vcs8._.js:776
[ 3312838ms] [LOG] [Fast Refresh] done in 99ms @ http://localhost:5173/_next/static/chunks/node_modules_next_dist_1e8vcs8._.js:776
[ 3312897ms] [LOG] [Fast Refresh] done in 99ms @ http://localhost:5173/_next/static/chunks/node_modules_next_dist_1e8vcs8._.js:776
[ 3312944ms] [LOG] [Fast Refresh] done in 99ms @ http://localhost:5173/_next/static/chunks/node_modules_next_dist_1e8vcs8._.js:776
[ 3313000ms] [LOG] [Fast Refresh] done in 99ms @ http://localhost:5173/_next/static/chunks/node_modules_next_dist_1e8vcs8._.js:776
[ 3313062ms] [LOG] [Fast Refresh] done in 99ms @ http://localhost:5173/_next/static/chunks/node_modules_next_dist_1e8vcs8._.js:776
[ 3313109ms] [LOG] [Fast Refresh] done in 99ms @ http://localhost:5173/_next/static/chunks/node_modules_next_dist_1e8vcs8._.js:776
[ 3313172ms] [LOG] [Fast Refresh] done in 99ms @ http://localhost:5173/_next/static/chunks/node_modules_next_dist_1e8vcs8._.js:776
[ 3313235ms] [LOG] [Fast Refresh] done in 99ms @ http://localhost:5173/_next/static/chunks/node_modules_next_dist_1e8vcs8._.js:776
[ 3313292ms] [LOG] [Fast Refresh] done in 99ms @ http://localhost:5173/_next/static/chunks/node_modules_next_dist_1e8vcs8._.js:776
[ 3313341ms] [LOG] [Fast Refresh] done in 99ms @ http://localhost:5173/_next/static/chunks/node_modules_next_dist_1e8vcs8._.js:776
[ 3313392ms] [LOG] [Fast Refresh] done in 99ms @ http://localhost:5173/_next/static/chunks/node_modules_next_dist_1e8vcs8._.js:776
[ 3313440ms] [LOG] [Fast Refresh] done in 99ms @ http://localhost:5173/_next/static/chunks/node_modules_next_dist_1e8vcs8._.js:776
[ 3313493ms] [LOG] [Fast Refresh] done in 99ms @ http://localhost:5173/_next/static/chunks/node_modules_next_dist_1e8vcs8._.js:776
[ 3313555ms] [LOG] [Fast Refresh] done in 99ms @ http://localhost:5173/_next/static/chunks/node_modules_next_dist_1e8vcs8._.js:776
[ 3313612ms] [LOG] [Fast Refresh] done in 99ms @ http://localhost:5173/_next/static/chunks/node_modules_next_dist_1e8vcs8._.js:776
[ 3313672ms] [LOG] [Fast Refresh] done in 99ms @ http://localhost:5173/_next/static/chunks/node_modules_next_dist_1e8vcs8._.js:776
[ 3313732ms] [LOG] [Fast Refresh] done in 99ms @ http://localhost:5173/_next/static/chunks/node_modules_next_dist_1e8vcs8._.js:776
[ 3313794ms] [LOG] [Fast Refresh] done in 99ms @ http://localhost:5173/_next/static/chunks/node_modules_next_dist_1e8vcs8._.js:776
[ 3313842ms] [LOG] [Fast Refresh] done in 99ms @ http://localhost:5173/_next/static/chunks/node_modules_next_dist_1e8vcs8._.js:776
[ 3313904ms] [LOG] [Fast Refresh] done in 99ms @ http://localhost:5173/_next/static/chunks/node_modules_next_dist_1e8vcs8._.js:776
[ 3313951ms] [LOG] [Fast Refresh] done in 99ms @ http://localhost:5173/_next/static/chunks/node_modules_next_dist_1e8vcs8._.js:776
[ 3314008ms] [LOG] [Fast Refresh] done in 99ms @ http://localhost:5173/_next/static/chunks/node_modules_next_dist_1e8vcs8._.js:776
[ 3314069ms] [LOG] [Fast Refresh] done in 99ms @ http://localhost:5173/_next/static/chunks/node_modules_next_dist_1e8vcs8._.js:776
[ 3314117ms] [LOG] [Fast Refresh] done in 99ms @ http://localhost:5173/_next/static/chunks/node_modules_next_dist_1e8vcs8._.js:776
[ 3314172ms] [LOG] [Fast Refresh] done in 99ms @ http://localhost:5173/_next/static/chunks/node_modules_next_dist_1e8vcs8._.js:776
[ 3314217ms] [LOG] [Fast Refresh] done in 99ms @ http://localhost:5173/_next/static/chunks/node_modules_next_dist_1e8vcs8._.js:776
[ 3314276ms] [LOG] [Fast Refresh] done in 99ms @ http://localhost:5173/_next/static/chunks/node_modules_next_dist_1e8vcs8._.js:776
[ 3314337ms] [LOG] [Fast Refresh] done in 99ms @ http://localhost:5173/_next/static/chunks/node_modules_next_dist_1e8vcs8._.js:776
[ 3314387ms] [LOG] [Fast Refresh] done in 99ms @ http://localhost:5173/_next/static/chunks/node_modules_next_dist_1e8vcs8._.js:776
[ 3314447ms] [LOG] [Fast Refresh] done in 99ms @ http://localhost:5173/_next/static/chunks/node_modules_next_dist_1e8vcs8._.js:776
[ 3314507ms] [LOG] [Fast Refresh] done in 99ms @ http://localhost:5173/_next/static/chunks/node_modules_next_dist_1e8vcs8._.js:776
[ 3314562ms] [LOG] [Fast Refresh] done in 99ms @ http://localhost:5173/_next/static/chunks/node_modules_next_dist_1e8vcs8._.js:776
[ 3314613ms] [LOG] [Fast Refresh] done in 99ms @ http://localhost:5173/_next/static/chunks/node_modules_next_dist_1e8vcs8._.js:776
[ 3314671ms] [LOG] [Fast Refresh] done in 99ms @ http://localhost:5173/_next/static/chunks/node_modules_next_dist_1e8vcs8._.js:776
[ 3314721ms] [LOG] [Fast Refresh] done in 99ms @ http://localhost:5173/_next/static/chunks/node_modules_next_dist_1e8vcs8._.js:776
[ 3314775ms] [LOG] [Fast Refresh] done in 99ms @ http://localhost:5173/_next/static/chunks/node_modules_next_dist_1e8vcs8._.js:776
[ 3314823ms] [LOG] [Fast Refresh] done in 99ms @ http://localhost:5173/_next/static/chunks/node_modules_next_dist_1e8vcs8._.js:776
[ 3314872ms] [LOG] [Fast Refresh] done in 99ms @ http://localhost:5173/_next/static/chunks/node_modules_next_dist_1e8vcs8._.js:776
[ 3314910ms] [LOG] [Fast Refresh] done in 99ms @ http://localhost:5173/_next/static/chunks/node_modules_next_dist_1e8vcs8._.js:776
[ 3314976ms] [LOG] [Fast Refresh] done in 99ms @ http://localhost:5173/_next/static/chunks/node_modules_next_dist_1e8vcs8._.js:776
[ 3315023ms] [LOG] [Fast Refresh] done in 99ms @ http://localhost:5173/_next/static/chunks/node_modules_next_dist_1e8vcs8._.js:776
[ 3315070ms] [LOG] [Fast Refresh] done in 99ms @ http://localhost:5173/_next/static/chunks/node_modules_next_dist_1e8vcs8._.js:776
[ 3315116ms] [LOG] [Fast Refresh] done in 99ms @ http://localhost:5173/_next/static/chunks/node_modules_next_dist_1e8vcs8._.js:776
[ 3315164ms] [LOG] [Fast Refresh] done in 99ms @ http://localhost:5173/_next/static/chunks/node_modules_next_dist_1e8vcs8._.js:776
[ 3315216ms] [LOG] [Fast Refresh] done in 99ms @ http://localhost:5173/_next/static/chunks/node_modules_next_dist_1e8vcs8._.js:776
[ 3315272ms] [LOG] [Fast Refresh] done in 99ms @ http://localhost:5173/_next/static/chunks/node_modules_next_dist_1e8vcs8._.js:776
[ 3315313ms] [LOG] [Fast Refresh] done in 99ms @ http://localhost:5173/_next/static/chunks/node_modules_next_dist_1e8vcs8._.js:776
[ 3315372ms] [LOG] [Fast Refresh] done in 99ms @ http://localhost:5173/_next/static/chunks/node_modules_next_dist_1e8vcs8._.js:776
[ 3315431ms] [LOG] [Fast Refresh] done in 99ms @ http://localhost:5173/_next/static/chunks/node_modules_next_dist_1e8vcs8._.js:776
[ 3315482ms] [LOG] [Fast Refresh] done in 99ms @ http://localhost:5173/_next/static/chunks/node_modules_next_dist_1e8vcs8._.js:776
[ 3315543ms] [LOG] [Fast Refresh] done in 99ms @ http://localhost:5173/_next/static/chunks/node_modules_next_dist_1e8vcs8._.js:776
[ 3315591ms] [LOG] [Fast Refresh] done in 99ms @ http://localhost:5173/_next/static/chunks/node_modules_next_dist_1e8vcs8._.js:776
[ 3315639ms] [LOG] [Fast Refresh] done in 99ms @ http://localhost:5173/_next/static/chunks/node_modules_next_dist_1e8vcs8._.js:776
[ 3315693ms] [LOG] [Fast Refresh] done in 99ms @ http://localhost:5173/_next/static/chunks/node_modules_next_dist_1e8vcs8._.js:776
[ 3315739ms] [LOG] [Fast Refresh] done in 99ms @ http://localhost:5173/_next/static/chunks/node_modules_next_dist_1e8vcs8._.js:776
[ 3315797ms] [LOG] [Fast Refresh] done in 99ms @ http://localhost:5173/_next/static/chunks/node_modules_next_dist_1e8vcs8._.js:776
[ 3315856ms] [LOG] [Fast Refresh] done in 99ms @ http://localhost:5173/_next/static/chunks/node_modules_next_dist_1e8vcs8._.js:776
[ 3315918ms] [LOG] [Fast Refresh] done in 99ms @ http://localhost:5173/_next/static/chunks/node_modules_next_dist_1e8vcs8._.js:776
[ 3315965ms] [LOG] [Fast Refresh] done in 99ms @ http://localhost:5173/_next/static/chunks/node_modules_next_dist_1e8vcs8._.js:776
[ 3316021ms] [LOG] [Fast Refresh] done in 99ms @ http://localhost:5173/_next/static/chunks/node_modules_next_dist_1e8vcs8._.js:776
[ 3316087ms] [LOG] [Fast Refresh] done in 99ms @ http://localhost:5173/_next/static/chunks/node_modules_next_dist_1e8vcs8._.js:776
[ 3316149ms] [LOG] [Fast Refresh] done in 99ms @ http://localhost:5173/_next/static/chunks/node_modules_next_dist_1e8vcs8._.js:776
[ 3316208ms] [LOG] [Fast Refresh] done in 99ms @ http://localhost:5173/_next/static/chunks/node_modules_next_dist_1e8vcs8._.js:776
[ 3316270ms] [LOG] [Fast Refresh] done in 99ms @ http://localhost:5173/_next/static/chunks/node_modules_next_dist_1e8vcs8._.js:776
[ 3316326ms] [LOG] [Fast Refresh] done in 99ms @ http://localhost:5173/_next/static/chunks/node_modules_next_dist_1e8vcs8._.js:776
[ 3316377ms] [LOG] [Fast Refresh] done in 99ms @ http://localhost:5173/_next/static/chunks/node_modules_next_dist_1e8vcs8._.js:776
[ 3316424ms] [LOG] [Fast Refresh] done in 99ms @ http://localhost:5173/_next/static/chunks/node_modules_next_dist_1e8vcs8._.js:776
[ 3316473ms] [LOG] [Fast Refresh] done in 99ms @ http://localhost:5173/_next/static/chunks/node_modules_next_dist_1e8vcs8._.js:776
[ 3316527ms] [LOG] [Fast Refresh] done in 99ms @ http://localhost:5173/_next/static/chunks/node_modules_next_dist_1e8vcs8._.js:776
[ 3316588ms] [LOG] [Fast Refresh] done in 99ms @ http://localhost:5173/_next/static/chunks/node_modules_next_dist_1e8vcs8._.js:776
[ 3316645ms] [LOG] [Fast Refresh] done in 99ms @ http://localhost:5173/_next/static/chunks/node_modules_next_dist_1e8vcs8._.js:776
[ 3316693ms] [LOG] [Fast Refresh] done in 99ms @ http://localhost:5173/_next/static/chunks/node_modules_next_dist_1e8vcs8._.js:776
[ 3316755ms] [LOG] [Fast Refresh] done in 99ms @ http://localhost:5173/_next/static/chunks/node_modules_next_dist_1e8vcs8._.js:776
[ 3316805ms] [LOG] [Fast Refresh] done in 99ms @ http://localhost:5173/_next/static/chunks/node_modules_next_dist_1e8vcs8._.js:776
[ 3316856ms] [LOG] [Fast Refresh] done in 99ms @ http://localhost:5173/_next/static/chunks/node_modules_next_dist_1e8vcs8._.js:776
[ 3316909ms] [LOG] [Fast Refresh] done in 99ms @ http://localhost:5173/_next/static/chunks/node_modules_next_dist_1e8vcs8._.js:776
[ 3316971ms] [LOG] [Fast Refresh] done in 99ms @ http://localhost:5173/_next/static/chunks/node_modules_next_dist_1e8vcs8._.js:776
[ 3317034ms] [LOG] [Fast Refresh] done in 99ms @ http://localhost:5173/_next/static/chunks/node_modules_next_dist_1e8vcs8._.js:776
[ 3317088ms] [LOG] [Fast Refresh] done in 99ms @ http://localhost:5173/_next/static/chunks/node_modules_next_dist_1e8vcs8._.js:776
[ 3317142ms] [LOG] [Fast Refresh] done in 99ms @ http://localhost:5173/_next/static/chunks/node_modules_next_dist_1e8vcs8._.js:776
[ 3317198ms] [LOG] [Fast Refresh] done in 99ms @ http://localhost:5173/_next/static/chunks/node_modules_next_dist_1e8vcs8._.js:776
[ 3317260ms] [LOG] [Fast Refresh] done in 99ms @ http://localhost:5173/_next/static/chunks/node_modules_next_dist_1e8vcs8._.js:776
[ 3317310ms] [LOG] [Fast Refresh] done in 99ms @ http://localhost:5173/_next/static/chunks/node_modules_next_dist_1e8vcs8._.js:776
[ 3317373ms] [LOG] [Fast Refresh] done in 99ms @ http://localhost:5173/_next/static/chunks/node_modules_next_dist_1e8vcs8._.js:776
[ 3317435ms] [LOG] [Fast Refresh] done in 99ms @ http://localhost:5173/_next/static/chunks/node_modules_next_dist_1e8vcs8._.js:776
[ 3317488ms] [LOG] [Fast Refresh] done in 99ms @ http://localhost:5173/_next/static/chunks/node_modules_next_dist_1e8vcs8._.js:776
[ 3317549ms] [LOG] [Fast Refresh] done in 99ms @ http://localhost:5173/_next/static/chunks/node_modules_next_dist_1e8vcs8._.js:776
[ 3317608ms] [LOG] [Fast Refresh] done in 99ms @ http://localhost:5173/_next/static/chunks/node_modules_next_dist_1e8vcs8._.js:776
[ 3317659ms] [LOG] [Fast Refresh] done in 99ms @ http://localhost:5173/_next/static/chunks/node_modules_next_dist_1e8vcs8._.js:776
[ 3317703ms] [LOG] [Fast Refresh] done in 99ms @ http://localhost:5173/_next/static/chunks/node_modules_next_dist_1e8vcs8._.js:776
[ 3317744ms] [LOG] [Fast Refresh] done in 99ms @ http://localhost:5173/_next/static/chunks/node_modules_next_dist_1e8vcs8._.js:776
[ 3317794ms] [LOG] [Fast Refresh] done in 99ms @ http://localhost:5173/_next/static/chunks/node_modules_next_dist_1e8vcs8._.js:776
[ 3317844ms] [LOG] [Fast Refresh] done in 99ms @ http://localhost:5173/_next/static/chunks/node_modules_next_dist_1e8vcs8._.js:776
[ 3317920ms] [LOG] [Fast Refresh] done in 99ms @ http://localhost:5173/_next/static/chunks/node_modules_next_dist_1e8vcs8._.js:776
[ 3317973ms] [LOG] [Fast Refresh] done in 99ms @ http://localhost:5173/_next/static/chunks/node_modules_next_dist_1e8vcs8._.js:776
[ 3318034ms] [LOG] [Fast Refresh] done in 99ms @ http://localhost:5173/_next/static/chunks/node_modules_next_dist_1e8vcs8._.js:776
[ 3318093ms] [LOG] [Fast Refresh] done in 99ms @ http://localhost:5173/_next/static/chunks/node_modules_next_dist_1e8vcs8._.js:776
[ 3318156ms] [LOG] [Fast Refresh] done in 99ms @ http://localhost:5173/_next/static/chunks/node_modules_next_dist_1e8vcs8._.js:776
[ 3318212ms] [LOG] [Fast Refresh] done in 99ms @ http://localhost:5173/_next/static/chunks/node_modules_next_dist_1e8vcs8._.js:776
[ 3318272ms] [LOG] [Fast Refresh] done in 99ms @ http://localhost:5173/_next/static/chunks/node_modules_next_dist_1e8vcs8._.js:776
[ 3318313ms] [LOG] [Fast Refresh] done in 99ms @ http://localhost:5173/_next/static/chunks/node_modules_next_dist_1e8vcs8._.js:776
[ 3318375ms] [LOG] [Fast Refresh] done in 99ms @ http://localhost:5173/_next/static/chunks/node_modules_next_dist_1e8vcs8._.js:776
[ 3318434ms] [LOG] [Fast Refresh] done in 99ms @ http://localhost:5173/_next/static/chunks/node_modules_next_dist_1e8vcs8._.js:776
[ 3318488ms] [LOG] [Fast Refresh] done in 99ms @ http://localhost:5173/_next/static/chunks/node_modules_next_dist_1e8vcs8._.js:776
[ 3318532ms] [LOG] [Fast Refresh] done in 99ms @ http://localhost:5173/_next/static/chunks/node_modules_next_dist_1e8vcs8._.js:776
[ 3318592ms] [LOG] [Fast Refresh] done in 99ms @ http://localhost:5173/_next/static/chunks/node_modules_next_dist_1e8vcs8._.js:776
[ 3318646ms] [LOG] [Fast Refresh] done in 99ms @ http://localhost:5173/_next/static/chunks/node_modules_next_dist_1e8vcs8._.js:776
[ 3318697ms] [LOG] [Fast Refresh] done in 99ms @ http://localhost:5173/_next/static/chunks/node_modules_next_dist_1e8vcs8._.js:776
[ 3318759ms] [LOG] [Fast Refresh] done in 99ms @ http://localhost:5173/_next/static/chunks/node_modules_next_dist_1e8vcs8._.js:776
[ 3318816ms] [LOG] [Fast Refresh] done in 99ms @ http://localhost:5173/_next/static/chunks/node_modules_next_dist_1e8vcs8._.js:776
[ 3318875ms] [LOG] [Fast Refresh] done in 99ms @ http://localhost:5173/_next/static/chunks/node_modules_next_dist_1e8vcs8._.js:776
[ 3318923ms] [LOG] [Fast Refresh] done in 99ms @ http://localhost:5173/_next/static/chunks/node_modules_next_dist_1e8vcs8._.js:776
[ 3318962ms] [LOG] [Fast Refresh] done in 99ms @ http://localhost:5173/_next/static/chunks/node_modules_next_dist_1e8vcs8._.js:776
[ 3319016ms] [LOG] [Fast Refresh] done in 99ms @ http://localhost:5173/_next/static/chunks/node_modules_next_dist_1e8vcs8._.js:776
[ 3319076ms] [LOG] [Fast Refresh] done in 99ms @ http://localhost:5173/_next/static/chunks/node_modules_next_dist_1e8vcs8._.js:776
[ 3319123ms] [LOG] [Fast Refresh] done in 99ms @ http://localhost:5173/_next/static/chunks/node_modules_next_dist_1e8vcs8._.js:776
[ 3319169ms] [LOG] [Fast Refresh] done in 99ms @ http://localhost:5173/_next/static/chunks/node_modules_next_dist_1e8vcs8._.js:776
[ 3319228ms] [LOG] [Fast Refresh] done in 99ms @ http://localhost:5173/_next/static/chunks/node_modules_next_dist_1e8vcs8._.js:776
[ 3319277ms] [LOG] [Fast Refresh] done in 99ms @ http://localhost:5173/_next/static/chunks/node_modules_next_dist_1e8vcs8._.js:776
[ 3319326ms] [LOG] [Fast Refresh] done in 99ms @ http://localhost:5173/_next/static/chunks/node_modules_next_dist_1e8vcs8._.js:776
[ 3319375ms] [LOG] [Fast Refresh] done in 99ms @ http://localhost:5173/_next/static/chunks/node_modules_next_dist_1e8vcs8._.js:776
[ 3319434ms] [LOG] [Fast Refresh] done in 99ms @ http://localhost:5173/_next/static/chunks/node_modules_next_dist_1e8vcs8._.js:776
[ 3319488ms] [LOG] [Fast Refresh] done in 99ms @ http://localhost:5173/_next/static/chunks/node_modules_next_dist_1e8vcs8._.js:776
[ 3319550ms] [LOG] [Fast Refresh] done in 99ms @ http://localhost:5173/_next/static/chunks/node_modules_next_dist_1e8vcs8._.js:776
[ 3319606ms] [LOG] [Fast Refresh] done in 99ms @ http://localhost:5173/_next/static/chunks/node_modules_next_dist_1e8vcs8._.js:776
[ 3319668ms] [LOG] [Fast Refresh] done in 99ms @ http://localhost:5173/_next/static/chunks/node_modules_next_dist_1e8vcs8._.js:776
[ 3319719ms] [LOG] [Fast Refresh] done in 99ms @ http://localhost:5173/_next/static/chunks/node_modules_next_dist_1e8vcs8._.js:776
[ 3319767ms] [LOG] [Fast Refresh] done in 99ms @ http://localhost:5173/_next/static/chunks/node_modules_next_dist_1e8vcs8._.js:776
[ 3319808ms] [LOG] [Fast Refresh] done in 99ms @ http://localhost:5173/_next/static/chunks/node_modules_next_dist_1e8vcs8._.js:776
[ 3319872ms] [LOG] [Fast Refresh] done in 99ms @ http://localhost:5173/_next/static/chunks/node_modules_next_dist_1e8vcs8._.js:776
[ 3319935ms] [LOG] [Fast Refresh] done in 99ms @ http://localhost:5173/_next/static/chunks/node_modules_next_dist_1e8vcs8._.js:776
[ 3319994ms] [LOG] [Fast Refresh] done in 99ms @ http://localhost:5173/_next/static/chunks/node_modules_next_dist_1e8vcs8._.js:776
[ 3320041ms] [LOG] [Fast Refresh] done in 99ms @ http://localhost:5173/_next/static/chunks/node_modules_next_dist_1e8vcs8._.js:776
[ 3320090ms] [LOG] [Fast Refresh] done in 99ms @ http://localhost:5173/_next/static/chunks/node_modules_next_dist_1e8vcs8._.js:776
[ 3320137ms] [LOG] [Fast Refresh] done in 99ms @ http://localhost:5173/_next/static/chunks/node_modules_next_dist_1e8vcs8._.js:776
[ 3320195ms] [LOG] [Fast Refresh] done in 99ms @ http://localhost:5173/_next/static/chunks/node_modules_next_dist_1e8vcs8._.js:776
[ 3320244ms] [LOG] [Fast Refresh] done in 99ms @ http://localhost:5173/_next/static/chunks/node_modules_next_dist_1e8vcs8._.js:776
[ 3320292ms] [LOG] [Fast Refresh] done in 99ms @ http://localhost:5173/_next/static/chunks/node_modules_next_dist_1e8vcs8._.js:776
[ 3320354ms] [LOG] [Fast Refresh] done in 99ms @ http://localhost:5173/_next/static/chunks/node_modules_next_dist_1e8vcs8._.js:776
[ 3320404ms] [LOG] [Fast Refresh] done in 99ms @ http://localhost:5173/_next/static/chunks/node_modules_next_dist_1e8vcs8._.js:776
[ 3320451ms] [LOG] [Fast Refresh] done in 99ms @ http://localhost:5173/_next/static/chunks/node_modules_next_dist_1e8vcs8._.js:776
[ 3320509ms] [LOG] [Fast Refresh] done in 99ms @ http://localhost:5173/_next/static/chunks/node_modules_next_dist_1e8vcs8._.js:776
[ 3320573ms] [LOG] [Fast Refresh] done in 99ms @ http://localhost:5173/_next/static/chunks/node_modules_next_dist_1e8vcs8._.js:776
[ 3320613ms] [LOG] [Fast Refresh] done in 99ms @ http://localhost:5173/_next/static/chunks/node_modules_next_dist_1e8vcs8._.js:776
[ 3320671ms] [LOG] [Fast Refresh] done in 99ms @ http://localhost:5173/_next/static/chunks/node_modules_next_dist_1e8vcs8._.js:776
[ 3320734ms] [LOG] [Fast Refresh] done in 99ms @ http://localhost:5173/_next/static/chunks/node_modules_next_dist_1e8vcs8._.js:776
[ 3320799ms] [LOG] [Fast Refresh] done in 99ms @ http://localhost:5173/_next/static/chunks/node_modules_next_dist_1e8vcs8._.js:776
[ 3320846ms] [LOG] [Fast Refresh] done in 99ms @ http://localhost:5173/_next/static/chunks/node_modules_next_dist_1e8vcs8._.js:776
[ 3320895ms] [LOG] [Fast Refresh] done in 99ms @ http://localhost:5173/_next/static/chunks/node_modules_next_dist_1e8vcs8._.js:776
[ 3320958ms] [LOG] [Fast Refresh] done in 99ms @ http://localhost:5173/_next/static/chunks/node_modules_next_dist_1e8vcs8._.js:776
[ 3321020ms] [LOG] [Fast Refresh] done in 99ms @ http://localhost:5173/_next/static/chunks/node_modules_next_dist_1e8vcs8._.js:776
[ 3321081ms] [LOG] [Fast Refresh] done in 99ms @ http://localhost:5173/_next/static/chunks/node_modules_next_dist_1e8vcs8._.js:776
[ 3321143ms] [LOG] [Fast Refresh] done in 99ms @ http://localhost:5173/_next/static/chunks/node_modules_next_dist_1e8vcs8._.js:776
[ 3321194ms] [LOG] [Fast Refresh] done in 99ms @ http://localhost:5173/_next/static/chunks/node_modules_next_dist_1e8vcs8._.js:776
[ 3321245ms] [LOG] [Fast Refresh] done in 99ms @ http://localhost:5173/_next/static/chunks/node_modules_next_dist_1e8vcs8._.js:776
[ 3321307ms] [LOG] [Fast Refresh] done in 99ms @ http://localhost:5173/_next/static/chunks/node_modules_next_dist_1e8vcs8._.js:776
[ 3321358ms] [LOG] [Fast Refresh] done in 99ms @ http://localhost:5173/_next/static/chunks/node_modules_next_dist_1e8vcs8._.js:776
[ 3321415ms] [LOG] [Fast Refresh] done in 99ms @ http://localhost:5173/_next/static/chunks/node_modules_next_dist_1e8vcs8._.js:776
[ 3321478ms] [LOG] [Fast Refresh] done in 99ms @ http://localhost:5173/_next/static/chunks/node_modules_next_dist_1e8vcs8._.js:776
[ 3321525ms] [LOG] [Fast Refresh] done in 99ms @ http://localhost:5173/_next/static/chunks/node_modules_next_dist_1e8vcs8._.js:776
[ 3321572ms] [LOG] [Fast Refresh] done in 99ms @ http://localhost:5173/_next/static/chunks/node_modules_next_dist_1e8vcs8._.js:776
[ 3321612ms] [LOG] [Fast Refresh] done in 99ms @ http://localhost:5173/_next/static/chunks/node_modules_next_dist_1e8vcs8._.js:776
[ 3321660ms] [LOG] [Fast Refresh] done in 99ms @ http://localhost:5173/_next/static/chunks/node_modules_next_dist_1e8vcs8._.js:776
[ 3321714ms] [LOG] [Fast Refresh] done in 99ms @ http://localhost:5173/_next/static/chunks/node_modules_next_dist_1e8vcs8._.js:776
[ 3321761ms] [LOG] [Fast Refresh] done in 99ms @ http://localhost:5173/_next/static/chunks/node_modules_next_dist_1e8vcs8._.js:776
[ 3321813ms] [LOG] [Fast Refresh] done in 99ms @ http://localhost:5173/_next/static/chunks/node_modules_next_dist_1e8vcs8._.js:776
[ 3321859ms] [LOG] [Fast Refresh] done in 99ms @ http://localhost:5173/_next/static/chunks/node_modules_next_dist_1e8vcs8._.js:776
[ 3321903ms] [LOG] [Fast Refresh] done in 99ms @ http://localhost:5173/_next/static/chunks/node_modules_next_dist_1e8vcs8._.js:776
[ 3321965ms] [LOG] [Fast Refresh] done in 99ms @ http://localhost:5173/_next/static/chunks/node_modules_next_dist_1e8vcs8._.js:776
[ 3322028ms] [LOG] [Fast Refresh] done in 99ms @ http://localhost:5173/_next/static/chunks/node_modules_next_dist_1e8vcs8._.js:776
[ 3322078ms] [LOG] [Fast Refresh] done in 99ms @ http://localhost:5173/_next/static/chunks/node_modules_next_dist_1e8vcs8._.js:776
[ 3322125ms] [LOG] [Fast Refresh] done in 99ms @ http://localhost:5173/_next/static/chunks/node_modules_next_dist_1e8vcs8._.js:776
[ 3322173ms] [LOG] [Fast Refresh] done in 99ms @ http://localhost:5173/_next/static/chunks/node_modules_next_dist_1e8vcs8._.js:776
[ 3322233ms] [LOG] [Fast Refresh] done in 99ms @ http://localhost:5173/_next/static/chunks/node_modules_next_dist_1e8vcs8._.js:776
[ 3322290ms] [LOG] [Fast Refresh] done in 99ms @ http://localhost:5173/_next/static/chunks/node_modules_next_dist_1e8vcs8._.js:776
[ 3322334ms] [LOG] [Fast Refresh] done in 99ms @ http://localhost:5173/_next/static/chunks/node_modules_next_dist_1e8vcs8._.js:776
[ 3322389ms] [LOG] [Fast Refresh] done in 99ms @ http://localhost:5173/_next/static/chunks/node_modules_next_dist_1e8vcs8._.js:776
[ 3322436ms] [LOG] [Fast Refresh] done in 99ms @ http://localhost:5173/_next/static/chunks/node_modules_next_dist_1e8vcs8._.js:776
[ 3322498ms] [LOG] [Fast Refresh] done in 99ms @ http://localhost:5173/_next/static/chunks/node_modules_next_dist_1e8vcs8._.js:776
[ 3322560ms] [LOG] [Fast Refresh] done in 99ms @ http://localhost:5173/_next/static/chunks/node_modules_next_dist_1e8vcs8._.js:776
[ 3322616ms] [LOG] [Fast Refresh] done in 99ms @ http://localhost:5173/_next/static/chunks/node_modules_next_dist_1e8vcs8._.js:776
[ 3322665ms] [LOG] [Fast Refresh] done in 99ms @ http://localhost:5173/_next/static/chunks/node_modules_next_dist_1e8vcs8._.js:776
[ 3322709ms] [LOG] [Fast Refresh] done in 99ms @ http://localhost:5173/_next/static/chunks/node_modules_next_dist_1e8vcs8._.js:776
[ 3322756ms] [LOG] [Fast Refresh] done in 99ms @ http://localhost:5173/_next/static/chunks/node_modules_next_dist_1e8vcs8._.js:776
[ 3322813ms] [LOG] [Fast Refresh] done in 99ms @ http://localhost:5173/_next/static/chunks/node_modules_next_dist_1e8vcs8._.js:776
[ 3322872ms] [LOG] [Fast Refresh] done in 99ms @ http://localhost:5173/_next/static/chunks/node_modules_next_dist_1e8vcs8._.js:776
[ 3322932ms] [LOG] [Fast Refresh] done in 99ms @ http://localhost:5173/_next/static/chunks/node_modules_next_dist_1e8vcs8._.js:776
[ 3322981ms] [LOG] [Fast Refresh] done in 99ms @ http://localhost:5173/_next/static/chunks/node_modules_next_dist_1e8vcs8._.js:776
[ 3323030ms] [LOG] [Fast Refresh] done in 99ms @ http://localhost:5173/_next/static/chunks/node_modules_next_dist_1e8vcs8._.js:776
[ 3323080ms] [LOG] [Fast Refresh] done in 99ms @ http://localhost:5173/_next/static/chunks/node_modules_next_dist_1e8vcs8._.js:776
[ 3323143ms] [LOG] [Fast Refresh] done in 99ms @ http://localhost:5173/_next/static/chunks/node_modules_next_dist_1e8vcs8._.js:776
[ 3323193ms] [LOG] [Fast Refresh] done in 99ms @ http://localhost:5173/_next/static/chunks/node_modules_next_dist_1e8vcs8._.js:776
[ 3323254ms] [LOG] [Fast Refresh] done in 99ms @ http://localhost:5173/_next/static/chunks/node_modules_next_dist_1e8vcs8._.js:776
[ 3323312ms] [LOG] [Fast Refresh] done in 99ms @ http://localhost:5173/_next/static/chunks/node_modules_next_dist_1e8vcs8._.js:776
[ 3323367ms] [LOG] [Fast Refresh] done in 99ms @ http://localhost:5173/_next/static/chunks/node_modules_next_dist_1e8vcs8._.js:776
[ 3323409ms] [LOG] [Fast Refresh] done in 99ms @ http://localhost:5173/_next/static/chunks/node_modules_next_dist_1e8vcs8._.js:776
[ 3323462ms] [LOG] [Fast Refresh] done in 99ms @ http://localhost:5173/_next/static/chunks/node_modules_next_dist_1e8vcs8._.js:776
[ 3323522ms] [LOG] [Fast Refresh] done in 99ms @ http://localhost:5173/_next/static/chunks/node_modules_next_dist_1e8vcs8._.js:776
[ 3323589ms] [LOG] [Fast Refresh] done in 99ms @ http://localhost:5173/_next/static/chunks/node_modules_next_dist_1e8vcs8._.js:776
[ 3323650ms] [LOG] [Fast Refresh] done in 99ms @ http://localhost:5173/_next/static/chunks/node_modules_next_dist_1e8vcs8._.js:776
[ 3323705ms] [LOG] [Fast Refresh] done in 99ms @ http://localhost:5173/_next/static/chunks/node_modules_next_dist_1e8vcs8._.js:776
[ 3323772ms] [LOG] [Fast Refresh] done in 99ms @ http://localhost:5173/_next/static/chunks/node_modules_next_dist_1e8vcs8._.js:776
[ 3323828ms] [LOG] [Fast Refresh] done in 99ms @ http://localhost:5173/_next/static/chunks/node_modules_next_dist_1e8vcs8._.js:776
[ 3323884ms] [LOG] [Fast Refresh] done in 99ms @ http://localhost:5173/_next/static/chunks/node_modules_next_dist_1e8vcs8._.js:776
[ 3323932ms] [LOG] [Fast Refresh] done in 99ms @ http://localhost:5173/_next/static/chunks/node_modules_next_dist_1e8vcs8._.js:776
[ 3323991ms] [LOG] [Fast Refresh] done in 99ms @ http://localhost:5173/_next/static/chunks/node_modules_next_dist_1e8vcs8._.js:776
[ 3324058ms] [LOG] [Fast Refresh] done in 99ms @ http://localhost:5173/_next/static/chunks/node_modules_next_dist_1e8vcs8._.js:776
[ 3324110ms] [LOG] [Fast Refresh] done in 99ms @ http://localhost:5173/_next/static/chunks/node_modules_next_dist_1e8vcs8._.js:776
[ 3324172ms] [LOG] [Fast Refresh] done in 99ms @ http://localhost:5173/_next/static/chunks/node_modules_next_dist_1e8vcs8._.js:776
[ 3324226ms] [LOG] [Fast Refresh] done in 99ms @ http://localhost:5173/_next/static/chunks/node_modules_next_dist_1e8vcs8._.js:776
[ 3324288ms] [LOG] [Fast Refresh] done in 99ms @ http://localhost:5173/_next/static/chunks/node_modules_next_dist_1e8vcs8._.js:776
[ 3324350ms] [LOG] [Fast Refresh] done in 99ms @ http://localhost:5173/_next/static/chunks/node_modules_next_dist_1e8vcs8._.js:776
[ 3324407ms] [LOG] [Fast Refresh] done in 99ms @ http://localhost:5173/_next/static/chunks/node_modules_next_dist_1e8vcs8._.js:776
[ 3324470ms] [LOG] [Fast Refresh] done in 99ms @ http://localhost:5173/_next/static/chunks/node_modules_next_dist_1e8vcs8._.js:776
[ 3324525ms] [LOG] [Fast Refresh] done in 99ms @ http://localhost:5173/_next/static/chunks/node_modules_next_dist_1e8vcs8._.js:776
[ 3324577ms] [LOG] [Fast Refresh] done in 99ms @ http://localhost:5173/_next/static/chunks/node_modules_next_dist_1e8vcs8._.js:776
[ 3324628ms] [LOG] [Fast Refresh] done in 99ms @ http://localhost:5173/_next/static/chunks/node_modules_next_dist_1e8vcs8._.js:776
[ 3324681ms] [LOG] [Fast Refresh] done in 99ms @ http://localhost:5173/_next/static/chunks/node_modules_next_dist_1e8vcs8._.js:776
[ 3324743ms] [LOG] [Fast Refresh] done in 99ms @ http://localhost:5173/_next/static/chunks/node_modules_next_dist_1e8vcs8._.js:776
[ 3324803ms] [LOG] [Fast Refresh] done in 99ms @ http://localhost:5173/_next/static/chunks/node_modules_next_dist_1e8vcs8._.js:776
[ 3324850ms] [LOG] [Fast Refresh] done in 99ms @ http://localhost:5173/_next/static/chunks/node_modules_next_dist_1e8vcs8._.js:776
[ 3324904ms] [LOG] [Fast Refresh] done in 99ms @ http://localhost:5173/_next/static/chunks/node_modules_next_dist_1e8vcs8._.js:776
[ 3324966ms] [LOG] [Fast Refresh] done in 99ms @ http://localhost:5173/_next/static/chunks/node_modules_next_dist_1e8vcs8._.js:776
[ 3325012ms] [LOG] [Fast Refresh] done in 99ms @ http://localhost:5173/_next/static/chunks/node_modules_next_dist_1e8vcs8._.js:776
[ 3325071ms] [LOG] [Fast Refresh] done in 99ms @ http://localhost:5173/_next/static/chunks/node_modules_next_dist_1e8vcs8._.js:776
[ 3325123ms] [LOG] [Fast Refresh] done in 99ms @ http://localhost:5173/_next/static/chunks/node_modules_next_dist_1e8vcs8._.js:776
[ 3325169ms] [LOG] [Fast Refresh] done in 99ms @ http://localhost:5173/_next/static/chunks/node_modules_next_dist_1e8vcs8._.js:776
[ 3325220ms] [LOG] [Fast Refresh] done in 99ms @ http://localhost:5173/_next/static/chunks/node_modules_next_dist_1e8vcs8._.js:776
[ 3325268ms] [LOG] [Fast Refresh] done in 99ms @ http://localhost:5173/_next/static/chunks/node_modules_next_dist_1e8vcs8._.js:776
[ 3325321ms] [LOG] [Fast Refresh] done in 99ms @ http://localhost:5173/_next/static/chunks/node_modules_next_dist_1e8vcs8._.js:776
[ 3325382ms] [LOG] [Fast Refresh] done in 99ms @ http://localhost:5173/_next/static/chunks/node_modules_next_dist_1e8vcs8._.js:776
[ 3325445ms] [LOG] [Fast Refresh] done in 99ms @ http://localhost:5173/_next/static/chunks/node_modules_next_dist_1e8vcs8._.js:776
[ 3325504ms] [LOG] [Fast Refresh] done in 99ms @ http://localhost:5173/_next/static/chunks/node_modules_next_dist_1e8vcs8._.js:776
[ 3325551ms] [LOG] [Fast Refresh] done in 99ms @ http://localhost:5173/_next/static/chunks/node_modules_next_dist_1e8vcs8._.js:776
[ 3325607ms] [LOG] [Fast Refresh] done in 99ms @ http://localhost:5173/_next/static/chunks/node_modules_next_dist_1e8vcs8._.js:776
[ 3325658ms] [LOG] [Fast Refresh] done in 99ms @ http://localhost:5173/_next/static/chunks/node_modules_next_dist_1e8vcs8._.js:776
[ 3325720ms] [LOG] [Fast Refresh] done in 99ms @ http://localhost:5173/_next/static/chunks/node_modules_next_dist_1e8vcs8._.js:776
[ 3325768ms] [LOG] [Fast Refresh] done in 99ms @ http://localhost:5173/_next/static/chunks/node_modules_next_dist_1e8vcs8._.js:776
[ 3325828ms] [LOG] [Fast Refresh] done in 99ms @ http://localhost:5173/_next/static/chunks/node_modules_next_dist_1e8vcs8._.js:776
[ 3325890ms] [LOG] [Fast Refresh] done in 99ms @ http://localhost:5173/_next/static/chunks/node_modules_next_dist_1e8vcs8._.js:776
[ 3325952ms] [LOG] [Fast Refresh] done in 99ms @ http://localhost:5173/_next/static/chunks/node_modules_next_dist_1e8vcs8._.js:776
[ 3326003ms] [LOG] [Fast Refresh] done in 99ms @ http://localhost:5173/_next/static/chunks/node_modules_next_dist_1e8vcs8._.js:776
[ 3326051ms] [LOG] [Fast Refresh] done in 99ms @ http://localhost:5173/_next/static/chunks/node_modules_next_dist_1e8vcs8._.js:776
[ 3326108ms] [LOG] [Fast Refresh] done in 99ms @ http://localhost:5173/_next/static/chunks/node_modules_next_dist_1e8vcs8._.js:776
[ 3326161ms] [LOG] [Fast Refresh] done in 99ms @ http://localhost:5173/_next/static/chunks/node_modules_next_dist_1e8vcs8._.js:776
[ 3326219ms] [LOG] [Fast Refresh] done in 99ms @ http://localhost:5173/_next/static/chunks/node_modules_next_dist_1e8vcs8._.js:776
[ 3326267ms] [LOG] [Fast Refresh] done in 99ms @ http://localhost:5173/_next/static/chunks/node_modules_next_dist_1e8vcs8._.js:776
[ 3326324ms] [LOG] [Fast Refresh] done in 99ms @ http://localhost:5173/_next/static/chunks/node_modules_next_dist_1e8vcs8._.js:776
[ 3326382ms] [LOG] [Fast Refresh] done in 99ms @ http://localhost:5173/_next/static/chunks/node_modules_next_dist_1e8vcs8._.js:776
[ 3326430ms] [LOG] [Fast Refresh] done in 99ms @ http://localhost:5173/_next/static/chunks/node_modules_next_dist_1e8vcs8._.js:776
[ 3326489ms] [LOG] [Fast Refresh] done in 99ms @ http://localhost:5173/_next/static/chunks/node_modules_next_dist_1e8vcs8._.js:776
[ 3326549ms] [LOG] [Fast Refresh] done in 99ms @ http://localhost:5173/_next/static/chunks/node_modules_next_dist_1e8vcs8._.js:776
[ 3326607ms] [LOG] [Fast Refresh] done in 99ms @ http://localhost:5173/_next/static/chunks/node_modules_next_dist_1e8vcs8._.js:776
[ 3326669ms] [LOG] [Fast Refresh] done in 99ms @ http://localhost:5173/_next/static/chunks/node_modules_next_dist_1e8vcs8._.js:776
[ 3326726ms] [LOG] [Fast Refresh] done in 99ms @ http://localhost:5173/_next/static/chunks/node_modules_next_dist_1e8vcs8._.js:776
[ 3326784ms] [LOG] [Fast Refresh] done in 99ms @ http://localhost:5173/_next/static/chunks/node_modules_next_dist_1e8vcs8._.js:776
[ 3326845ms] [LOG] [Fast Refresh] done in 99ms @ http://localhost:5173/_next/static/chunks/node_modules_next_dist_1e8vcs8._.js:776
[ 3326898ms] [LOG] [Fast Refresh] done in 99ms @ http://localhost:5173/_next/static/chunks/node_modules_next_dist_1e8vcs8._.js:776
[ 3326934ms] [LOG] [Fast Refresh] done in 99ms @ http://localhost:5173/_next/static/chunks/node_modules_next_dist_1e8vcs8._.js:776
[ 3326984ms] [LOG] [Fast Refresh] done in 99ms @ http://localhost:5173/_next/static/chunks/node_modules_next_dist_1e8vcs8._.js:776
[ 3327045ms] [LOG] [Fast Refresh] done in 99ms @ http://localhost:5173/_next/static/chunks/node_modules_next_dist_1e8vcs8._.js:776
[ 3327108ms] [LOG] [Fast Refresh] done in 99ms @ http://localhost:5173/_next/static/chunks/node_modules_next_dist_1e8vcs8._.js:776
[ 3327169ms] [LOG] [Fast Refresh] done in 99ms @ http://localhost:5173/_next/static/chunks/node_modules_next_dist_1e8vcs8._.js:776
[ 3327222ms] [LOG] [Fast Refresh] done in 99ms @ http://localhost:5173/_next/static/chunks/node_modules_next_dist_1e8vcs8._.js:776
[ 3327276ms] [LOG] [Fast Refresh] done in 99ms @ http://localhost:5173/_next/static/chunks/node_modules_next_dist_1e8vcs8._.js:776
[ 3327323ms] [LOG] [Fast Refresh] done in 99ms @ http://localhost:5173/_next/static/chunks/node_modules_next_dist_1e8vcs8._.js:776
[ 3327373ms] [LOG] [Fast Refresh] done in 99ms @ http://localhost:5173/_next/static/chunks/node_modules_next_dist_1e8vcs8._.js:776
[ 3327411ms] [LOG] [Fast Refresh] done in 99ms @ http://localhost:5173/_next/static/chunks/node_modules_next_dist_1e8vcs8._.js:776
[ 3327466ms] [LOG] [Fast Refresh] done in 99ms @ http://localhost:5173/_next/static/chunks/node_modules_next_dist_1e8vcs8._.js:776
[ 3327508ms] [LOG] [Fast Refresh] done in 99ms @ http://localhost:5173/_next/static/chunks/node_modules_next_dist_1e8vcs8._.js:776
[ 3327562ms] [LOG] [Fast Refresh] done in 99ms @ http://localhost:5173/_next/static/chunks/node_modules_next_dist_1e8vcs8._.js:776
[ 3327624ms] [LOG] [Fast Refresh] done in 99ms @ http://localhost:5173/_next/static/chunks/node_modules_next_dist_1e8vcs8._.js:776
[ 3327671ms] [LOG] [Fast Refresh] done in 99ms @ http://localhost:5173/_next/static/chunks/node_modules_next_dist_1e8vcs8._.js:776
[ 3327728ms] [LOG] [Fast Refresh] done in 99ms @ http://localhost:5173/_next/static/chunks/node_modules_next_dist_1e8vcs8._.js:776
[ 3327782ms] [LOG] [Fast Refresh] done in 99ms @ http://localhost:5173/_next/static/chunks/node_modules_next_dist_1e8vcs8._.js:776
[ 3327845ms] [LOG] [Fast Refresh] done in 99ms @ http://localhost:5173/_next/static/chunks/node_modules_next_dist_1e8vcs8._.js:776
[ 3327904ms] [LOG] [Fast Refresh] done in 99ms @ http://localhost:5173/_next/static/chunks/node_modules_next_dist_1e8vcs8._.js:776
[ 3327971ms] [LOG] [Fast Refresh] done in 99ms @ http://localhost:5173/_next/static/chunks/node_modules_next_dist_1e8vcs8._.js:776
[ 3328020ms] [LOG] [Fast Refresh] done in 99ms @ http://localhost:5173/_next/static/chunks/node_modules_next_dist_1e8vcs8._.js:776
[ 3328068ms] [LOG] [Fast Refresh] done in 99ms @ http://localhost:5173/_next/static/chunks/node_modules_next_dist_1e8vcs8._.js:776
[ 3328114ms] [LOG] [Fast Refresh] done in 99ms @ http://localhost:5173/_next/static/chunks/node_modules_next_dist_1e8vcs8._.js:776
[ 3328172ms] [LOG] [Fast Refresh] done in 99ms @ http://localhost:5173/_next/static/chunks/node_modules_next_dist_1e8vcs8._.js:776
[ 3328224ms] [LOG] [Fast Refresh] done in 99ms @ http://localhost:5173/_next/static/chunks/node_modules_next_dist_1e8vcs8._.js:776
[ 3328282ms] [LOG] [Fast Refresh] done in 99ms @ http://localhost:5173/_next/static/chunks/node_modules_next_dist_1e8vcs8._.js:776
[ 3328328ms] [LOG] [Fast Refresh] done in 99ms @ http://localhost:5173/_next/static/chunks/node_modules_next_dist_1e8vcs8._.js:776
[ 3328390ms] [LOG] [Fast Refresh] done in 99ms @ http://localhost:5173/_next/static/chunks/node_modules_next_dist_1e8vcs8._.js:776
[ 3328431ms] [LOG] [Fast Refresh] done in 99ms @ http://localhost:5173/_next/static/chunks/node_modules_next_dist_1e8vcs8._.js:776
[ 3328488ms] [LOG] [Fast Refresh] done in 99ms @ http://localhost:5173/_next/static/chunks/node_modules_next_dist_1e8vcs8._.js:776
[ 3328534ms] [LOG] [Fast Refresh] done in 99ms @ http://localhost:5173/_next/static/chunks/node_modules_next_dist_1e8vcs8._.js:776
[ 3328589ms] [LOG] [Fast Refresh] done in 99ms @ http://localhost:5173/_next/static/chunks/node_modules_next_dist_1e8vcs8._.js:776
[ 3328650ms] [LOG] [Fast Refresh] done in 99ms @ http://localhost:5173/_next/static/chunks/node_modules_next_dist_1e8vcs8._.js:776
[ 3328708ms] [LOG] [Fast Refresh] done in 99ms @ http://localhost:5173/_next/static/chunks/node_modules_next_dist_1e8vcs8._.js:776
[ 3328770ms] [LOG] [Fast Refresh] done in 99ms @ http://localhost:5173/_next/static/chunks/node_modules_next_dist_1e8vcs8._.js:776
[ 3328812ms] [LOG] [Fast Refresh] done in 99ms @ http://localhost:5173/_next/static/chunks/node_modules_next_dist_1e8vcs8._.js:776
[ 3328872ms] [LOG] [Fast Refresh] done in 99ms @ http://localhost:5173/_next/static/chunks/node_modules_next_dist_1e8vcs8._.js:776
[ 3328925ms] [LOG] [Fast Refresh] done in 99ms @ http://localhost:5173/_next/static/chunks/node_modules_next_dist_1e8vcs8._.js:776
[ 3328973ms] [LOG] [Fast Refresh] done in 99ms @ http://localhost:5173/_next/static/chunks/node_modules_next_dist_1e8vcs8._.js:776
[ 3329029ms] [LOG] [Fast Refresh] done in 99ms @ http://localhost:5173/_next/static/chunks/node_modules_next_dist_1e8vcs8._.js:776
[ 3329088ms] [LOG] [Fast Refresh] done in 99ms @ http://localhost:5173/_next/static/chunks/node_modules_next_dist_1e8vcs8._.js:776
[ 3329147ms] [LOG] [Fast Refresh] done in 99ms @ http://localhost:5173/_next/static/chunks/node_modules_next_dist_1e8vcs8._.js:776
[ 3329208ms] [LOG] [Fast Refresh] done in 99ms @ http://localhost:5173/_next/static/chunks/node_modules_next_dist_1e8vcs8._.js:776
[ 3329270ms] [LOG] [Fast Refresh] done in 99ms @ http://localhost:5173/_next/static/chunks/node_modules_next_dist_1e8vcs8._.js:776
[ 3329327ms] [LOG] [Fast Refresh] done in 99ms @ http://localhost:5173/_next/static/chunks/node_modules_next_dist_1e8vcs8._.js:776
[ 3329388ms] [LOG] [Fast Refresh] done in 99ms @ http://localhost:5173/_next/static/chunks/node_modules_next_dist_1e8vcs8._.js:776
[ 3329430ms] [LOG] [Fast Refresh] done in 99ms @ http://localhost:5173/_next/static/chunks/node_modules_next_dist_1e8vcs8._.js:776
[ 3329491ms] [LOG] [Fast Refresh] done in 99ms @ http://localhost:5173/_next/static/chunks/node_modules_next_dist_1e8vcs8._.js:776
[ 3329550ms] [LOG] [Fast Refresh] done in 99ms @ http://localhost:5173/_next/static/chunks/node_modules_next_dist_1e8vcs8._.js:776
[ 3329610ms] [LOG] [Fast Refresh] done in 99ms @ http://localhost:5173/_next/static/chunks/node_modules_next_dist_1e8vcs8._.js:776
[ 3329672ms] [LOG] [Fast Refresh] done in 99ms @ http://localhost:5173/_next/static/chunks/node_modules_next_dist_1e8vcs8._.js:776
[ 3329723ms] [LOG] [Fast Refresh] done in 99ms @ http://localhost:5173/_next/static/chunks/node_modules_next_dist_1e8vcs8._.js:776
[ 3329788ms] [LOG] [Fast Refresh] done in 99ms @ http://localhost:5173/_next/static/chunks/node_modules_next_dist_1e8vcs8._.js:776
[ 3329835ms] [LOG] [Fast Refresh] done in 99ms @ http://localhost:5173/_next/static/chunks/node_modules_next_dist_1e8vcs8._.js:776
[ 3329893ms] [LOG] [Fast Refresh] done in 99ms @ http://localhost:5173/_next/static/chunks/node_modules_next_dist_1e8vcs8._.js:776
[ 3329954ms] [LOG] [Fast Refresh] done in 99ms @ http://localhost:5173/_next/static/chunks/node_modules_next_dist_1e8vcs8._.js:776
[ 3330012ms] [LOG] [Fast Refresh] done in 99ms @ http://localhost:5173/_next/static/chunks/node_modules_next_dist_1e8vcs8._.js:776
[ 3330074ms] [LOG] [Fast Refresh] done in 99ms @ http://localhost:5173/_next/static/chunks/node_modules_next_dist_1e8vcs8._.js:776
[ 3330136ms] [LOG] [Fast Refresh] done in 99ms @ http://localhost:5173/_next/static/chunks/node_modules_next_dist_1e8vcs8._.js:776
[ 3330192ms] [LOG] [Fast Refresh] done in 99ms @ http://localhost:5173/_next/static/chunks/node_modules_next_dist_1e8vcs8._.js:776
[ 3330253ms] [LOG] [Fast Refresh] done in 99ms @ http://localhost:5173/_next/static/chunks/node_modules_next_dist_1e8vcs8._.js:776
[ 3330304ms] [LOG] [Fast Refresh] done in 99ms @ http://localhost:5173/_next/static/chunks/node_modules_next_dist_1e8vcs8._.js:776
[ 3330352ms] [LOG] [Fast Refresh] done in 99ms @ http://localhost:5173/_next/static/chunks/node_modules_next_dist_1e8vcs8._.js:776
[ 3330408ms] [LOG] [Fast Refresh] done in 99ms @ http://localhost:5173/_next/static/chunks/node_modules_next_dist_1e8vcs8._.js:776
[ 3330456ms] [LOG] [Fast Refresh] done in 99ms @ http://localhost:5173/_next/static/chunks/node_modules_next_dist_1e8vcs8._.js:776
[ 3330504ms] [LOG] [Fast Refresh] done in 99ms @ http://localhost:5173/_next/static/chunks/node_modules_next_dist_1e8vcs8._.js:776
[ 3330551ms] [LOG] [Fast Refresh] done in 99ms @ http://localhost:5173/_next/static/chunks/node_modules_next_dist_1e8vcs8._.js:776
[ 3330601ms] [LOG] [Fast Refresh] done in 99ms @ http://localhost:5173/_next/static/chunks/node_modules_next_dist_1e8vcs8._.js:776
[ 3330648ms] [LOG] [Fast Refresh] done in 99ms @ http://localhost:5173/_next/static/chunks/node_modules_next_dist_1e8vcs8._.js:776
[ 3330707ms] [LOG] [Fast Refresh] done in 99ms @ http://localhost:5173/_next/static/chunks/node_modules_next_dist_1e8vcs8._.js:776
[ 3330768ms] [LOG] [Fast Refresh] done in 99ms @ http://localhost:5173/_next/static/chunks/node_modules_next_dist_1e8vcs8._.js:776
[ 3330816ms] [LOG] [Fast Refresh] done in 99ms @ http://localhost:5173/_next/static/chunks/node_modules_next_dist_1e8vcs8._.js:776
[ 3330878ms] [LOG] [Fast Refresh] done in 99ms @ http://localhost:5173/_next/static/chunks/node_modules_next_dist_1e8vcs8._.js:776
[ 3330928ms] [LOG] [Fast Refresh] done in 99ms @ http://localhost:5173/_next/static/chunks/node_modules_next_dist_1e8vcs8._.js:776
[ 3330980ms] [LOG] [Fast Refresh] done in 99ms @ http://localhost:5173/_next/static/chunks/node_modules_next_dist_1e8vcs8._.js:776
[ 3331028ms] [LOG] [Fast Refresh] done in 99ms @ http://localhost:5173/_next/static/chunks/node_modules_next_dist_1e8vcs8._.js:776
[ 3331078ms] [LOG] [Fast Refresh] done in 99ms @ http://localhost:5173/_next/static/chunks/node_modules_next_dist_1e8vcs8._.js:776
[ 3331135ms] [LOG] [Fast Refresh] done in 99ms @ http://localhost:5173/_next/static/chunks/node_modules_next_dist_1e8vcs8._.js:776
[ 3331182ms] [LOG] [Fast Refresh] done in 99ms @ http://localhost:5173/_next/static/chunks/node_modules_next_dist_1e8vcs8._.js:776
[ 3331228ms] [LOG] [Fast Refresh] done in 99ms @ http://localhost:5173/_next/static/chunks/node_modules_next_dist_1e8vcs8._.js:776
[ 3331290ms] [LOG] [Fast Refresh] done in 99ms @ http://localhost:5173/_next/static/chunks/node_modules_next_dist_1e8vcs8._.js:776
[ 3331347ms] [LOG] [Fast Refresh] done in 99ms @ http://localhost:5173/_next/static/chunks/node_modules_next_dist_1e8vcs8._.js:776
[ 3331404ms] [LOG] [Fast Refresh] done in 99ms @ http://localhost:5173/_next/static/chunks/node_modules_next_dist_1e8vcs8._.js:776
[ 3331466ms] [LOG] [Fast Refresh] done in 99ms @ http://localhost:5173/_next/static/chunks/node_modules_next_dist_1e8vcs8._.js:776
[ 3331520ms] [LOG] [Fast Refresh] done in 99ms @ http://localhost:5173/_next/static/chunks/node_modules_next_dist_1e8vcs8._.js:776
[ 3331577ms] [LOG] [Fast Refresh] done in 99ms @ http://localhost:5173/_next/static/chunks/node_modules_next_dist_1e8vcs8._.js:776
[ 3331628ms] [LOG] [Fast Refresh] done in 99ms @ http://localhost:5173/_next/static/chunks/node_modules_next_dist_1e8vcs8._.js:776
[ 3331676ms] [LOG] [Fast Refresh] done in 99ms @ http://localhost:5173/_next/static/chunks/node_modules_next_dist_1e8vcs8._.js:776
[ 3331738ms] [LOG] [Fast Refresh] done in 99ms @ http://localhost:5173/_next/static/chunks/node_modules_next_dist_1e8vcs8._.js:776
[ 3331788ms] [LOG] [Fast Refresh] done in 99ms @ http://localhost:5173/_next/static/chunks/node_modules_next_dist_1e8vcs8._.js:776
[ 3331847ms] [LOG] [Fast Refresh] done in 99ms @ http://localhost:5173/_next/static/chunks/node_modules_next_dist_1e8vcs8._.js:776
[ 3331906ms] [LOG] [Fast Refresh] done in 99ms @ http://localhost:5173/_next/static/chunks/node_modules_next_dist_1e8vcs8._.js:776
[ 3331968ms] [LOG] [Fast Refresh] done in 99ms @ http://localhost:5173/_next/static/chunks/node_modules_next_dist_1e8vcs8._.js:776
[ 3332011ms] [LOG] [Fast Refresh] done in 99ms @ http://localhost:5173/_next/static/chunks/node_modules_next_dist_1e8vcs8._.js:776
[ 3332073ms] [LOG] [Fast Refresh] done in 99ms @ http://localhost:5173/_next/static/chunks/node_modules_next_dist_1e8vcs8._.js:776
[ 3332128ms] [LOG] [Fast Refresh] done in 99ms @ http://localhost:5173/_next/static/chunks/node_modules_next_dist_1e8vcs8._.js:776
[ 3332181ms] [LOG] [Fast Refresh] done in 99ms @ http://localhost:5173/_next/static/chunks/node_modules_next_dist_1e8vcs8._.js:776
[ 3332227ms] [LOG] [Fast Refresh] done in 99ms @ http://localhost:5173/_next/static/chunks/node_modules_next_dist_1e8vcs8._.js:776
[ 3332273ms] [LOG] [Fast Refresh] done in 99ms @ http://localhost:5173/_next/static/chunks/node_modules_next_dist_1e8vcs8._.js:776
[ 3332334ms] [LOG] [Fast Refresh] done in 99ms @ http://localhost:5173/_next/static/chunks/node_modules_next_dist_1e8vcs8._.js:776
[ 3332393ms] [LOG] [Fast Refresh] done in 99ms @ http://localhost:5173/_next/static/chunks/node_modules_next_dist_1e8vcs8._.js:776
[ 3332456ms] [LOG] [Fast Refresh] done in 99ms @ http://localhost:5173/_next/static/chunks/node_modules_next_dist_1e8vcs8._.js:776
[ 3332504ms] [LOG] [Fast Refresh] done in 99ms @ http://localhost:5173/_next/static/chunks/node_modules_next_dist_1e8vcs8._.js:776
[ 3332566ms] [LOG] [Fast Refresh] done in 99ms @ http://localhost:5173/_next/static/chunks/node_modules_next_dist_1e8vcs8._.js:776
[ 3332622ms] [LOG] [Fast Refresh] done in 99ms @ http://localhost:5173/_next/static/chunks/node_modules_next_dist_1e8vcs8._.js:776
[ 3332673ms] [LOG] [Fast Refresh] done in 99ms @ http://localhost:5173/_next/static/chunks/node_modules_next_dist_1e8vcs8._.js:776
[ 3332733ms] [LOG] [Fast Refresh] done in 99ms @ http://localhost:5173/_next/static/chunks/node_modules_next_dist_1e8vcs8._.js:776
[ 3332798ms] [LOG] [Fast Refresh] done in 99ms @ http://localhost:5173/_next/static/chunks/node_modules_next_dist_1e8vcs8._.js:776
[ 3332846ms] [LOG] [Fast Refresh] done in 99ms @ http://localhost:5173/_next/static/chunks/node_modules_next_dist_1e8vcs8._.js:776
[ 3332896ms] [LOG] [Fast Refresh] done in 99ms @ http://localhost:5173/_next/static/chunks/node_modules_next_dist_1e8vcs8._.js:776
[ 3332958ms] [LOG] [Fast Refresh] done in 99ms @ http://localhost:5173/_next/static/chunks/node_modules_next_dist_1e8vcs8._.js:776
[ 3333019ms] [LOG] [Fast Refresh] done in 99ms @ http://localhost:5173/_next/static/chunks/node_modules_next_dist_1e8vcs8._.js:776
[ 3333075ms] [LOG] [Fast Refresh] done in 99ms @ http://localhost:5173/_next/static/chunks/node_modules_next_dist_1e8vcs8._.js:776
[ 3333122ms] [LOG] [Fast Refresh] done in 99ms @ http://localhost:5173/_next/static/chunks/node_modules_next_dist_1e8vcs8._.js:776
[ 3333170ms] [LOG] [Fast Refresh] done in 99ms @ http://localhost:5173/_next/static/chunks/node_modules_next_dist_1e8vcs8._.js:776
[ 3333225ms] [LOG] [Fast Refresh] done in 99ms @ http://localhost:5173/_next/static/chunks/node_modules_next_dist_1e8vcs8._.js:776
[ 3333284ms] [LOG] [Fast Refresh] done in 99ms @ http://localhost:5173/_next/static/chunks/node_modules_next_dist_1e8vcs8._.js:776
[ 3333333ms] [LOG] [Fast Refresh] done in 99ms @ http://localhost:5173/_next/static/chunks/node_modules_next_dist_1e8vcs8._.js:776
[ 3333396ms] [LOG] [Fast Refresh] done in 99ms @ http://localhost:5173/_next/static/chunks/node_modules_next_dist_1e8vcs8._.js:776
[ 3333458ms] [LOG] [Fast Refresh] done in 99ms @ http://localhost:5173/_next/static/chunks/node_modules_next_dist_1e8vcs8._.js:776
[ 3333504ms] [LOG] [Fast Refresh] done in 99ms @ http://localhost:5173/_next/static/chunks/node_modules_next_dist_1e8vcs8._.js:776
[ 3333566ms] [LOG] [Fast Refresh] done in 99ms @ http://localhost:5173/_next/static/chunks/node_modules_next_dist_1e8vcs8._.js:776
[ 3333622ms] [LOG] [Fast Refresh] done in 99ms @ http://localhost:5173/_next/static/chunks/node_modules_next_dist_1e8vcs8._.js:776
[ 3333672ms] [LOG] [Fast Refresh] done in 99ms @ http://localhost:5173/_next/static/chunks/node_modules_next_dist_1e8vcs8._.js:776
[ 3333720ms] [LOG] [Fast Refresh] done in 99ms @ http://localhost:5173/_next/static/chunks/node_modules_next_dist_1e8vcs8._.js:776
[ 3333777ms] [LOG] [Fast Refresh] done in 99ms @ http://localhost:5173/_next/static/chunks/node_modules_next_dist_1e8vcs8._.js:776
[ 3333836ms] [LOG] [Fast Refresh] done in 99ms @ http://localhost:5173/_next/static/chunks/node_modules_next_dist_1e8vcs8._.js:776
[ 3333891ms] [LOG] [Fast Refresh] done in 99ms @ http://localhost:5173/_next/static/chunks/node_modules_next_dist_1e8vcs8._.js:776
[ 3333954ms] [LOG] [Fast Refresh] done in 99ms @ http://localhost:5173/_next/static/chunks/node_modules_next_dist_1e8vcs8._.js:776
[ 3334010ms] [LOG] [Fast Refresh] done in 99ms @ http://localhost:5173/_next/static/chunks/node_modules_next_dist_1e8vcs8._.js:776
[ 3334073ms] [LOG] [Fast Refresh] done in 99ms @ http://localhost:5173/_next/static/chunks/node_modules_next_dist_1e8vcs8._.js:776
[ 3334113ms] [LOG] [Fast Refresh] done in 99ms @ http://localhost:5173/_next/static/chunks/node_modules_next_dist_1e8vcs8._.js:776
[ 3334172ms] [LOG] [Fast Refresh] done in 99ms @ http://localhost:5173/_next/static/chunks/node_modules_next_dist_1e8vcs8._.js:776
[ 3334231ms] [LOG] [Fast Refresh] done in 99ms @ http://localhost:5173/_next/static/chunks/node_modules_next_dist_1e8vcs8._.js:776
[ 3334292ms] [LOG] [Fast Refresh] done in 99ms @ http://localhost:5173/_next/static/chunks/node_modules_next_dist_1e8vcs8._.js:776
[ 3334350ms] [LOG] [Fast Refresh] done in 99ms @ http://localhost:5173/_next/static/chunks/node_modules_next_dist_1e8vcs8._.js:776
[ 3334411ms] [LOG] [Fast Refresh] done in 99ms @ http://localhost:5173/_next/static/chunks/node_modules_next_dist_1e8vcs8._.js:776
[ 3334458ms] [LOG] [Fast Refresh] done in 99ms @ http://localhost:5173/_next/static/chunks/node_modules_next_dist_1e8vcs8._.js:776
[ 3334515ms] [LOG] [Fast Refresh] done in 99ms @ http://localhost:5173/_next/static/chunks/node_modules_next_dist_1e8vcs8._.js:776
[ 3334578ms] [LOG] [Fast Refresh] done in 99ms @ http://localhost:5173/_next/static/chunks/node_modules_next_dist_1e8vcs8._.js:776
[ 3334629ms] [LOG] [Fast Refresh] done in 99ms @ http://localhost:5173/_next/static/chunks/node_modules_next_dist_1e8vcs8._.js:776
[ 3334678ms] [LOG] [Fast Refresh] done in 99ms @ http://localhost:5173/_next/static/chunks/node_modules_next_dist_1e8vcs8._.js:776
[ 3334726ms] [LOG] [Fast Refresh] done in 99ms @ http://localhost:5173/_next/static/chunks/node_modules_next_dist_1e8vcs8._.js:776
[ 3334782ms] [LOG] [Fast Refresh] done in 99ms @ http://localhost:5173/_next/static/chunks/node_modules_next_dist_1e8vcs8._.js:776
[ 3334839ms] [LOG] [Fast Refresh] done in 99ms @ http://localhost:5173/_next/static/chunks/node_modules_next_dist_1e8vcs8._.js:776
[ 3334900ms] [LOG] [Fast Refresh] done in 99ms @ http://localhost:5173/_next/static/chunks/node_modules_next_dist_1e8vcs8._.js:776
[ 3334963ms] [LOG] [Fast Refresh] done in 99ms @ http://localhost:5173/_next/static/chunks/node_modules_next_dist_1e8vcs8._.js:776
[ 3335028ms] [LOG] [Fast Refresh] done in 99ms @ http://localhost:5173/_next/static/chunks/node_modules_next_dist_1e8vcs8._.js:776
[ 3335081ms] [LOG] [Fast Refresh] done in 99ms @ http://localhost:5173/_next/static/chunks/node_modules_next_dist_1e8vcs8._.js:776
[ 3335144ms] [LOG] [Fast Refresh] done in 99ms @ http://localhost:5173/_next/static/chunks/node_modules_next_dist_1e8vcs8._.js:776
[ 3335193ms] [LOG] [Fast Refresh] done in 99ms @ http://localhost:5173/_next/static/chunks/node_modules_next_dist_1e8vcs8._.js:776
[ 3335255ms] [LOG] [Fast Refresh] done in 99ms @ http://localhost:5173/_next/static/chunks/node_modules_next_dist_1e8vcs8._.js:776
[ 3335308ms] [LOG] [Fast Refresh] done in 99ms @ http://localhost:5173/_next/static/chunks/node_modules_next_dist_1e8vcs8._.js:776
[ 3335370ms] [LOG] [Fast Refresh] done in 99ms @ http://localhost:5173/_next/static/chunks/node_modules_next_dist_1e8vcs8._.js:776
[ 3335418ms] [LOG] [Fast Refresh] done in 99ms @ http://localhost:5173/_next/static/chunks/node_modules_next_dist_1e8vcs8._.js:776
[ 3335473ms] [LOG] [Fast Refresh] done in 99ms @ http://localhost:5173/_next/static/chunks/node_modules_next_dist_1e8vcs8._.js:776
[ 3335528ms] [LOG] [Fast Refresh] done in 99ms @ http://localhost:5173/_next/static/chunks/node_modules_next_dist_1e8vcs8._.js:776
[ 3335580ms] [LOG] [Fast Refresh] done in 99ms @ http://localhost:5173/_next/static/chunks/node_modules_next_dist_1e8vcs8._.js:776
[ 3335626ms] [LOG] [Fast Refresh] done in 99ms @ http://localhost:5173/_next/static/chunks/node_modules_next_dist_1e8vcs8._.js:776
[ 3335684ms] [LOG] [Fast Refresh] done in 99ms @ http://localhost:5173/_next/static/chunks/node_modules_next_dist_1e8vcs8._.js:776
[ 3335732ms] [LOG] [Fast Refresh] done in 99ms @ http://localhost:5173/_next/static/chunks/node_modules_next_dist_1e8vcs8._.js:776
[ 3335780ms] [LOG] [Fast Refresh] done in 99ms @ http://localhost:5173/_next/static/chunks/node_modules_next_dist_1e8vcs8._.js:776
[ 3335829ms] [LOG] [Fast Refresh] done in 99ms @ http://localhost:5173/_next/static/chunks/node_modules_next_dist_1e8vcs8._.js:776
[ 3335889ms] [LOG] [Fast Refresh] done in 99ms @ http://localhost:5173/_next/static/chunks/node_modules_next_dist_1e8vcs8._.js:776
[ 3335950ms] [LOG] [Fast Refresh] done in 99ms @ http://localhost:5173/_next/static/chunks/node_modules_next_dist_1e8vcs8._.js:776
[ 3336012ms] [LOG] [Fast Refresh] done in 99ms @ http://localhost:5173/_next/static/chunks/node_modules_next_dist_1e8vcs8._.js:776
[ 3336059ms] [LOG] [Fast Refresh] done in 99ms @ http://localhost:5173/_next/static/chunks/node_modules_next_dist_1e8vcs8._.js:776
[ 3336105ms] [LOG] [Fast Refresh] done in 99ms @ http://localhost:5173/_next/static/chunks/node_modules_next_dist_1e8vcs8._.js:776
[ 3336166ms] [LOG] [Fast Refresh] done in 99ms @ http://localhost:5173/_next/static/chunks/node_modules_next_dist_1e8vcs8._.js:776
[ 3336223ms] [LOG] [Fast Refresh] done in 99ms @ http://localhost:5173/_next/static/chunks/node_modules_next_dist_1e8vcs8._.js:776
[ 3336288ms] [LOG] [Fast Refresh] done in 99ms @ http://localhost:5173/_next/static/chunks/node_modules_next_dist_1e8vcs8._.js:776
[ 3336349ms] [LOG] [Fast Refresh] done in 99ms @ http://localhost:5173/_next/static/chunks/node_modules_next_dist_1e8vcs8._.js:776
[ 3336408ms] [LOG] [Fast Refresh] done in 99ms @ http://localhost:5173/_next/static/chunks/node_modules_next_dist_1e8vcs8._.js:776
[ 3336475ms] [LOG] [Fast Refresh] done in 99ms @ http://localhost:5173/_next/static/chunks/node_modules_next_dist_1e8vcs8._.js:776
[ 3336514ms] [LOG] [Fast Refresh] done in 99ms @ http://localhost:5173/_next/static/chunks/node_modules_next_dist_1e8vcs8._.js:776
[ 3336577ms] [LOG] [Fast Refresh] done in 99ms @ http://localhost:5173/_next/static/chunks/node_modules_next_dist_1e8vcs8._.js:776
[ 3336639ms] [LOG] [Fast Refresh] done in 99ms @ http://localhost:5173/_next/static/chunks/node_modules_next_dist_1e8vcs8._.js:776
[ 3336689ms] [LOG] [Fast Refresh] done in 99ms @ http://localhost:5173/_next/static/chunks/node_modules_next_dist_1e8vcs8._.js:776
[ 3336752ms] [LOG] [Fast Refresh] done in 99ms @ http://localhost:5173/_next/static/chunks/node_modules_next_dist_1e8vcs8._.js:776
[ 3336803ms] [LOG] [Fast Refresh] done in 99ms @ http://localhost:5173/_next/static/chunks/node_modules_next_dist_1e8vcs8._.js:776
[ 3336865ms] [LOG] [Fast Refresh] done in 99ms @ http://localhost:5173/_next/static/chunks/node_modules_next_dist_1e8vcs8._.js:776
[ 3336912ms] [LOG] [Fast Refresh] done in 99ms @ http://localhost:5173/_next/static/chunks/node_modules_next_dist_1e8vcs8._.js:776
[ 3336958ms] [LOG] [Fast Refresh] done in 99ms @ http://localhost:5173/_next/static/chunks/node_modules_next_dist_1e8vcs8._.js:776
[ 3337020ms] [LOG] [Fast Refresh] done in 99ms @ http://localhost:5173/_next/static/chunks/node_modules_next_dist_1e8vcs8._.js:776
[ 3337088ms] [LOG] [Fast Refresh] done in 99ms @ http://localhost:5173/_next/static/chunks/node_modules_next_dist_1e8vcs8._.js:776
[ 3337147ms] [LOG] [Fast Refresh] done in 99ms @ http://localhost:5173/_next/static/chunks/node_modules_next_dist_1e8vcs8._.js:776
[ 3337207ms] [LOG] [Fast Refresh] done in 99ms @ http://localhost:5173/_next/static/chunks/node_modules_next_dist_1e8vcs8._.js:776
[ 3337273ms] [LOG] [Fast Refresh] done in 99ms @ http://localhost:5173/_next/static/chunks/node_modules_next_dist_1e8vcs8._.js:776
[ 3337320ms] [LOG] [Fast Refresh] done in 99ms @ http://localhost:5173/_next/static/chunks/node_modules_next_dist_1e8vcs8._.js:776
[ 3337381ms] [LOG] [Fast Refresh] done in 99ms @ http://localhost:5173/_next/static/chunks/node_modules_next_dist_1e8vcs8._.js:776
[ 3337428ms] [LOG] [Fast Refresh] done in 99ms @ http://localhost:5173/_next/static/chunks/node_modules_next_dist_1e8vcs8._.js:776
[ 3337491ms] [LOG] [Fast Refresh] done in 99ms @ http://localhost:5173/_next/static/chunks/node_modules_next_dist_1e8vcs8._.js:776
[ 3337548ms] [LOG] [Fast Refresh] done in 99ms @ http://localhost:5173/_next/static/chunks/node_modules_next_dist_1e8vcs8._.js:776
[ 3337609ms] [LOG] [Fast Refresh] done in 99ms @ http://localhost:5173/_next/static/chunks/node_modules_next_dist_1e8vcs8._.js:776
[ 3337671ms] [LOG] [Fast Refresh] done in 99ms @ http://localhost:5173/_next/static/chunks/node_modules_next_dist_1e8vcs8._.js:776
[ 3337713ms] [LOG] [Fast Refresh] done in 99ms @ http://localhost:5173/_next/static/chunks/node_modules_next_dist_1e8vcs8._.js:776
[ 3337772ms] [LOG] [Fast Refresh] done in 99ms @ http://localhost:5173/_next/static/chunks/node_modules_next_dist_1e8vcs8._.js:776
[ 3337835ms] [LOG] [Fast Refresh] done in 99ms @ http://localhost:5173/_next/static/chunks/node_modules_next_dist_1e8vcs8._.js:776
[ 3337883ms] [LOG] [Fast Refresh] done in 99ms @ http://localhost:5173/_next/static/chunks/node_modules_next_dist_1e8vcs8._.js:776
[ 3337931ms] [LOG] [Fast Refresh] done in 99ms @ http://localhost:5173/_next/static/chunks/node_modules_next_dist_1e8vcs8._.js:776
[ 3337995ms] [LOG] [Fast Refresh] done in 99ms @ http://localhost:5173/_next/static/chunks/node_modules_next_dist_1e8vcs8._.js:776
[ 3338048ms] [LOG] [Fast Refresh] done in 99ms @ http://localhost:5173/_next/static/chunks/node_modules_next_dist_1e8vcs8._.js:776
[ 3338108ms] [LOG] [Fast Refresh] done in 99ms @ http://localhost:5173/_next/static/chunks/node_modules_next_dist_1e8vcs8._.js:776
[ 3338158ms] [LOG] [Fast Refresh] done in 99ms @ http://localhost:5173/_next/static/chunks/node_modules_next_dist_1e8vcs8._.js:776
[ 3338213ms] [LOG] [Fast Refresh] done in 99ms @ http://localhost:5173/_next/static/chunks/node_modules_next_dist_1e8vcs8._.js:776
[ 3338272ms] [LOG] [Fast Refresh] done in 99ms @ http://localhost:5173/_next/static/chunks/node_modules_next_dist_1e8vcs8._.js:776
[ 3338334ms] [LOG] [Fast Refresh] done in 99ms @ http://localhost:5173/_next/static/chunks/node_modules_next_dist_1e8vcs8._.js:776
[ 3338392ms] [LOG] [Fast Refresh] done in 99ms @ http://localhost:5173/_next/static/chunks/node_modules_next_dist_1e8vcs8._.js:776
[ 3338454ms] [LOG] [Fast Refresh] done in 99ms @ http://localhost:5173/_next/static/chunks/node_modules_next_dist_1e8vcs8._.js:776
[ 3338503ms] [LOG] [Fast Refresh] done in 99ms @ http://localhost:5173/_next/static/chunks/node_modules_next_dist_1e8vcs8._.js:776
[ 3338565ms] [LOG] [Fast Refresh] done in 99ms @ http://localhost:5173/_next/static/chunks/node_modules_next_dist_1e8vcs8._.js:776
[ 3338608ms] [LOG] [Fast Refresh] done in 99ms @ http://localhost:5173/_next/static/chunks/node_modules_next_dist_1e8vcs8._.js:776
[ 3338655ms] [LOG] [Fast Refresh] done in 99ms @ http://localhost:5173/_next/static/chunks/node_modules_next_dist_1e8vcs8._.js:776
[ 3338718ms] [LOG] [Fast Refresh] done in 99ms @ http://localhost:5173/_next/static/chunks/node_modules_next_dist_1e8vcs8._.js:776
[ 3338779ms] [LOG] [Fast Refresh] done in 99ms @ http://localhost:5173/_next/static/chunks/node_modules_next_dist_1e8vcs8._.js:776
[ 3338828ms] [LOG] [Fast Refresh] done in 99ms @ http://localhost:5173/_next/static/chunks/node_modules_next_dist_1e8vcs8._.js:776
[ 3338890ms] [LOG] [Fast Refresh] done in 99ms @ http://localhost:5173/_next/static/chunks/node_modules_next_dist_1e8vcs8._.js:776
[ 3338937ms] [LOG] [Fast Refresh] done in 99ms @ http://localhost:5173/_next/static/chunks/node_modules_next_dist_1e8vcs8._.js:776
[ 3338988ms] [LOG] [Fast Refresh] done in 99ms @ http://localhost:5173/_next/static/chunks/node_modules_next_dist_1e8vcs8._.js:776
[ 3339035ms] [LOG] [Fast Refresh] done in 99ms @ http://localhost:5173/_next/static/chunks/node_modules_next_dist_1e8vcs8._.js:776
[ 3339092ms] [LOG] [Fast Refresh] done in 99ms @ http://localhost:5173/_next/static/chunks/node_modules_next_dist_1e8vcs8._.js:776
[ 3339142ms] [LOG] [Fast Refresh] done in 99ms @ http://localhost:5173/_next/static/chunks/node_modules_next_dist_1e8vcs8._.js:776
[ 3339178ms] [LOG] [Fast Refresh] done in 99ms @ http://localhost:5173/_next/static/chunks/node_modules_next_dist_1e8vcs8._.js:776
[ 3339232ms] [LOG] [Fast Refresh] done in 99ms @ http://localhost:5173/_next/static/chunks/node_modules_next_dist_1e8vcs8._.js:776
[ 3339293ms] [LOG] [Fast Refresh] done in 99ms @ http://localhost:5173/_next/static/chunks/node_modules_next_dist_1e8vcs8._.js:776
[ 3339355ms] [LOG] [Fast Refresh] done in 99ms @ http://localhost:5173/_next/static/chunks/node_modules_next_dist_1e8vcs8._.js:776
[ 3339412ms] [LOG] [Fast Refresh] done in 99ms @ http://localhost:5173/_next/static/chunks/node_modules_next_dist_1e8vcs8._.js:776
[ 3339459ms] [LOG] [Fast Refresh] done in 99ms @ http://localhost:5173/_next/static/chunks/node_modules_next_dist_1e8vcs8._.js:776
[ 3339519ms] [LOG] [Fast Refresh] done in 99ms @ http://localhost:5173/_next/static/chunks/node_modules_next_dist_1e8vcs8._.js:776
[ 3339568ms] [LOG] [Fast Refresh] done in 99ms @ http://localhost:5173/_next/static/chunks/node_modules_next_dist_1e8vcs8._.js:776
[ 3339608ms] [LOG] [Fast Refresh] done in 99ms @ http://localhost:5173/_next/static/chunks/node_modules_next_dist_1e8vcs8._.js:776
[ 3339671ms] [LOG] [Fast Refresh] done in 99ms @ http://localhost:5173/_next/static/chunks/node_modules_next_dist_1e8vcs8._.js:776
[ 3339735ms] [LOG] [Fast Refresh] done in 99ms @ http://localhost:5173/_next/static/chunks/node_modules_next_dist_1e8vcs8._.js:776
[ 3339793ms] [LOG] [Fast Refresh] done in 99ms @ http://localhost:5173/_next/static/chunks/node_modules_next_dist_1e8vcs8._.js:776
[ 3339829ms] [LOG] [Fast Refresh] done in 99ms @ http://localhost:5173/_next/static/chunks/node_modules_next_dist_1e8vcs8._.js:776
[ 3339891ms] [LOG] [Fast Refresh] done in 99ms @ http://localhost:5173/_next/static/chunks/node_modules_next_dist_1e8vcs8._.js:776
[ 3339958ms] [LOG] [Fast Refresh] done in 99ms @ http://localhost:5173/_next/static/chunks/node_modules_next_dist_1e8vcs8._.js:776
[ 3340010ms] [LOG] [Fast Refresh] done in 99ms @ http://localhost:5173/_next/static/chunks/node_modules_next_dist_1e8vcs8._.js:776
[ 3340048ms] [LOG] [Fast Refresh] done in 99ms @ http://localhost:5173/_next/static/chunks/node_modules_next_dist_1e8vcs8._.js:776
[ 3340104ms] [LOG] [Fast Refresh] done in 99ms @ http://localhost:5173/_next/static/chunks/node_modules_next_dist_1e8vcs8._.js:776
[ 3340167ms] [LOG] [Fast Refresh] done in 99ms @ http://localhost:5173/_next/static/chunks/node_modules_next_dist_1e8vcs8._.js:776
[ 3340220ms] [LOG] [Fast Refresh] done in 99ms @ http://localhost:5173/_next/static/chunks/node_modules_next_dist_1e8vcs8._.js:776
[ 3340269ms] [LOG] [Fast Refresh] done in 99ms @ http://localhost:5173/_next/static/chunks/node_modules_next_dist_1e8vcs8._.js:776
[ 3340327ms] [LOG] [Fast Refresh] done in 99ms @ http://localhost:5173/_next/static/chunks/node_modules_next_dist_1e8vcs8._.js:776
[ 3340389ms] [LOG] [Fast Refresh] done in 99ms @ http://localhost:5173/_next/static/chunks/node_modules_next_dist_1e8vcs8._.js:776
[ 3340436ms] [LOG] [Fast Refresh] done in 99ms @ http://localhost:5173/_next/static/chunks/node_modules_next_dist_1e8vcs8._.js:776
[ 3340493ms] [LOG] [Fast Refresh] done in 99ms @ http://localhost:5173/_next/static/chunks/node_modules_next_dist_1e8vcs8._.js:776
[ 3340556ms] [LOG] [Fast Refresh] done in 99ms @ http://localhost:5173/_next/static/chunks/node_modules_next_dist_1e8vcs8._.js:776
[ 3340613ms] [LOG] [Fast Refresh] done in 99ms @ http://localhost:5173/_next/static/chunks/node_modules_next_dist_1e8vcs8._.js:776
[ 3340660ms] [LOG] [Fast Refresh] done in 99ms @ http://localhost:5173/_next/static/chunks/node_modules_next_dist_1e8vcs8._.js:776
[ 3340704ms] [LOG] [Fast Refresh] done in 99ms @ http://localhost:5173/_next/static/chunks/node_modules_next_dist_1e8vcs8._.js:776
[ 3340752ms] [LOG] [Fast Refresh] done in 99ms @ http://localhost:5173/_next/static/chunks/node_modules_next_dist_1e8vcs8._.js:776
[ 3340808ms] [LOG] [Fast Refresh] done in 99ms @ http://localhost:5173/_next/static/chunks/node_modules_next_dist_1e8vcs8._.js:776
[ 3340869ms] [LOG] [Fast Refresh] done in 99ms @ http://localhost:5173/_next/static/chunks/node_modules_next_dist_1e8vcs8._.js:776
[ 3340920ms] [LOG] [Fast Refresh] done in 99ms @ http://localhost:5173/_next/static/chunks/node_modules_next_dist_1e8vcs8._.js:776
[ 3340977ms] [LOG] [Fast Refresh] done in 99ms @ http://localhost:5173/_next/static/chunks/node_modules_next_dist_1e8vcs8._.js:776
[ 3341025ms] [LOG] [Fast Refresh] done in 99ms @ http://localhost:5173/_next/static/chunks/node_modules_next_dist_1e8vcs8._.js:776
[ 3341075ms] [LOG] [Fast Refresh] done in 99ms @ http://localhost:5173/_next/static/chunks/node_modules_next_dist_1e8vcs8._.js:776
[ 3341127ms] [LOG] [Fast Refresh] done in 99ms @ http://localhost:5173/_next/static/chunks/node_modules_next_dist_1e8vcs8._.js:776
[ 3341189ms] [LOG] [Fast Refresh] done in 99ms @ http://localhost:5173/_next/static/chunks/node_modules_next_dist_1e8vcs8._.js:776
[ 3341250ms] [LOG] [Fast Refresh] done in 99ms @ http://localhost:5173/_next/static/chunks/node_modules_next_dist_1e8vcs8._.js:776
[ 3341306ms] [LOG] [Fast Refresh] done in 99ms @ http://localhost:5173/_next/static/chunks/node_modules_next_dist_1e8vcs8._.js:776
[ 3341372ms] [LOG] [Fast Refresh] done in 99ms @ http://localhost:5173/_next/static/chunks/node_modules_next_dist_1e8vcs8._.js:776
[ 3341428ms] [LOG] [Fast Refresh] done in 99ms @ http://localhost:5173/_next/static/chunks/node_modules_next_dist_1e8vcs8._.js:776
[ 3341476ms] [LOG] [Fast Refresh] done in 99ms @ http://localhost:5173/_next/static/chunks/node_modules_next_dist_1e8vcs8._.js:776
[ 3341523ms] [LOG] [Fast Refresh] done in 99ms @ http://localhost:5173/_next/static/chunks/node_modules_next_dist_1e8vcs8._.js:776
[ 3341574ms] [LOG] [Fast Refresh] done in 99ms @ http://localhost:5173/_next/static/chunks/node_modules_next_dist_1e8vcs8._.js:776
[ 3341613ms] [LOG] [Fast Refresh] done in 99ms @ http://localhost:5173/_next/static/chunks/node_modules_next_dist_1e8vcs8._.js:776
[ 3341671ms] [LOG] [Fast Refresh] done in 99ms @ http://localhost:5173/_next/static/chunks/node_modules_next_dist_1e8vcs8._.js:776
[ 3341709ms] [LOG] [Fast Refresh] done in 99ms @ http://localhost:5173/_next/static/chunks/node_modules_next_dist_1e8vcs8._.js:776
[ 3341774ms] [LOG] [Fast Refresh] done in 99ms @ http://localhost:5173/_next/static/chunks/node_modules_next_dist_1e8vcs8._.js:776
[ 3341814ms] [LOG] [Fast Refresh] done in 99ms @ http://localhost:5173/_next/static/chunks/node_modules_next_dist_1e8vcs8._.js:776
[ 3341861ms] [LOG] [Fast Refresh] done in 99ms @ http://localhost:5173/_next/static/chunks/node_modules_next_dist_1e8vcs8._.js:776
[ 3341919ms] [LOG] [Fast Refresh] done in 99ms @ http://localhost:5173/_next/static/chunks/node_modules_next_dist_1e8vcs8._.js:776
[ 3341981ms] [LOG] [Fast Refresh] done in 99ms @ http://localhost:5173/_next/static/chunks/node_modules_next_dist_1e8vcs8._.js:776
[ 3342043ms] [LOG] [Fast Refresh] done in 99ms @ http://localhost:5173/_next/static/chunks/node_modules_next_dist_1e8vcs8._.js:776
[ 3342098ms] [LOG] [Fast Refresh] done in 99ms @ http://localhost:5173/_next/static/chunks/node_modules_next_dist_1e8vcs8._.js:776
[ 3342160ms] [LOG] [Fast Refresh] done in 99ms @ http://localhost:5173/_next/static/chunks/node_modules_next_dist_1e8vcs8._.js:776
[ 3342209ms] [LOG] [Fast Refresh] done in 99ms @ http://localhost:5173/_next/static/chunks/node_modules_next_dist_1e8vcs8._.js:776
[ 3342273ms] [LOG] [Fast Refresh] done in 99ms @ http://localhost:5173/_next/static/chunks/node_modules_next_dist_1e8vcs8._.js:776
[ 3342333ms] [LOG] [Fast Refresh] done in 99ms @ http://localhost:5173/_next/static/chunks/node_modules_next_dist_1e8vcs8._.js:776
[ 3342388ms] [LOG] [Fast Refresh] done in 99ms @ http://localhost:5173/_next/static/chunks/node_modules_next_dist_1e8vcs8._.js:776
[ 3342441ms] [LOG] [Fast Refresh] done in 99ms @ http://localhost:5173/_next/static/chunks/node_modules_next_dist_1e8vcs8._.js:776
[ 3342491ms] [LOG] [Fast Refresh] done in 99ms @ http://localhost:5173/_next/static/chunks/node_modules_next_dist_1e8vcs8._.js:776
[ 3342538ms] [LOG] [Fast Refresh] done in 99ms @ http://localhost:5173/_next/static/chunks/node_modules_next_dist_1e8vcs8._.js:776
[ 3342598ms] [LOG] [Fast Refresh] done in 99ms @ http://localhost:5173/_next/static/chunks/node_modules_next_dist_1e8vcs8._.js:776
[ 3342660ms] [LOG] [Fast Refresh] done in 99ms @ http://localhost:5173/_next/static/chunks/node_modules_next_dist_1e8vcs8._.js:776
[ 3342721ms] [LOG] [Fast Refresh] done in 99ms @ http://localhost:5173/_next/static/chunks/node_modules_next_dist_1e8vcs8._.js:776
[ 3342781ms] [LOG] [Fast Refresh] done in 99ms @ http://localhost:5173/_next/static/chunks/node_modules_next_dist_1e8vcs8._.js:776
[ 3342828ms] [LOG] [Fast Refresh] done in 99ms @ http://localhost:5173/_next/static/chunks/node_modules_next_dist_1e8vcs8._.js:776
[ 3342878ms] [LOG] [Fast Refresh] done in 99ms @ http://localhost:5173/_next/static/chunks/node_modules_next_dist_1e8vcs8._.js:776
[ 3342926ms] [LOG] [Fast Refresh] done in 99ms @ http://localhost:5173/_next/static/chunks/node_modules_next_dist_1e8vcs8._.js:776
[ 3342975ms] [LOG] [Fast Refresh] done in 99ms @ http://localhost:5173/_next/static/chunks/node_modules_next_dist_1e8vcs8._.js:776
[ 3343038ms] [LOG] [Fast Refresh] done in 99ms @ http://localhost:5173/_next/static/chunks/node_modules_next_dist_1e8vcs8._.js:776
[ 3343095ms] [LOG] [Fast Refresh] done in 99ms @ http://localhost:5173/_next/static/chunks/node_modules_next_dist_1e8vcs8._.js:776
[ 3343152ms] [LOG] [Fast Refresh] done in 99ms @ http://localhost:5173/_next/static/chunks/node_modules_next_dist_1e8vcs8._.js:776
[ 3343213ms] [LOG] [Fast Refresh] done in 99ms @ http://localhost:5173/_next/static/chunks/node_modules_next_dist_1e8vcs8._.js:776
[ 3343267ms] [LOG] [Fast Refresh] done in 99ms @ http://localhost:5173/_next/static/chunks/node_modules_next_dist_1e8vcs8._.js:776
[ 3343334ms] [LOG] [Fast Refresh] done in 99ms @ http://localhost:5173/_next/static/chunks/node_modules_next_dist_1e8vcs8._.js:776
[ 3343393ms] [LOG] [Fast Refresh] done in 99ms @ http://localhost:5173/_next/static/chunks/node_modules_next_dist_1e8vcs8._.js:776
[ 3343441ms] [LOG] [Fast Refresh] done in 99ms @ http://localhost:5173/_next/static/chunks/node_modules_next_dist_1e8vcs8._.js:776
[ 3343497ms] [LOG] [Fast Refresh] done in 99ms @ http://localhost:5173/_next/static/chunks/node_modules_next_dist_1e8vcs8._.js:776
[ 3343558ms] [LOG] [Fast Refresh] done in 99ms @ http://localhost:5173/_next/static/chunks/node_modules_next_dist_1e8vcs8._.js:776
[ 3343604ms] [LOG] [Fast Refresh] done in 99ms @ http://localhost:5173/_next/static/chunks/node_modules_next_dist_1e8vcs8._.js:776
[ 3343658ms] [LOG] [Fast Refresh] done in 99ms @ http://localhost:5173/_next/static/chunks/node_modules_next_dist_1e8vcs8._.js:776
[ 3343713ms] [LOG] [Fast Refresh] done in 99ms @ http://localhost:5173/_next/static/chunks/node_modules_next_dist_1e8vcs8._.js:776
[ 3343761ms] [LOG] [Fast Refresh] done in 99ms @ http://localhost:5173/_next/static/chunks/node_modules_next_dist_1e8vcs8._.js:776
[ 3343811ms] [LOG] [Fast Refresh] done in 99ms @ http://localhost:5173/_next/static/chunks/node_modules_next_dist_1e8vcs8._.js:776
[ 3343859ms] [LOG] [Fast Refresh] done in 99ms @ http://localhost:5173/_next/static/chunks/node_modules_next_dist_1e8vcs8._.js:776
[ 3343908ms] [LOG] [Fast Refresh] done in 99ms @ http://localhost:5173/_next/static/chunks/node_modules_next_dist_1e8vcs8._.js:776
[ 3343970ms] [LOG] [Fast Refresh] done in 99ms @ http://localhost:5173/_next/static/chunks/node_modules_next_dist_1e8vcs8._.js:776
[ 3344020ms] [LOG] [Fast Refresh] done in 99ms @ http://localhost:5173/_next/static/chunks/node_modules_next_dist_1e8vcs8._.js:776
[ 3344071ms] [LOG] [Fast Refresh] done in 99ms @ http://localhost:5173/_next/static/chunks/node_modules_next_dist_1e8vcs8._.js:776
[ 3344134ms] [LOG] [Fast Refresh] done in 99ms @ http://localhost:5173/_next/static/chunks/node_modules_next_dist_1e8vcs8._.js:776
[ 3344190ms] [LOG] [Fast Refresh] done in 99ms @ http://localhost:5173/_next/static/chunks/node_modules_next_dist_1e8vcs8._.js:776
[ 3344251ms] [LOG] [Fast Refresh] done in 99ms @ http://localhost:5173/_next/static/chunks/node_modules_next_dist_1e8vcs8._.js:776
[ 3344304ms] [LOG] [Fast Refresh] done in 99ms @ http://localhost:5173/_next/static/chunks/node_modules_next_dist_1e8vcs8._.js:776
[ 3344358ms] [LOG] [Fast Refresh] done in 99ms @ http://localhost:5173/_next/static/chunks/node_modules_next_dist_1e8vcs8._.js:776
[ 3344414ms] [LOG] [Fast Refresh] done in 99ms @ http://localhost:5173/_next/static/chunks/node_modules_next_dist_1e8vcs8._.js:776
[ 3344456ms] [LOG] [Fast Refresh] done in 99ms @ http://localhost:5173/_next/static/chunks/node_modules_next_dist_1e8vcs8._.js:776
[ 3344517ms] [LOG] [Fast Refresh] done in 99ms @ http://localhost:5173/_next/static/chunks/node_modules_next_dist_1e8vcs8._.js:776
[ 3344567ms] [LOG] [Fast Refresh] done in 99ms @ http://localhost:5173/_next/static/chunks/node_modules_next_dist_1e8vcs8._.js:776
[ 3344622ms] [LOG] [Fast Refresh] done in 99ms @ http://localhost:5173/_next/static/chunks/node_modules_next_dist_1e8vcs8._.js:776
[ 3344682ms] [LOG] [Fast Refresh] done in 99ms @ http://localhost:5173/_next/static/chunks/node_modules_next_dist_1e8vcs8._.js:776
[ 3344730ms] [LOG] [Fast Refresh] done in 99ms @ http://localhost:5173/_next/static/chunks/node_modules_next_dist_1e8vcs8._.js:776
[ 3344789ms] [LOG] [Fast Refresh] done in 99ms @ http://localhost:5173/_next/static/chunks/node_modules_next_dist_1e8vcs8._.js:776
[ 3344839ms] [LOG] [Fast Refresh] done in 99ms @ http://localhost:5173/_next/static/chunks/node_modules_next_dist_1e8vcs8._.js:776
[ 3344901ms] [LOG] [Fast Refresh] done in 99ms @ http://localhost:5173/_next/static/chunks/node_modules_next_dist_1e8vcs8._.js:776
[ 3344948ms] [LOG] [Fast Refresh] done in 99ms @ http://localhost:5173/_next/static/chunks/node_modules_next_dist_1e8vcs8._.js:776
[ 3344995ms] [LOG] [Fast Refresh] done in 99ms @ http://localhost:5173/_next/static/chunks/node_modules_next_dist_1e8vcs8._.js:776
[ 3345042ms] [LOG] [Fast Refresh] done in 99ms @ http://localhost:5173/_next/static/chunks/node_modules_next_dist_1e8vcs8._.js:776
[ 3345103ms] [LOG] [Fast Refresh] done in 99ms @ http://localhost:5173/_next/static/chunks/node_modules_next_dist_1e8vcs8._.js:776
[ 3345167ms] [LOG] [Fast Refresh] done in 99ms @ http://localhost:5173/_next/static/chunks/node_modules_next_dist_1e8vcs8._.js:776
[ 3345213ms] [LOG] [Fast Refresh] done in 99ms @ http://localhost:5173/_next/static/chunks/node_modules_next_dist_1e8vcs8._.js:776
[ 3345275ms] [LOG] [Fast Refresh] done in 99ms @ http://localhost:5173/_next/static/chunks/node_modules_next_dist_1e8vcs8._.js:776
[ 3345338ms] [LOG] [Fast Refresh] done in 99ms @ http://localhost:5173/_next/static/chunks/node_modules_next_dist_1e8vcs8._.js:776
[ 3345399ms] [LOG] [Fast Refresh] done in 99ms @ http://localhost:5173/_next/static/chunks/node_modules_next_dist_1e8vcs8._.js:776
[ 3345462ms] [LOG] [Fast Refresh] done in 99ms @ http://localhost:5173/_next/static/chunks/node_modules_next_dist_1e8vcs8._.js:776
[ 3345524ms] [LOG] [Fast Refresh] done in 99ms @ http://localhost:5173/_next/static/chunks/node_modules_next_dist_1e8vcs8._.js:776
[ 3345586ms] [LOG] [Fast Refresh] done in 99ms @ http://localhost:5173/_next/static/chunks/node_modules_next_dist_1e8vcs8._.js:776
[ 3345649ms] [LOG] [Fast Refresh] done in 99ms @ http://localhost:5173/_next/static/chunks/node_modules_next_dist_1e8vcs8._.js:776
[ 3345697ms] [LOG] [Fast Refresh] done in 99ms @ http://localhost:5173/_next/static/chunks/node_modules_next_dist_1e8vcs8._.js:776
[ 3345744ms] [LOG] [Fast Refresh] done in 99ms @ http://localhost:5173/_next/static/chunks/node_modules_next_dist_1e8vcs8._.js:776
[ 3345806ms] [LOG] [Fast Refresh] done in 99ms @ http://localhost:5173/_next/static/chunks/node_modules_next_dist_1e8vcs8._.js:776
[ 3345868ms] [LOG] [Fast Refresh] done in 99ms @ http://localhost:5173/_next/static/chunks/node_modules_next_dist_1e8vcs8._.js:776
[ 3345930ms] [LOG] [Fast Refresh] done in 99ms @ http://localhost:5173/_next/static/chunks/node_modules_next_dist_1e8vcs8._.js:776
[ 3345991ms] [LOG] [Fast Refresh] done in 99ms @ http://localhost:5173/_next/static/chunks/node_modules_next_dist_1e8vcs8._.js:776
[ 3346039ms] [LOG] [Fast Refresh] done in 99ms @ http://localhost:5173/_next/static/chunks/node_modules_next_dist_1e8vcs8._.js:776
[ 3346101ms] [LOG] [Fast Refresh] done in 99ms @ http://localhost:5173/_next/static/chunks/node_modules_next_dist_1e8vcs8._.js:776
[ 3346163ms] [LOG] [Fast Refresh] done in 99ms @ http://localhost:5173/_next/static/chunks/node_modules_next_dist_1e8vcs8._.js:776
[ 3346222ms] [LOG] [Fast Refresh] done in 99ms @ http://localhost:5173/_next/static/chunks/node_modules_next_dist_1e8vcs8._.js:776
[ 3346285ms] [LOG] [Fast Refresh] done in 99ms @ http://localhost:5173/_next/static/chunks/node_modules_next_dist_1e8vcs8._.js:776
[ 3346332ms] [LOG] [Fast Refresh] done in 99ms @ http://localhost:5173/_next/static/chunks/node_modules_next_dist_1e8vcs8._.js:776
[ 3346378ms] [LOG] [Fast Refresh] done in 99ms @ http://localhost:5173/_next/static/chunks/node_modules_next_dist_1e8vcs8._.js:776
[ 3346441ms] [LOG] [Fast Refresh] done in 99ms @ http://localhost:5173/_next/static/chunks/node_modules_next_dist_1e8vcs8._.js:776
[ 3346501ms] [LOG] [Fast Refresh] done in 99ms @ http://localhost:5173/_next/static/chunks/node_modules_next_dist_1e8vcs8._.js:776
[ 3346564ms] [LOG] [Fast Refresh] done in 99ms @ http://localhost:5173/_next/static/chunks/node_modules_next_dist_1e8vcs8._.js:776
[ 3346622ms] [LOG] [Fast Refresh] done in 99ms @ http://localhost:5173/_next/static/chunks/node_modules_next_dist_1e8vcs8._.js:776
[ 3346669ms] [LOG] [Fast Refresh] done in 99ms @ http://localhost:5173/_next/static/chunks/node_modules_next_dist_1e8vcs8._.js:776
[ 3346719ms] [LOG] [Fast Refresh] done in 99ms @ http://localhost:5173/_next/static/chunks/node_modules_next_dist_1e8vcs8._.js:776
[ 3346777ms] [LOG] [Fast Refresh] done in 99ms @ http://localhost:5173/_next/static/chunks/node_modules_next_dist_1e8vcs8._.js:776
[ 3346825ms] [LOG] [Fast Refresh] done in 99ms @ http://localhost:5173/_next/static/chunks/node_modules_next_dist_1e8vcs8._.js:776
[ 3346873ms] [LOG] [Fast Refresh] done in 99ms @ http://localhost:5173/_next/static/chunks/node_modules_next_dist_1e8vcs8._.js:776
[ 3346917ms] [LOG] [Fast Refresh] done in 99ms @ http://localhost:5173/_next/static/chunks/node_modules_next_dist_1e8vcs8._.js:776
[ 3346978ms] [LOG] [Fast Refresh] done in 99ms @ http://localhost:5173/_next/static/chunks/node_modules_next_dist_1e8vcs8._.js:776
[ 3347031ms] [LOG] [Fast Refresh] done in 99ms @ http://localhost:5173/_next/static/chunks/node_modules_next_dist_1e8vcs8._.js:776
[ 3347094ms] [LOG] [Fast Refresh] done in 99ms @ http://localhost:5173/_next/static/chunks/node_modules_next_dist_1e8vcs8._.js:776
[ 3347156ms] [LOG] [Fast Refresh] done in 99ms @ http://localhost:5173/_next/static/chunks/node_modules_next_dist_1e8vcs8._.js:776
[ 3347218ms] [LOG] [Fast Refresh] done in 99ms @ http://localhost:5173/_next/static/chunks/node_modules_next_dist_1e8vcs8._.js:776
[ 3347270ms] [LOG] [Fast Refresh] done in 99ms @ http://localhost:5173/_next/static/chunks/node_modules_next_dist_1e8vcs8._.js:776
[ 3347332ms] [LOG] [Fast Refresh] done in 99ms @ http://localhost:5173/_next/static/chunks/node_modules_next_dist_1e8vcs8._.js:776
[ 3347381ms] [LOG] [Fast Refresh] done in 99ms @ http://localhost:5173/_next/static/chunks/node_modules_next_dist_1e8vcs8._.js:776
[ 3347433ms] [LOG] [Fast Refresh] done in 99ms @ http://localhost:5173/_next/static/chunks/node_modules_next_dist_1e8vcs8._.js:776
[ 3347492ms] [LOG] [Fast Refresh] done in 99ms @ http://localhost:5173/_next/static/chunks/node_modules_next_dist_1e8vcs8._.js:776
[ 3347539ms] [LOG] [Fast Refresh] done in 99ms @ http://localhost:5173/_next/static/chunks/node_modules_next_dist_1e8vcs8._.js:776
[ 3347596ms] [LOG] [Fast Refresh] done in 99ms @ http://localhost:5173/_next/static/chunks/node_modules_next_dist_1e8vcs8._.js:776
[ 3347660ms] [LOG] [Fast Refresh] done in 99ms @ http://localhost:5173/_next/static/chunks/node_modules_next_dist_1e8vcs8._.js:776
[ 3347704ms] [LOG] [Fast Refresh] done in 99ms @ http://localhost:5173/_next/static/chunks/node_modules_next_dist_1e8vcs8._.js:776
[ 3347765ms] [LOG] [Fast Refresh] done in 99ms @ http://localhost:5173/_next/static/chunks/node_modules_next_dist_1e8vcs8._.js:776
[ 3347820ms] [LOG] [Fast Refresh] done in 99ms @ http://localhost:5173/_next/static/chunks/node_modules_next_dist_1e8vcs8._.js:776
[ 3347868ms] [LOG] [Fast Refresh] done in 99ms @ http://localhost:5173/_next/static/chunks/node_modules_next_dist_1e8vcs8._.js:776
[ 3347919ms] [LOG] [Fast Refresh] done in 99ms @ http://localhost:5173/_next/static/chunks/node_modules_next_dist_1e8vcs8._.js:776
[ 3347980ms] [LOG] [Fast Refresh] done in 99ms @ http://localhost:5173/_next/static/chunks/node_modules_next_dist_1e8vcs8._.js:776
[ 3348041ms] [LOG] [Fast Refresh] done in 99ms @ http://localhost:5173/_next/static/chunks/node_modules_next_dist_1e8vcs8._.js:776
[ 3348093ms] [LOG] [Fast Refresh] done in 99ms @ http://localhost:5173/_next/static/chunks/node_modules_next_dist_1e8vcs8._.js:776
[ 3348148ms] [LOG] [Fast Refresh] done in 99ms @ http://localhost:5173/_next/static/chunks/node_modules_next_dist_1e8vcs8._.js:776
[ 3348204ms] [LOG] [Fast Refresh] done in 99ms @ http://localhost:5173/_next/static/chunks/node_modules_next_dist_1e8vcs8._.js:776
[ 3348265ms] [LOG] [Fast Refresh] done in 99ms @ http://localhost:5173/_next/static/chunks/node_modules_next_dist_1e8vcs8._.js:776
[ 3348322ms] [LOG] [Fast Refresh] done in 99ms @ http://localhost:5173/_next/static/chunks/node_modules_next_dist_1e8vcs8._.js:776
[ 3348388ms] [LOG] [Fast Refresh] done in 99ms @ http://localhost:5173/_next/static/chunks/node_modules_next_dist_1e8vcs8._.js:776
[ 3348450ms] [LOG] [Fast Refresh] done in 99ms @ http://localhost:5173/_next/static/chunks/node_modules_next_dist_1e8vcs8._.js:776
[ 3348506ms] [LOG] [Fast Refresh] done in 99ms @ http://localhost:5173/_next/static/chunks/node_modules_next_dist_1e8vcs8._.js:776
[ 3348569ms] [LOG] [Fast Refresh] done in 99ms @ http://localhost:5173/_next/static/chunks/node_modules_next_dist_1e8vcs8._.js:776
[ 3348620ms] [LOG] [Fast Refresh] done in 99ms @ http://localhost:5173/_next/static/chunks/node_modules_next_dist_1e8vcs8._.js:776
[ 3348677ms] [LOG] [Fast Refresh] done in 99ms @ http://localhost:5173/_next/static/chunks/node_modules_next_dist_1e8vcs8._.js:776
[ 3348740ms] [LOG] [Fast Refresh] done in 99ms @ http://localhost:5173/_next/static/chunks/node_modules_next_dist_1e8vcs8._.js:776
[ 3348803ms] [LOG] [Fast Refresh] done in 99ms @ http://localhost:5173/_next/static/chunks/node_modules_next_dist_1e8vcs8._.js:776
[ 3348865ms] [LOG] [Fast Refresh] done in 99ms @ http://localhost:5173/_next/static/chunks/node_modules_next_dist_1e8vcs8._.js:776
[ 3348926ms] [LOG] [Fast Refresh] done in 99ms @ http://localhost:5173/_next/static/chunks/node_modules_next_dist_1e8vcs8._.js:776
[ 3348988ms] [LOG] [Fast Refresh] done in 99ms @ http://localhost:5173/_next/static/chunks/node_modules_next_dist_1e8vcs8._.js:776
[ 3349049ms] [LOG] [Fast Refresh] done in 99ms @ http://localhost:5173/_next/static/chunks/node_modules_next_dist_1e8vcs8._.js:776
[ 3349111ms] [LOG] [Fast Refresh] done in 99ms @ http://localhost:5173/_next/static/chunks/node_modules_next_dist_1e8vcs8._.js:776
[ 3349173ms] [LOG] [Fast Refresh] done in 99ms @ http://localhost:5173/_next/static/chunks/node_modules_next_dist_1e8vcs8._.js:776
[ 3349234ms] [LOG] [Fast Refresh] done in 99ms @ http://localhost:5173/_next/static/chunks/node_modules_next_dist_1e8vcs8._.js:776
[ 3349297ms] [LOG] [Fast Refresh] done in 99ms @ http://localhost:5173/_next/static/chunks/node_modules_next_dist_1e8vcs8._.js:776
[ 3349359ms] [LOG] [Fast Refresh] done in 99ms @ http://localhost:5173/_next/static/chunks/node_modules_next_dist_1e8vcs8._.js:776
[ 3349407ms] [LOG] [Fast Refresh] done in 99ms @ http://localhost:5173/_next/static/chunks/node_modules_next_dist_1e8vcs8._.js:776
[ 3349469ms] [LOG] [Fast Refresh] done in 99ms @ http://localhost:5173/_next/static/chunks/node_modules_next_dist_1e8vcs8._.js:776
[ 3349530ms] [LOG] [Fast Refresh] done in 99ms @ http://localhost:5173/_next/static/chunks/node_modules_next_dist_1e8vcs8._.js:776
[ 3349593ms] [LOG] [Fast Refresh] done in 99ms @ http://localhost:5173/_next/static/chunks/node_modules_next_dist_1e8vcs8._.js:776
[ 3349640ms] [LOG] [Fast Refresh] done in 99ms @ http://localhost:5173/_next/static/chunks/node_modules_next_dist_1e8vcs8._.js:776
[ 3349703ms] [LOG] [Fast Refresh] done in 99ms @ http://localhost:5173/_next/static/chunks/node_modules_next_dist_1e8vcs8._.js:776
[ 3349765ms] [LOG] [Fast Refresh] done in 99ms @ http://localhost:5173/_next/static/chunks/node_modules_next_dist_1e8vcs8._.js:776
[ 3349826ms] [LOG] [Fast Refresh] done in 99ms @ http://localhost:5173/_next/static/chunks/node_modules_next_dist_1e8vcs8._.js:776
[ 3349890ms] [LOG] [Fast Refresh] done in 99ms @ http://localhost:5173/_next/static/chunks/node_modules_next_dist_1e8vcs8._.js:776
[ 3349952ms] [LOG] [Fast Refresh] done in 99ms @ http://localhost:5173/_next/static/chunks/node_modules_next_dist_1e8vcs8._.js:776
[ 3350015ms] [LOG] [Fast Refresh] done in 99ms @ http://localhost:5173/_next/static/chunks/node_modules_next_dist_1e8vcs8._.js:776
[ 3350076ms] [LOG] [Fast Refresh] done in 99ms @ http://localhost:5173/_next/static/chunks/node_modules_next_dist_1e8vcs8._.js:776
[ 3350139ms] [LOG] [Fast Refresh] done in 99ms @ http://localhost:5173/_next/static/chunks/node_modules_next_dist_1e8vcs8._.js:776
[ 3350186ms] [LOG] [Fast Refresh] done in 99ms @ http://localhost:5173/_next/static/chunks/node_modules_next_dist_1e8vcs8._.js:776
[ 3350248ms] [LOG] [Fast Refresh] done in 99ms @ http://localhost:5173/_next/static/chunks/node_modules_next_dist_1e8vcs8._.js:776
[ 3350310ms] [LOG] [Fast Refresh] done in 99ms @ http://localhost:5173/_next/static/chunks/node_modules_next_dist_1e8vcs8._.js:776
[ 3350372ms] [LOG] [Fast Refresh] done in 99ms @ http://localhost:5173/_next/static/chunks/node_modules_next_dist_1e8vcs8._.js:776
[ 3350420ms] [LOG] [Fast Refresh] done in 99ms @ http://localhost:5173/_next/static/chunks/node_modules_next_dist_1e8vcs8._.js:776
[ 3350467ms] [LOG] [Fast Refresh] done in 99ms @ http://localhost:5173/_next/static/chunks/node_modules_next_dist_1e8vcs8._.js:776
[ 3350513ms] [LOG] [Fast Refresh] done in 99ms @ http://localhost:5173/_next/static/chunks/node_modules_next_dist_1e8vcs8._.js:776
[ 3350576ms] [LOG] [Fast Refresh] done in 99ms @ http://localhost:5173/_next/static/chunks/node_modules_next_dist_1e8vcs8._.js:776
[ 3350638ms] [LOG] [Fast Refresh] done in 99ms @ http://localhost:5173/_next/static/chunks/node_modules_next_dist_1e8vcs8._.js:776
[ 3350701ms] [LOG] [Fast Refresh] done in 99ms @ http://localhost:5173/_next/static/chunks/node_modules_next_dist_1e8vcs8._.js:776
[ 3350763ms] [LOG] [Fast Refresh] done in 99ms @ http://localhost:5173/_next/static/chunks/node_modules_next_dist_1e8vcs8._.js:776
[ 3350824ms] [LOG] [Fast Refresh] done in 99ms @ http://localhost:5173/_next/static/chunks/node_modules_next_dist_1e8vcs8._.js:776
[ 3350885ms] [LOG] [Fast Refresh] done in 99ms @ http://localhost:5173/_next/static/chunks/node_modules_next_dist_1e8vcs8._.js:776
[ 3350933ms] [LOG] [Fast Refresh] done in 99ms @ http://localhost:5173/_next/static/chunks/node_modules_next_dist_1e8vcs8._.js:776
[ 3350995ms] [LOG] [Fast Refresh] done in 99ms @ http://localhost:5173/_next/static/chunks/node_modules_next_dist_1e8vcs8._.js:776
[ 3351057ms] [LOG] [Fast Refresh] done in 99ms @ http://localhost:5173/_next/static/chunks/node_modules_next_dist_1e8vcs8._.js:776
[ 3351119ms] [LOG] [Fast Refresh] done in 99ms @ http://localhost:5173/_next/static/chunks/node_modules_next_dist_1e8vcs8._.js:776
[ 3351167ms] [LOG] [Fast Refresh] done in 99ms @ http://localhost:5173/_next/static/chunks/node_modules_next_dist_1e8vcs8._.js:776
[ 3351229ms] [LOG] [Fast Refresh] done in 99ms @ http://localhost:5173/_next/static/chunks/node_modules_next_dist_1e8vcs8._.js:776
[ 3351292ms] [LOG] [Fast Refresh] done in 99ms @ http://localhost:5173/_next/static/chunks/node_modules_next_dist_1e8vcs8._.js:776
[ 3351338ms] [LOG] [Fast Refresh] done in 99ms @ http://localhost:5173/_next/static/chunks/node_modules_next_dist_1e8vcs8._.js:776
[ 3351401ms] [LOG] [Fast Refresh] done in 99ms @ http://localhost:5173/_next/static/chunks/node_modules_next_dist_1e8vcs8._.js:776
[ 3351463ms] [LOG] [Fast Refresh] done in 99ms @ http://localhost:5173/_next/static/chunks/node_modules_next_dist_1e8vcs8._.js:776
[ 3351525ms] [LOG] [Fast Refresh] done in 99ms @ http://localhost:5173/_next/static/chunks/node_modules_next_dist_1e8vcs8._.js:776
[ 3351588ms] [LOG] [Fast Refresh] done in 99ms @ http://localhost:5173/_next/static/chunks/node_modules_next_dist_1e8vcs8._.js:776
[ 3351635ms] [LOG] [Fast Refresh] done in 99ms @ http://localhost:5173/_next/static/chunks/node_modules_next_dist_1e8vcs8._.js:776
[ 3351698ms] [LOG] [Fast Refresh] done in 99ms @ http://localhost:5173/_next/static/chunks/node_modules_next_dist_1e8vcs8._.js:776
[ 3351745ms] [LOG] [Fast Refresh] done in 99ms @ http://localhost:5173/_next/static/chunks/node_modules_next_dist_1e8vcs8._.js:776
[ 3351807ms] [LOG] [Fast Refresh] done in 99ms @ http://localhost:5173/_next/static/chunks/node_modules_next_dist_1e8vcs8._.js:776
[ 3351855ms] [LOG] [Fast Refresh] done in 99ms @ http://localhost:5173/_next/static/chunks/node_modules_next_dist_1e8vcs8._.js:776
[ 3351901ms] [LOG] [Fast Refresh] done in 99ms @ http://localhost:5173/_next/static/chunks/node_modules_next_dist_1e8vcs8._.js:776
[ 3351964ms] [LOG] [Fast Refresh] done in 99ms @ http://localhost:5173/_next/static/chunks/node_modules_next_dist_1e8vcs8._.js:776
[ 3352026ms] [LOG] [Fast Refresh] done in 99ms @ http://localhost:5173/_next/static/chunks/node_modules_next_dist_1e8vcs8._.js:776
[ 3352089ms] [LOG] [Fast Refresh] done in 99ms @ http://localhost:5173/_next/static/chunks/node_modules_next_dist_1e8vcs8._.js:776
[ 3352152ms] [LOG] [Fast Refresh] done in 99ms @ http://localhost:5173/_next/static/chunks/node_modules_next_dist_1e8vcs8._.js:776
[ 3352262ms] [LOG] [Fast Refresh] done in 99ms @ http://localhost:5173/_next/static/chunks/node_modules_next_dist_1e8vcs8._.js:776
[ 3352325ms] [LOG] [Fast Refresh] done in 99ms @ http://localhost:5173/_next/static/chunks/node_modules_next_dist_1e8vcs8._.js:776
[ 3352387ms] [LOG] [Fast Refresh] done in 99ms @ http://localhost:5173/_next/static/chunks/node_modules_next_dist_1e8vcs8._.js:776
[ 3352449ms] [LOG] [Fast Refresh] done in 99ms @ http://localhost:5173/_next/static/chunks/node_modules_next_dist_1e8vcs8._.js:776
[ 3352511ms] [LOG] [Fast Refresh] done in 99ms @ http://localhost:5173/_next/static/chunks/node_modules_next_dist_1e8vcs8._.js:776
[ 3352576ms] [LOG] [Fast Refresh] done in 99ms @ http://localhost:5173/_next/static/chunks/node_modules_next_dist_1e8vcs8._.js:776
[ 3352637ms] [LOG] [Fast Refresh] done in 99ms @ http://localhost:5173/_next/static/chunks/node_modules_next_dist_1e8vcs8._.js:776
[ 3352684ms] [LOG] [Fast Refresh] done in 99ms @ http://localhost:5173/_next/static/chunks/node_modules_next_dist_1e8vcs8._.js:776
[ 3352746ms] [LOG] [Fast Refresh] done in 99ms @ http://localhost:5173/_next/static/chunks/node_modules_next_dist_1e8vcs8._.js:776
[ 3352794ms] [LOG] [Fast Refresh] done in 99ms @ http://localhost:5173/_next/static/chunks/node_modules_next_dist_1e8vcs8._.js:776
[ 3352855ms] [LOG] [Fast Refresh] done in 99ms @ http://localhost:5173/_next/static/chunks/node_modules_next_dist_1e8vcs8._.js:776
[ 3352902ms] [LOG] [Fast Refresh] done in 99ms @ http://localhost:5173/_next/static/chunks/node_modules_next_dist_1e8vcs8._.js:776
[ 3352965ms] [LOG] [Fast Refresh] done in 99ms @ http://localhost:5173/_next/static/chunks/node_modules_next_dist_1e8vcs8._.js:776
[ 3353026ms] [LOG] [Fast Refresh] done in 99ms @ http://localhost:5173/_next/static/chunks/node_modules_next_dist_1e8vcs8._.js:776
[ 3353089ms] [LOG] [Fast Refresh] done in 99ms @ http://localhost:5173/_next/static/chunks/node_modules_next_dist_1e8vcs8._.js:776
[ 3353149ms] [LOG] [Fast Refresh] done in 99ms @ http://localhost:5173/_next/static/chunks/node_modules_next_dist_1e8vcs8._.js:776
[ 3353213ms] [LOG] [Fast Refresh] done in 99ms @ http://localhost:5173/_next/static/chunks/node_modules_next_dist_1e8vcs8._.js:776
[ 3353275ms] [LOG] [Fast Refresh] done in 99ms @ http://localhost:5173/_next/static/chunks/node_modules_next_dist_1e8vcs8._.js:776
[ 3353323ms] [LOG] [Fast Refresh] done in 99ms @ http://localhost:5173/_next/static/chunks/node_modules_next_dist_1e8vcs8._.js:776
[ 3353370ms] [LOG] [Fast Refresh] done in 99ms @ http://localhost:5173/_next/static/chunks/node_modules_next_dist_1e8vcs8._.js:776
[ 3353432ms] [LOG] [Fast Refresh] done in 99ms @ http://localhost:5173/_next/static/chunks/node_modules_next_dist_1e8vcs8._.js:776
[ 3353495ms] [LOG] [Fast Refresh] done in 99ms @ http://localhost:5173/_next/static/chunks/node_modules_next_dist_1e8vcs8._.js:776
[ 3353557ms] [LOG] [Fast Refresh] done in 99ms @ http://localhost:5173/_next/static/chunks/node_modules_next_dist_1e8vcs8._.js:776
[ 3353618ms] [LOG] [Fast Refresh] done in 99ms @ http://localhost:5173/_next/static/chunks/node_modules_next_dist_1e8vcs8._.js:776
[ 3353666ms] [LOG] [Fast Refresh] done in 99ms @ http://localhost:5173/_next/static/chunks/node_modules_next_dist_1e8vcs8._.js:776
[ 3353727ms] [LOG] [Fast Refresh] done in 99ms @ http://localhost:5173/_next/static/chunks/node_modules_next_dist_1e8vcs8._.js:776
[ 3353791ms] [LOG] [Fast Refresh] done in 99ms @ http://localhost:5173/_next/static/chunks/node_modules_next_dist_1e8vcs8._.js:776
[ 3353852ms] [LOG] [Fast Refresh] done in 99ms @ http://localhost:5173/_next/static/chunks/node_modules_next_dist_1e8vcs8._.js:776
[ 3353915ms] [LOG] [Fast Refresh] done in 99ms @ http://localhost:5173/_next/static/chunks/node_modules_next_dist_1e8vcs8._.js:776
[ 3353976ms] [LOG] [Fast Refresh] done in 99ms @ http://localhost:5173/_next/static/chunks/node_modules_next_dist_1e8vcs8._.js:776
[ 3354038ms] [LOG] [Fast Refresh] done in 99ms @ http://localhost:5173/_next/static/chunks/node_modules_next_dist_1e8vcs8._.js:776
[ 3354099ms] [LOG] [Fast Refresh] done in 99ms @ http://localhost:5173/_next/static/chunks/node_modules_next_dist_1e8vcs8._.js:776
[ 3354161ms] [LOG] [Fast Refresh] done in 99ms @ http://localhost:5173/_next/static/chunks/node_modules_next_dist_1e8vcs8._.js:776
[ 3354224ms] [LOG] [Fast Refresh] done in 99ms @ http://localhost:5173/_next/static/chunks/node_modules_next_dist_1e8vcs8._.js:776
[ 3354271ms] [LOG] [Fast Refresh] done in 99ms @ http://localhost:5173/_next/static/chunks/node_modules_next_dist_1e8vcs8._.js:776
[ 3354336ms] [LOG] [Fast Refresh] done in 99ms @ http://localhost:5173/_next/static/chunks/node_modules_next_dist_1e8vcs8._.js:776
[ 3354399ms] [LOG] [Fast Refresh] done in 99ms @ http://localhost:5173/_next/static/chunks/node_modules_next_dist_1e8vcs8._.js:776
[ 3354461ms] [LOG] [Fast Refresh] done in 99ms @ http://localhost:5173/_next/static/chunks/node_modules_next_dist_1e8vcs8._.js:776
[ 3354523ms] [LOG] [Fast Refresh] done in 99ms @ http://localhost:5173/_next/static/chunks/node_modules_next_dist_1e8vcs8._.js:776
[ 3354570ms] [LOG] [Fast Refresh] done in 99ms @ http://localhost:5173/_next/static/chunks/node_modules_next_dist_1e8vcs8._.js:776
[ 3354633ms] [LOG] [Fast Refresh] done in 99ms @ http://localhost:5173/_next/static/chunks/node_modules_next_dist_1e8vcs8._.js:776
[ 3354680ms] [LOG] [Fast Refresh] done in 99ms @ http://localhost:5173/_next/static/chunks/node_modules_next_dist_1e8vcs8._.js:776
[ 3354743ms] [LOG] [Fast Refresh] done in 99ms @ http://localhost:5173/_next/static/chunks/node_modules_next_dist_1e8vcs8._.js:776
[ 3354805ms] [LOG] [Fast Refresh] done in 99ms @ http://localhost:5173/_next/static/chunks/node_modules_next_dist_1e8vcs8._.js:776
[ 3354866ms] [LOG] [Fast Refresh] done in 99ms @ http://localhost:5173/_next/static/chunks/node_modules_next_dist_1e8vcs8._.js:776
[ 3354913ms] [LOG] [Fast Refresh] done in 99ms @ http://localhost:5173/_next/static/chunks/node_modules_next_dist_1e8vcs8._.js:776
[ 3354974ms] [LOG] [Fast Refresh] done in 99ms @ http://localhost:5173/_next/static/chunks/node_modules_next_dist_1e8vcs8._.js:776
[ 3355037ms] [LOG] [Fast Refresh] done in 99ms @ http://localhost:5173/_next/static/chunks/node_modules_next_dist_1e8vcs8._.js:776
[ 3355084ms] [LOG] [Fast Refresh] done in 99ms @ http://localhost:5173/_next/static/chunks/node_modules_next_dist_1e8vcs8._.js:776
[ 3355146ms] [LOG] [Fast Refresh] done in 99ms @ http://localhost:5173/_next/static/chunks/node_modules_next_dist_1e8vcs8._.js:776
[ 3355194ms] [LOG] [Fast Refresh] done in 99ms @ http://localhost:5173/_next/static/chunks/node_modules_next_dist_1e8vcs8._.js:776
[ 3355256ms] [LOG] [Fast Refresh] done in 99ms @ http://localhost:5173/_next/static/chunks/node_modules_next_dist_1e8vcs8._.js:776
[ 3355318ms] [LOG] [Fast Refresh] done in 99ms @ http://localhost:5173/_next/static/chunks/node_modules_next_dist_1e8vcs8._.js:776
[ 3355379ms] [LOG] [Fast Refresh] done in 99ms @ http://localhost:5173/_next/static/chunks/node_modules_next_dist_1e8vcs8._.js:776
[ 3355439ms] [LOG] [Fast Refresh] done in 99ms @ http://localhost:5173/_next/static/chunks/node_modules_next_dist_1e8vcs8._.js:776
[ 3355502ms] [LOG] [Fast Refresh] done in 99ms @ http://localhost:5173/_next/static/chunks/node_modules_next_dist_1e8vcs8._.js:776
[ 3355563ms] [LOG] [Fast Refresh] done in 99ms @ http://localhost:5173/_next/static/chunks/node_modules_next_dist_1e8vcs8._.js:776
[ 3355626ms] [LOG] [Fast Refresh] done in 99ms @ http://localhost:5173/_next/static/chunks/node_modules_next_dist_1e8vcs8._.js:776
[ 3355674ms] [LOG] [Fast Refresh] done in 99ms @ http://localhost:5173/_next/static/chunks/node_modules_next_dist_1e8vcs8._.js:776
[ 3355736ms] [LOG] [Fast Refresh] done in 99ms @ http://localhost:5173/_next/static/chunks/node_modules_next_dist_1e8vcs8._.js:776
[ 3355798ms] [LOG] [Fast Refresh] done in 99ms @ http://localhost:5173/_next/static/chunks/node_modules_next_dist_1e8vcs8._.js:776
[ 3355845ms] [LOG] [Fast Refresh] done in 99ms @ http://localhost:5173/_next/static/chunks/node_modules_next_dist_1e8vcs8._.js:776
[ 3355893ms] [LOG] [Fast Refresh] done in 99ms @ http://localhost:5173/_next/static/chunks/node_modules_next_dist_1e8vcs8._.js:776
[ 3355955ms] [LOG] [Fast Refresh] done in 99ms @ http://localhost:5173/_next/static/chunks/node_modules_next_dist_1e8vcs8._.js:776
[ 3356002ms] [LOG] [Fast Refresh] done in 99ms @ http://localhost:5173/_next/static/chunks/node_modules_next_dist_1e8vcs8._.js:776
[ 3356064ms] [LOG] [Fast Refresh] done in 99ms @ http://localhost:5173/_next/static/chunks/node_modules_next_dist_1e8vcs8._.js:776
[ 3356125ms] [LOG] [Fast Refresh] done in 99ms @ http://localhost:5173/_next/static/chunks/node_modules_next_dist_1e8vcs8._.js:776
[ 3356188ms] [LOG] [Fast Refresh] done in 99ms @ http://localhost:5173/_next/static/chunks/node_modules_next_dist_1e8vcs8._.js:776
[ 3356251ms] [LOG] [Fast Refresh] done in 99ms @ http://localhost:5173/_next/static/chunks/node_modules_next_dist_1e8vcs8._.js:776
[ 3356312ms] [LOG] [Fast Refresh] done in 99ms @ http://localhost:5173/_next/static/chunks/node_modules_next_dist_1e8vcs8._.js:776
[ 3356358ms] [LOG] [Fast Refresh] done in 99ms @ http://localhost:5173/_next/static/chunks/node_modules_next_dist_1e8vcs8._.js:776
[ 3356406ms] [LOG] [Fast Refresh] done in 99ms @ http://localhost:5173/_next/static/chunks/node_modules_next_dist_1e8vcs8._.js:776
[ 3356452ms] [LOG] [Fast Refresh] done in 99ms @ http://localhost:5173/_next/static/chunks/node_modules_next_dist_1e8vcs8._.js:776
[ 3356516ms] [LOG] [Fast Refresh] done in 99ms @ http://localhost:5173/_next/static/chunks/node_modules_next_dist_1e8vcs8._.js:776
[ 3356578ms] [LOG] [Fast Refresh] done in 99ms @ http://localhost:5173/_next/static/chunks/node_modules_next_dist_1e8vcs8._.js:776
[ 3356639ms] [LOG] [Fast Refresh] done in 99ms @ http://localhost:5173/_next/static/chunks/node_modules_next_dist_1e8vcs8._.js:776
[ 3356702ms] [LOG] [Fast Refresh] done in 99ms @ http://localhost:5173/_next/static/chunks/node_modules_next_dist_1e8vcs8._.js:776
[ 3356765ms] [LOG] [Fast Refresh] done in 99ms @ http://localhost:5173/_next/static/chunks/node_modules_next_dist_1e8vcs8._.js:776
[ 3356826ms] [LOG] [Fast Refresh] done in 99ms @ http://localhost:5173/_next/static/chunks/node_modules_next_dist_1e8vcs8._.js:776
[ 3356888ms] [LOG] [Fast Refresh] done in 99ms @ http://localhost:5173/_next/static/chunks/node_modules_next_dist_1e8vcs8._.js:776
[ 3356950ms] [LOG] [Fast Refresh] done in 99ms @ http://localhost:5173/_next/static/chunks/node_modules_next_dist_1e8vcs8._.js:776
[ 3357012ms] [LOG] [Fast Refresh] done in 99ms @ http://localhost:5173/_next/static/chunks/node_modules_next_dist_1e8vcs8._.js:776
[ 3357060ms] [LOG] [Fast Refresh] done in 99ms @ http://localhost:5173/_next/static/chunks/node_modules_next_dist_1e8vcs8._.js:776
[ 3357106ms] [LOG] [Fast Refresh] done in 99ms @ http://localhost:5173/_next/static/chunks/node_modules_next_dist_1e8vcs8._.js:776
[ 3357169ms] [LOG] [Fast Refresh] done in 99ms @ http://localhost:5173/_next/static/chunks/node_modules_next_dist_1e8vcs8._.js:776
[ 3357215ms] [LOG] [Fast Refresh] done in 99ms @ http://localhost:5173/_next/static/chunks/node_modules_next_dist_1e8vcs8._.js:776
[ 3357278ms] [LOG] [Fast Refresh] done in 99ms @ http://localhost:5173/_next/static/chunks/node_modules_next_dist_1e8vcs8._.js:776
[ 3357338ms] [LOG] [Fast Refresh] done in 99ms @ http://localhost:5173/_next/static/chunks/node_modules_next_dist_1e8vcs8._.js:776
[ 3357400ms] [LOG] [Fast Refresh] done in 99ms @ http://localhost:5173/_next/static/chunks/node_modules_next_dist_1e8vcs8._.js:776
[ 3357461ms] [LOG] [Fast Refresh] done in 99ms @ http://localhost:5173/_next/static/chunks/node_modules_next_dist_1e8vcs8._.js:776
[ 3357524ms] [LOG] [Fast Refresh] done in 99ms @ http://localhost:5173/_next/static/chunks/node_modules_next_dist_1e8vcs8._.js:776
[ 3357572ms] [LOG] [Fast Refresh] done in 99ms @ http://localhost:5173/_next/static/chunks/node_modules_next_dist_1e8vcs8._.js:776
[ 3357634ms] [LOG] [Fast Refresh] done in 99ms @ http://localhost:5173/_next/static/chunks/node_modules_next_dist_1e8vcs8._.js:776
[ 3357695ms] [LOG] [Fast Refresh] done in 99ms @ http://localhost:5173/_next/static/chunks/node_modules_next_dist_1e8vcs8._.js:776
[ 3357757ms] [LOG] [Fast Refresh] done in 99ms @ http://localhost:5173/_next/static/chunks/node_modules_next_dist_1e8vcs8._.js:776
[ 3357820ms] [LOG] [Fast Refresh] done in 99ms @ http://localhost:5173/_next/static/chunks/node_modules_next_dist_1e8vcs8._.js:776
[ 3357881ms] [LOG] [Fast Refresh] done in 99ms @ http://localhost:5173/_next/static/chunks/node_modules_next_dist_1e8vcs8._.js:776
[ 3357943ms] [LOG] [Fast Refresh] done in 99ms @ http://localhost:5173/_next/static/chunks/node_modules_next_dist_1e8vcs8._.js:776
[ 3358005ms] [LOG] [Fast Refresh] done in 99ms @ http://localhost:5173/_next/static/chunks/node_modules_next_dist_1e8vcs8._.js:776
[ 3358053ms] [LOG] [Fast Refresh] done in 99ms @ http://localhost:5173/_next/static/chunks/node_modules_next_dist_1e8vcs8._.js:776
[ 3358099ms] [LOG] [Fast Refresh] done in 99ms @ http://localhost:5173/_next/static/chunks/node_modules_next_dist_1e8vcs8._.js:776
[ 3358161ms] [LOG] [Fast Refresh] done in 99ms @ http://localhost:5173/_next/static/chunks/node_modules_next_dist_1e8vcs8._.js:776
[ 3358206ms] [LOG] [Fast Refresh] done in 99ms @ http://localhost:5173/_next/static/chunks/node_modules_next_dist_1e8vcs8._.js:776
[ 3358269ms] [LOG] [Fast Refresh] done in 99ms @ http://localhost:5173/_next/static/chunks/node_modules_next_dist_1e8vcs8._.js:776
[ 3358309ms] [LOG] [Fast Refresh] done in 99ms @ http://localhost:5173/_next/static/chunks/node_modules_next_dist_1e8vcs8._.js:776
[ 3358353ms] [LOG] [Fast Refresh] done in 99ms @ http://localhost:5173/_next/static/chunks/node_modules_next_dist_1e8vcs8._.js:776
[ 3358406ms] [LOG] [Fast Refresh] done in 99ms @ http://localhost:5173/_next/static/chunks/node_modules_next_dist_1e8vcs8._.js:776
[ 3358468ms] [LOG] [Fast Refresh] done in 99ms @ http://localhost:5173/_next/static/chunks/node_modules_next_dist_1e8vcs8._.js:776
[ 3358530ms] [LOG] [Fast Refresh] done in 99ms @ http://localhost:5173/_next/static/chunks/node_modules_next_dist_1e8vcs8._.js:776
[ 3358584ms] [LOG] [Fast Refresh] done in 99ms @ http://localhost:5173/_next/static/chunks/node_modules_next_dist_1e8vcs8._.js:776
[ 3358647ms] [LOG] [Fast Refresh] done in 99ms @ http://localhost:5173/_next/static/chunks/node_modules_next_dist_1e8vcs8._.js:776
[ 3358709ms] [LOG] [Fast Refresh] done in 99ms @ http://localhost:5173/_next/static/chunks/node_modules_next_dist_1e8vcs8._.js:776
[ 3358769ms] [LOG] [Fast Refresh] done in 99ms @ http://localhost:5173/_next/static/chunks/node_modules_next_dist_1e8vcs8._.js:776
[ 3358818ms] [LOG] [Fast Refresh] done in 99ms @ http://localhost:5173/_next/static/chunks/node_modules_next_dist_1e8vcs8._.js:776
[ 3358872ms] [LOG] [Fast Refresh] done in 99ms @ http://localhost:5173/_next/static/chunks/node_modules_next_dist_1e8vcs8._.js:776
[ 3358938ms] [LOG] [Fast Refresh] done in 99ms @ http://localhost:5173/_next/static/chunks/node_modules_next_dist_1e8vcs8._.js:776
[ 3358989ms] [LOG] [Fast Refresh] done in 99ms @ http://localhost:5173/_next/static/chunks/node_modules_next_dist_1e8vcs8._.js:776
[ 3359051ms] [LOG] [Fast Refresh] done in 99ms @ http://localhost:5173/_next/static/chunks/node_modules_next_dist_1e8vcs8._.js:776
[ 3359113ms] [LOG] [Fast Refresh] done in 99ms @ http://localhost:5173/_next/static/chunks/node_modules_next_dist_1e8vcs8._.js:776
[ 3359170ms] [LOG] [Fast Refresh] done in 99ms @ http://localhost:5173/_next/static/chunks/node_modules_next_dist_1e8vcs8._.js:776
[ 3359230ms] [LOG] [Fast Refresh] done in 99ms @ http://localhost:5173/_next/static/chunks/node_modules_next_dist_1e8vcs8._.js:776
[ 3359292ms] [LOG] [Fast Refresh] done in 99ms @ http://localhost:5173/_next/static/chunks/node_modules_next_dist_1e8vcs8._.js:776
[ 3359338ms] [LOG] [Fast Refresh] done in 99ms @ http://localhost:5173/_next/static/chunks/node_modules_next_dist_1e8vcs8._.js:776
[ 3359395ms] [LOG] [Fast Refresh] done in 99ms @ http://localhost:5173/_next/static/chunks/node_modules_next_dist_1e8vcs8._.js:776
[ 3359458ms] [LOG] [Fast Refresh] done in 99ms @ http://localhost:5173/_next/static/chunks/node_modules_next_dist_1e8vcs8._.js:776
[ 3359510ms] [LOG] [Fast Refresh] done in 99ms @ http://localhost:5173/_next/static/chunks/node_modules_next_dist_1e8vcs8._.js:776
[ 3359571ms] [LOG] [Fast Refresh] done in 99ms @ http://localhost:5173/_next/static/chunks/node_modules_next_dist_1e8vcs8._.js:776
[ 3359620ms] [LOG] [Fast Refresh] done in 99ms @ http://localhost:5173/_next/static/chunks/node_modules_next_dist_1e8vcs8._.js:776
[ 3359667ms] [LOG] [Fast Refresh] done in 99ms @ http://localhost:5173/_next/static/chunks/node_modules_next_dist_1e8vcs8._.js:776
[ 3359729ms] [LOG] [Fast Refresh] done in 99ms @ http://localhost:5173/_next/static/chunks/node_modules_next_dist_1e8vcs8._.js:776
[ 3359778ms] [LOG] [Fast Refresh] done in 99ms @ http://localhost:5173/_next/static/chunks/node_modules_next_dist_1e8vcs8._.js:776
[ 3359825ms] [LOG] [Fast Refresh] done in 99ms @ http://localhost:5173/_next/static/chunks/node_modules_next_dist_1e8vcs8._.js:776
[ 3359872ms] [LOG] [Fast Refresh] done in 99ms @ http://localhost:5173/_next/static/chunks/node_modules_next_dist_1e8vcs8._.js:776
[ 3359923ms] [LOG] [Fast Refresh] done in 99ms @ http://localhost:5173/_next/static/chunks/node_modules_next_dist_1e8vcs8._.js:776
[ 3359970ms] [LOG] [Fast Refresh] done in 99ms @ http://localhost:5173/_next/static/chunks/node_modules_next_dist_1e8vcs8._.js:776
[ 3360015ms] [LOG] [Fast Refresh] done in 99ms @ http://localhost:5173/_next/static/chunks/node_modules_next_dist_1e8vcs8._.js:776
[ 3360063ms] [LOG] [Fast Refresh] done in 99ms @ http://localhost:5173/_next/static/chunks/node_modules_next_dist_1e8vcs8._.js:776
[ 3360121ms] [LOG] [Fast Refresh] done in 99ms @ http://localhost:5173/_next/static/chunks/node_modules_next_dist_1e8vcs8._.js:776
[ 3360173ms] [LOG] [Fast Refresh] done in 99ms @ http://localhost:5173/_next/static/chunks/node_modules_next_dist_1e8vcs8._.js:776
[ 3360219ms] [LOG] [Fast Refresh] done in 99ms @ http://localhost:5173/_next/static/chunks/node_modules_next_dist_1e8vcs8._.js:776
[ 3360277ms] [LOG] [Fast Refresh] done in 99ms @ http://localhost:5173/_next/static/chunks/node_modules_next_dist_1e8vcs8._.js:776
[ 3360325ms] [LOG] [Fast Refresh] done in 99ms @ http://localhost:5173/_next/static/chunks/node_modules_next_dist_1e8vcs8._.js:776
[ 3360381ms] [LOG] [Fast Refresh] done in 99ms @ http://localhost:5173/_next/static/chunks/node_modules_next_dist_1e8vcs8._.js:776
[ 3360443ms] [LOG] [Fast Refresh] done in 99ms @ http://localhost:5173/_next/static/chunks/node_modules_next_dist_1e8vcs8._.js:776
[ 3360493ms] [LOG] [Fast Refresh] done in 99ms @ http://localhost:5173/_next/static/chunks/node_modules_next_dist_1e8vcs8._.js:776
[ 3360556ms] [LOG] [Fast Refresh] done in 99ms @ http://localhost:5173/_next/static/chunks/node_modules_next_dist_1e8vcs8._.js:776
[ 3360622ms] [LOG] [Fast Refresh] done in 99ms @ http://localhost:5173/_next/static/chunks/node_modules_next_dist_1e8vcs8._.js:776
[ 3360686ms] [LOG] [Fast Refresh] done in 99ms @ http://localhost:5173/_next/static/chunks/node_modules_next_dist_1e8vcs8._.js:776
[ 3360749ms] [LOG] [Fast Refresh] done in 99ms @ http://localhost:5173/_next/static/chunks/node_modules_next_dist_1e8vcs8._.js:776
[ 3360800ms] [LOG] [Fast Refresh] done in 99ms @ http://localhost:5173/_next/static/chunks/node_modules_next_dist_1e8vcs8._.js:776
[ 3360848ms] [LOG] [Fast Refresh] done in 99ms @ http://localhost:5173/_next/static/chunks/node_modules_next_dist_1e8vcs8._.js:776
[ 3360901ms] [LOG] [Fast Refresh] done in 99ms @ http://localhost:5173/_next/static/chunks/node_modules_next_dist_1e8vcs8._.js:776
[ 3360962ms] [LOG] [Fast Refresh] done in 99ms @ http://localhost:5173/_next/static/chunks/node_modules_next_dist_1e8vcs8._.js:776
[ 3361011ms] [LOG] [Fast Refresh] done in 99ms @ http://localhost:5173/_next/static/chunks/node_modules_next_dist_1e8vcs8._.js:776
[ 3361074ms] [LOG] [Fast Refresh] done in 99ms @ http://localhost:5173/_next/static/chunks/node_modules_next_dist_1e8vcs8._.js:776
[ 3361136ms] [LOG] [Fast Refresh] done in 99ms @ http://localhost:5173/_next/static/chunks/node_modules_next_dist_1e8vcs8._.js:776
[ 3361197ms] [LOG] [Fast Refresh] done in 99ms @ http://localhost:5173/_next/static/chunks/node_modules_next_dist_1e8vcs8._.js:776
[ 3361260ms] [LOG] [Fast Refresh] done in 99ms @ http://localhost:5173/_next/static/chunks/node_modules_next_dist_1e8vcs8._.js:776
[ 3361323ms] [LOG] [Fast Refresh] done in 99ms @ http://localhost:5173/_next/static/chunks/node_modules_next_dist_1e8vcs8._.js:776
[ 3361375ms] [LOG] [Fast Refresh] done in 99ms @ http://localhost:5173/_next/static/chunks/node_modules_next_dist_1e8vcs8._.js:776
[ 3361435ms] [LOG] [Fast Refresh] done in 99ms @ http://localhost:5173/_next/static/chunks/node_modules_next_dist_1e8vcs8._.js:776
[ 3361492ms] [LOG] [Fast Refresh] done in 99ms @ http://localhost:5173/_next/static/chunks/node_modules_next_dist_1e8vcs8._.js:776
[ 3361546ms] [LOG] [Fast Refresh] done in 99ms @ http://localhost:5173/_next/static/chunks/node_modules_next_dist_1e8vcs8._.js:776
[ 3361599ms] [LOG] [Fast Refresh] done in 99ms @ http://localhost:5173/_next/static/chunks/node_modules_next_dist_1e8vcs8._.js:776
[ 3361661ms] [LOG] [Fast Refresh] done in 99ms @ http://localhost:5173/_next/static/chunks/node_modules_next_dist_1e8vcs8._.js:776
[ 3361710ms] [LOG] [Fast Refresh] done in 99ms @ http://localhost:5173/_next/static/chunks/node_modules_next_dist_1e8vcs8._.js:776
[ 3361770ms] [LOG] [Fast Refresh] done in 99ms @ http://localhost:5173/_next/static/chunks/node_modules_next_dist_1e8vcs8._.js:776
[ 3361818ms] [LOG] [Fast Refresh] done in 99ms @ http://localhost:5173/_next/static/chunks/node_modules_next_dist_1e8vcs8._.js:776
[ 3361865ms] [LOG] [Fast Refresh] done in 99ms @ http://localhost:5173/_next/static/chunks/node_modules_next_dist_1e8vcs8._.js:776
[ 3361911ms] [LOG] [Fast Refresh] done in 99ms @ http://localhost:5173/_next/static/chunks/node_modules_next_dist_1e8vcs8._.js:776
[ 3361978ms] [LOG] [Fast Refresh] done in 99ms @ http://localhost:5173/_next/static/chunks/node_modules_next_dist_1e8vcs8._.js:776
[ 3362040ms] [LOG] [Fast Refresh] done in 99ms @ http://localhost:5173/_next/static/chunks/node_modules_next_dist_1e8vcs8._.js:776
[ 3362094ms] [LOG] [Fast Refresh] done in 99ms @ http://localhost:5173/_next/static/chunks/node_modules_next_dist_1e8vcs8._.js:776
[ 3362157ms] [LOG] [Fast Refresh] done in 99ms @ http://localhost:5173/_next/static/chunks/node_modules_next_dist_1e8vcs8._.js:776
[ 3362217ms] [LOG] [Fast Refresh] done in 99ms @ http://localhost:5173/_next/static/chunks/node_modules_next_dist_1e8vcs8._.js:776
[ 3362279ms] [LOG] [Fast Refresh] done in 99ms @ http://localhost:5173/_next/static/chunks/node_modules_next_dist_1e8vcs8._.js:776
[ 3362343ms] [LOG] [Fast Refresh] done in 99ms @ http://localhost:5173/_next/static/chunks/node_modules_next_dist_1e8vcs8._.js:776
[ 3362401ms] [LOG] [Fast Refresh] done in 99ms @ http://localhost:5173/_next/static/chunks/node_modules_next_dist_1e8vcs8._.js:776
[ 3362464ms] [LOG] [Fast Refresh] done in 99ms @ http://localhost:5173/_next/static/chunks/node_modules_next_dist_1e8vcs8._.js:776
[ 3362525ms] [LOG] [Fast Refresh] done in 99ms @ http://localhost:5173/_next/static/chunks/node_modules_next_dist_1e8vcs8._.js:776
[ 3362578ms] [LOG] [Fast Refresh] done in 99ms @ http://localhost:5173/_next/static/chunks/node_modules_next_dist_1e8vcs8._.js:776
[ 3362632ms] [LOG] [Fast Refresh] done in 99ms @ http://localhost:5173/_next/static/chunks/node_modules_next_dist_1e8vcs8._.js:776
[ 3362678ms] [LOG] [Fast Refresh] done in 99ms @ http://localhost:5173/_next/static/chunks/node_modules_next_dist_1e8vcs8._.js:776
[ 3362732ms] [LOG] [Fast Refresh] done in 99ms @ http://localhost:5173/_next/static/chunks/node_modules_next_dist_1e8vcs8._.js:776
[ 3362779ms] [LOG] [Fast Refresh] done in 99ms @ http://localhost:5173/_next/static/chunks/node_modules_next_dist_1e8vcs8._.js:776
[ 3362841ms] [LOG] [Fast Refresh] done in 99ms @ http://localhost:5173/_next/static/chunks/node_modules_next_dist_1e8vcs8._.js:776
[ 3362894ms] [LOG] [Fast Refresh] done in 99ms @ http://localhost:5173/_next/static/chunks/node_modules_next_dist_1e8vcs8._.js:776
[ 3362959ms] [LOG] [Fast Refresh] done in 99ms @ http://localhost:5173/_next/static/chunks/node_modules_next_dist_1e8vcs8._.js:776
[ 3363009ms] [LOG] [Fast Refresh] done in 99ms @ http://localhost:5173/_next/static/chunks/node_modules_next_dist_1e8vcs8._.js:776
[ 3363069ms] [LOG] [Fast Refresh] done in 99ms @ http://localhost:5173/_next/static/chunks/node_modules_next_dist_1e8vcs8._.js:776
[ 3363125ms] [LOG] [Fast Refresh] done in 99ms @ http://localhost:5173/_next/static/chunks/node_modules_next_dist_1e8vcs8._.js:776
[ 3363179ms] [LOG] [Fast Refresh] done in 99ms @ http://localhost:5173/_next/static/chunks/node_modules_next_dist_1e8vcs8._.js:776
[ 3363228ms] [LOG] [Fast Refresh] done in 99ms @ http://localhost:5173/_next/static/chunks/node_modules_next_dist_1e8vcs8._.js:776
[ 3363279ms] [LOG] [Fast Refresh] done in 99ms @ http://localhost:5173/_next/static/chunks/node_modules_next_dist_1e8vcs8._.js:776
[ 3363329ms] [LOG] [Fast Refresh] done in 99ms @ http://localhost:5173/_next/static/chunks/node_modules_next_dist_1e8vcs8._.js:776
[ 3363378ms] [LOG] [Fast Refresh] done in 99ms @ http://localhost:5173/_next/static/chunks/node_modules_next_dist_1e8vcs8._.js:776
[ 3363425ms] [LOG] [Fast Refresh] done in 99ms @ http://localhost:5173/_next/static/chunks/node_modules_next_dist_1e8vcs8._.js:776
[ 3363478ms] [LOG] [Fast Refresh] done in 99ms @ http://localhost:5173/_next/static/chunks/node_modules_next_dist_1e8vcs8._.js:776
[ 3363526ms] [LOG] [Fast Refresh] done in 99ms @ http://localhost:5173/_next/static/chunks/node_modules_next_dist_1e8vcs8._.js:776
[ 3363587ms] [LOG] [Fast Refresh] done in 99ms @ http://localhost:5173/_next/static/chunks/node_modules_next_dist_1e8vcs8._.js:776
[ 3363655ms] [LOG] [Fast Refresh] done in 99ms @ http://localhost:5173/_next/static/chunks/node_modules_next_dist_1e8vcs8._.js:776
[ 3363717ms] [LOG] [Fast Refresh] done in 99ms @ http://localhost:5173/_next/static/chunks/node_modules_next_dist_1e8vcs8._.js:776
[ 3363779ms] [LOG] [Fast Refresh] done in 99ms @ http://localhost:5173/_next/static/chunks/node_modules_next_dist_1e8vcs8._.js:776
[ 3363842ms] [LOG] [Fast Refresh] done in 99ms @ http://localhost:5173/_next/static/chunks/node_modules_next_dist_1e8vcs8._.js:776
[ 3363893ms] [LOG] [Fast Refresh] done in 99ms @ http://localhost:5173/_next/static/chunks/node_modules_next_dist_1e8vcs8._.js:776
[ 3363959ms] [LOG] [Fast Refresh] done in 99ms @ http://localhost:5173/_next/static/chunks/node_modules_next_dist_1e8vcs8._.js:776
[ 3364024ms] [LOG] [Fast Refresh] done in 99ms @ http://localhost:5173/_next/static/chunks/node_modules_next_dist_1e8vcs8._.js:776
[ 3364078ms] [LOG] [Fast Refresh] done in 99ms @ http://localhost:5173/_next/static/chunks/node_modules_next_dist_1e8vcs8._.js:776
[ 3364139ms] [LOG] [Fast Refresh] done in 99ms @ http://localhost:5173/_next/static/chunks/node_modules_next_dist_1e8vcs8._.js:776
[ 3364192ms] [LOG] [Fast Refresh] done in 99ms @ http://localhost:5173/_next/static/chunks/node_modules_next_dist_1e8vcs8._.js:776
[ 3364244ms] [LOG] [Fast Refresh] done in 99ms @ http://localhost:5173/_next/static/chunks/node_modules_next_dist_1e8vcs8._.js:776
[ 3364294ms] [LOG] [Fast Refresh] done in 99ms @ http://localhost:5173/_next/static/chunks/node_modules_next_dist_1e8vcs8._.js:776
[ 3364358ms] [LOG] [Fast Refresh] done in 99ms @ http://localhost:5173/_next/static/chunks/node_modules_next_dist_1e8vcs8._.js:776
[ 3364425ms] [LOG] [Fast Refresh] done in 99ms @ http://localhost:5173/_next/static/chunks/node_modules_next_dist_1e8vcs8._.js:776
[ 3364480ms] [LOG] [Fast Refresh] done in 99ms @ http://localhost:5173/_next/static/chunks/node_modules_next_dist_1e8vcs8._.js:776
[ 3364529ms] [LOG] [Fast Refresh] done in 99ms @ http://localhost:5173/_next/static/chunks/node_modules_next_dist_1e8vcs8._.js:776
[ 3364579ms] [LOG] [Fast Refresh] done in 99ms @ http://localhost:5173/_next/static/chunks/node_modules_next_dist_1e8vcs8._.js:776
[ 3364625ms] [LOG] [Fast Refresh] done in 99ms @ http://localhost:5173/_next/static/chunks/node_modules_next_dist_1e8vcs8._.js:776
[ 3364679ms] [LOG] [Fast Refresh] done in 99ms @ http://localhost:5173/_next/static/chunks/node_modules_next_dist_1e8vcs8._.js:776
[ 3364725ms] [LOG] [Fast Refresh] done in 99ms @ http://localhost:5173/_next/static/chunks/node_modules_next_dist_1e8vcs8._.js:776
[ 3364778ms] [LOG] [Fast Refresh] done in 99ms @ http://localhost:5173/_next/static/chunks/node_modules_next_dist_1e8vcs8._.js:776
[ 3364840ms] [LOG] [Fast Refresh] done in 99ms @ http://localhost:5173/_next/static/chunks/node_modules_next_dist_1e8vcs8._.js:776
[ 3364889ms] [LOG] [Fast Refresh] done in 99ms @ http://localhost:5173/_next/static/chunks/node_modules_next_dist_1e8vcs8._.js:776
[ 3364937ms] [LOG] [Fast Refresh] done in 99ms @ http://localhost:5173/_next/static/chunks/node_modules_next_dist_1e8vcs8._.js:776
[ 3364987ms] [LOG] [Fast Refresh] done in 99ms @ http://localhost:5173/_next/static/chunks/node_modules_next_dist_1e8vcs8._.js:776
[ 3365036ms] [LOG] [Fast Refresh] done in 99ms @ http://localhost:5173/_next/static/chunks/node_modules_next_dist_1e8vcs8._.js:776
[ 3365093ms] [LOG] [Fast Refresh] done in 99ms @ http://localhost:5173/_next/static/chunks/node_modules_next_dist_1e8vcs8._.js:776
[ 3365157ms] [LOG] [Fast Refresh] done in 99ms @ http://localhost:5173/_next/static/chunks/node_modules_next_dist_1e8vcs8._.js:776
[ 3365229ms] [LOG] [Fast Refresh] done in 99ms @ http://localhost:5173/_next/static/chunks/node_modules_next_dist_1e8vcs8._.js:776
[ 3365279ms] [LOG] [Fast Refresh] done in 99ms @ http://localhost:5173/_next/static/chunks/node_modules_next_dist_1e8vcs8._.js:776
[ 3365341ms] [LOG] [Fast Refresh] done in 99ms @ http://localhost:5173/_next/static/chunks/node_modules_next_dist_1e8vcs8._.js:776
[ 3365378ms] [LOG] [Fast Refresh] done in 99ms @ http://localhost:5173/_next/static/chunks/node_modules_next_dist_1e8vcs8._.js:776
[ 3365441ms] [LOG] [Fast Refresh] done in 99ms @ http://localhost:5173/_next/static/chunks/node_modules_next_dist_1e8vcs8._.js:776
[ 3365493ms] [LOG] [Fast Refresh] done in 99ms @ http://localhost:5173/_next/static/chunks/node_modules_next_dist_1e8vcs8._.js:776
[ 3365554ms] [LOG] [Fast Refresh] done in 99ms @ http://localhost:5173/_next/static/chunks/node_modules_next_dist_1e8vcs8._.js:776
[ 3365615ms] [LOG] [Fast Refresh] done in 99ms @ http://localhost:5173/_next/static/chunks/node_modules_next_dist_1e8vcs8._.js:776
[ 3365677ms] [LOG] [Fast Refresh] done in 99ms @ http://localhost:5173/_next/static/chunks/node_modules_next_dist_1e8vcs8._.js:776
[ 3365723ms] [LOG] [Fast Refresh] done in 99ms @ http://localhost:5173/_next/static/chunks/node_modules_next_dist_1e8vcs8._.js:776
[ 3365786ms] [LOG] [Fast Refresh] done in 99ms @ http://localhost:5173/_next/static/chunks/node_modules_next_dist_1e8vcs8._.js:776
[ 3365836ms] [LOG] [Fast Refresh] done in 99ms @ http://localhost:5173/_next/static/chunks/node_modules_next_dist_1e8vcs8._.js:776
[ 3365887ms] [LOG] [Fast Refresh] done in 99ms @ http://localhost:5173/_next/static/chunks/node_modules_next_dist_1e8vcs8._.js:776
[ 3365948ms] [LOG] [Fast Refresh] done in 99ms @ http://localhost:5173/_next/static/chunks/node_modules_next_dist_1e8vcs8._.js:776
[ 3366012ms] [LOG] [Fast Refresh] done in 99ms @ http://localhost:5173/_next/static/chunks/node_modules_next_dist_1e8vcs8._.js:776
[ 3366078ms] [LOG] [Fast Refresh] done in 99ms @ http://localhost:5173/_next/static/chunks/node_modules_next_dist_1e8vcs8._.js:776
[ 3366126ms] [LOG] [Fast Refresh] done in 99ms @ http://localhost:5173/_next/static/chunks/node_modules_next_dist_1e8vcs8._.js:776
[ 3366173ms] [LOG] [Fast Refresh] done in 99ms @ http://localhost:5173/_next/static/chunks/node_modules_next_dist_1e8vcs8._.js:776
[ 3366227ms] [LOG] [Fast Refresh] done in 99ms @ http://localhost:5173/_next/static/chunks/node_modules_next_dist_1e8vcs8._.js:776
[ 3366278ms] [LOG] [Fast Refresh] done in 99ms @ http://localhost:5173/_next/static/chunks/node_modules_next_dist_1e8vcs8._.js:776
[ 3366329ms] [LOG] [Fast Refresh] done in 99ms @ http://localhost:5173/_next/static/chunks/node_modules_next_dist_1e8vcs8._.js:776
[ 3366378ms] [LOG] [Fast Refresh] done in 99ms @ http://localhost:5173/_next/static/chunks/node_modules_next_dist_1e8vcs8._.js:776
[ 3366425ms] [LOG] [Fast Refresh] done in 99ms @ http://localhost:5173/_next/static/chunks/node_modules_next_dist_1e8vcs8._.js:776
[ 3366479ms] [LOG] [Fast Refresh] done in 99ms @ http://localhost:5173/_next/static/chunks/node_modules_next_dist_1e8vcs8._.js:776
[ 3366537ms] [LOG] [Fast Refresh] done in 99ms @ http://localhost:5173/_next/static/chunks/node_modules_next_dist_1e8vcs8._.js:776
[ 3366586ms] [LOG] [Fast Refresh] done in 99ms @ http://localhost:5173/_next/static/chunks/node_modules_next_dist_1e8vcs8._.js:776
[ 3366658ms] [LOG] [Fast Refresh] done in 99ms @ http://localhost:5173/_next/static/chunks/node_modules_next_dist_1e8vcs8._.js:776
[ 3366720ms] [LOG] [Fast Refresh] done in 99ms @ http://localhost:5173/_next/static/chunks/node_modules_next_dist_1e8vcs8._.js:776
[ 3366767ms] [LOG] [Fast Refresh] done in 99ms @ http://localhost:5173/_next/static/chunks/node_modules_next_dist_1e8vcs8._.js:776
[ 3366833ms] [LOG] [Fast Refresh] done in 99ms @ http://localhost:5173/_next/static/chunks/node_modules_next_dist_1e8vcs8._.js:776
[ 3366881ms] [LOG] [Fast Refresh] done in 99ms @ http://localhost:5173/_next/static/chunks/node_modules_next_dist_1e8vcs8._.js:776
[ 3366943ms] [LOG] [Fast Refresh] done in 99ms @ http://localhost:5173/_next/static/chunks/node_modules_next_dist_1e8vcs8._.js:776
[ 3366995ms] [LOG] [Fast Refresh] done in 99ms @ http://localhost:5173/_next/static/chunks/node_modules_next_dist_1e8vcs8._.js:776
[ 3367057ms] [LOG] [Fast Refresh] done in 99ms @ http://localhost:5173/_next/static/chunks/node_modules_next_dist_1e8vcs8._.js:776
[ 3367125ms] [LOG] [Fast Refresh] done in 99ms @ http://localhost:5173/_next/static/chunks/node_modules_next_dist_1e8vcs8._.js:776
[ 3367174ms] [LOG] [Fast Refresh] done in 99ms @ http://localhost:5173/_next/static/chunks/node_modules_next_dist_1e8vcs8._.js:776
[ 3367217ms] [LOG] [Fast Refresh] done in 99ms @ http://localhost:5173/_next/static/chunks/node_modules_next_dist_1e8vcs8._.js:776
[ 3367280ms] [LOG] [Fast Refresh] done in 99ms @ http://localhost:5173/_next/static/chunks/node_modules_next_dist_1e8vcs8._.js:776
[ 3367342ms] [LOG] [Fast Refresh] done in 99ms @ http://localhost:5173/_next/static/chunks/node_modules_next_dist_1e8vcs8._.js:776
[ 3367395ms] [LOG] [Fast Refresh] done in 99ms @ http://localhost:5173/_next/static/chunks/node_modules_next_dist_1e8vcs8._.js:776
[ 3367456ms] [LOG] [Fast Refresh] done in 99ms @ http://localhost:5173/_next/static/chunks/node_modules_next_dist_1e8vcs8._.js:776
[ 3367510ms] [LOG] [Fast Refresh] done in 99ms @ http://localhost:5173/_next/static/chunks/node_modules_next_dist_1e8vcs8._.js:776
[ 3367578ms] [LOG] [Fast Refresh] done in 99ms @ http://localhost:5173/_next/static/chunks/node_modules_next_dist_1e8vcs8._.js:776
[ 3367640ms] [LOG] [Fast Refresh] done in 99ms @ http://localhost:5173/_next/static/chunks/node_modules_next_dist_1e8vcs8._.js:776
[ 3367694ms] [LOG] [Fast Refresh] done in 99ms @ http://localhost:5173/_next/static/chunks/node_modules_next_dist_1e8vcs8._.js:776
[ 3367757ms] [LOG] [Fast Refresh] done in 99ms @ http://localhost:5173/_next/static/chunks/node_modules_next_dist_1e8vcs8._.js:776
[ 3367813ms] [LOG] [Fast Refresh] done in 99ms @ http://localhost:5173/_next/static/chunks/node_modules_next_dist_1e8vcs8._.js:776
[ 3367860ms] [LOG] [Fast Refresh] done in 99ms @ http://localhost:5173/_next/static/chunks/node_modules_next_dist_1e8vcs8._.js:776
[ 3367926ms] [LOG] [Fast Refresh] done in 99ms @ http://localhost:5173/_next/static/chunks/node_modules_next_dist_1e8vcs8._.js:776
[ 3367979ms] [LOG] [Fast Refresh] done in 99ms @ http://localhost:5173/_next/static/chunks/node_modules_next_dist_1e8vcs8._.js:776
[ 3368026ms] [LOG] [Fast Refresh] done in 99ms @ http://localhost:5173/_next/static/chunks/node_modules_next_dist_1e8vcs8._.js:776
[ 3368075ms] [LOG] [Fast Refresh] done in 99ms @ http://localhost:5173/_next/static/chunks/node_modules_next_dist_1e8vcs8._.js:776
[ 3368122ms] [LOG] [Fast Refresh] done in 99ms @ http://localhost:5173/_next/static/chunks/node_modules_next_dist_1e8vcs8._.js:776
[ 3368172ms] [LOG] [Fast Refresh] done in 99ms @ http://localhost:5173/_next/static/chunks/node_modules_next_dist_1e8vcs8._.js:776
[ 3368210ms] [LOG] [Fast Refresh] done in 99ms @ http://localhost:5173/_next/static/chunks/node_modules_next_dist_1e8vcs8._.js:776
[ 3368272ms] [LOG] [Fast Refresh] done in 99ms @ http://localhost:5173/_next/static/chunks/node_modules_next_dist_1e8vcs8._.js:776
[ 3368339ms] [LOG] [Fast Refresh] done in 99ms @ http://localhost:5173/_next/static/chunks/node_modules_next_dist_1e8vcs8._.js:776
[ 3368394ms] [LOG] [Fast Refresh] done in 99ms @ http://localhost:5173/_next/static/chunks/node_modules_next_dist_1e8vcs8._.js:776
[ 3368444ms] [LOG] [Fast Refresh] done in 99ms @ http://localhost:5173/_next/static/chunks/node_modules_next_dist_1e8vcs8._.js:776
[ 3368494ms] [LOG] [Fast Refresh] done in 99ms @ http://localhost:5173/_next/static/chunks/node_modules_next_dist_1e8vcs8._.js:776
[ 3368540ms] [LOG] [Fast Refresh] done in 99ms @ http://localhost:5173/_next/static/chunks/node_modules_next_dist_1e8vcs8._.js:776
[ 3368594ms] [LOG] [Fast Refresh] done in 99ms @ http://localhost:5173/_next/static/chunks/node_modules_next_dist_1e8vcs8._.js:776
[ 3368642ms] [LOG] [Fast Refresh] done in 99ms @ http://localhost:5173/_next/static/chunks/node_modules_next_dist_1e8vcs8._.js:776
[ 3368693ms] [LOG] [Fast Refresh] done in 99ms @ http://localhost:5173/_next/static/chunks/node_modules_next_dist_1e8vcs8._.js:776
[ 3368756ms] [LOG] [Fast Refresh] done in 99ms @ http://localhost:5173/_next/static/chunks/node_modules_next_dist_1e8vcs8._.js:776
[ 3368822ms] [LOG] [Fast Refresh] done in 99ms @ http://localhost:5173/_next/static/chunks/node_modules_next_dist_1e8vcs8._.js:776
[ 3368870ms] [LOG] [Fast Refresh] done in 99ms @ http://localhost:5173/_next/static/chunks/node_modules_next_dist_1e8vcs8._.js:776
[ 3368932ms] [LOG] [Fast Refresh] done in 99ms @ http://localhost:5173/_next/static/chunks/node_modules_next_dist_1e8vcs8._.js:776
[ 3368979ms] [LOG] [Fast Refresh] done in 99ms @ http://localhost:5173/_next/static/chunks/node_modules_next_dist_1e8vcs8._.js:776
[ 3369028ms] [LOG] [Fast Refresh] done in 99ms @ http://localhost:5173/_next/static/chunks/node_modules_next_dist_1e8vcs8._.js:776
[ 3369078ms] [LOG] [Fast Refresh] done in 99ms @ http://localhost:5173/_next/static/chunks/node_modules_next_dist_1e8vcs8._.js:776
[ 3369140ms] [LOG] [Fast Refresh] done in 99ms @ http://localhost:5173/_next/static/chunks/node_modules_next_dist_1e8vcs8._.js:776
[ 3369195ms] [LOG] [Fast Refresh] done in 99ms @ http://localhost:5173/_next/static/chunks/node_modules_next_dist_1e8vcs8._.js:776
[ 3369257ms] [LOG] [Fast Refresh] done in 99ms @ http://localhost:5173/_next/static/chunks/node_modules_next_dist_1e8vcs8._.js:776
[ 3369324ms] [LOG] [Fast Refresh] done in 99ms @ http://localhost:5173/_next/static/chunks/node_modules_next_dist_1e8vcs8._.js:776
[ 3369378ms] [LOG] [Fast Refresh] done in 99ms @ http://localhost:5173/_next/static/chunks/node_modules_next_dist_1e8vcs8._.js:776
[ 3369428ms] [LOG] [Fast Refresh] done in 99ms @ http://localhost:5173/_next/static/chunks/node_modules_next_dist_1e8vcs8._.js:776
[ 3369476ms] [LOG] [Fast Refresh] done in 99ms @ http://localhost:5173/_next/static/chunks/node_modules_next_dist_1e8vcs8._.js:776
[ 3369524ms] [LOG] [Fast Refresh] done in 99ms @ http://localhost:5173/_next/static/chunks/node_modules_next_dist_1e8vcs8._.js:776
[ 3369574ms] [LOG] [Fast Refresh] done in 99ms @ http://localhost:5173/_next/static/chunks/node_modules_next_dist_1e8vcs8._.js:776
[ 3369632ms] [LOG] [Fast Refresh] done in 99ms @ http://localhost:5173/_next/static/chunks/node_modules_next_dist_1e8vcs8._.js:776
[ 3369680ms] [LOG] [Fast Refresh] done in 99ms @ http://localhost:5173/_next/static/chunks/node_modules_next_dist_1e8vcs8._.js:776
[ 3369743ms] [LOG] [Fast Refresh] done in 99ms @ http://localhost:5173/_next/static/chunks/node_modules_next_dist_1e8vcs8._.js:776
[ 3369794ms] [LOG] [Fast Refresh] done in 99ms @ http://localhost:5173/_next/static/chunks/node_modules_next_dist_1e8vcs8._.js:776
[ 3369856ms] [LOG] [Fast Refresh] done in 99ms @ http://localhost:5173/_next/static/chunks/node_modules_next_dist_1e8vcs8._.js:776
[ 3369925ms] [LOG] [Fast Refresh] done in 99ms @ http://localhost:5173/_next/static/chunks/node_modules_next_dist_1e8vcs8._.js:776
[ 3369987ms] [LOG] [Fast Refresh] done in 99ms @ http://localhost:5173/_next/static/chunks/node_modules_next_dist_1e8vcs8._.js:776
[ 3370049ms] [LOG] [Fast Refresh] done in 99ms @ http://localhost:5173/_next/static/chunks/node_modules_next_dist_1e8vcs8._.js:776
[ 3370110ms] [LOG] [Fast Refresh] done in 99ms @ http://localhost:5173/_next/static/chunks/node_modules_next_dist_1e8vcs8._.js:776
[ 3370160ms] [LOG] [Fast Refresh] done in 99ms @ http://localhost:5173/_next/static/chunks/node_modules_next_dist_1e8vcs8._.js:776
[ 3370208ms] [LOG] [Fast Refresh] done in 99ms @ http://localhost:5173/_next/static/chunks/node_modules_next_dist_1e8vcs8._.js:776
[ 3370270ms] [LOG] [Fast Refresh] done in 99ms @ http://localhost:5173/_next/static/chunks/node_modules_next_dist_1e8vcs8._.js:776
[ 3370331ms] [LOG] [Fast Refresh] done in 99ms @ http://localhost:5173/_next/static/chunks/node_modules_next_dist_1e8vcs8._.js:776
[ 3370393ms] [LOG] [Fast Refresh] done in 99ms @ http://localhost:5173/_next/static/chunks/node_modules_next_dist_1e8vcs8._.js:776
[ 3370456ms] [LOG] [Fast Refresh] done in 99ms @ http://localhost:5173/_next/static/chunks/node_modules_next_dist_1e8vcs8._.js:776
[ 3370524ms] [LOG] [Fast Refresh] done in 99ms @ http://localhost:5173/_next/static/chunks/node_modules_next_dist_1e8vcs8._.js:776
[ 3370578ms] [LOG] [Fast Refresh] done in 99ms @ http://localhost:5173/_next/static/chunks/node_modules_next_dist_1e8vcs8._.js:776
[ 3370640ms] [LOG] [Fast Refresh] done in 99ms @ http://localhost:5173/_next/static/chunks/node_modules_next_dist_1e8vcs8._.js:776
[ 3370704ms] [LOG] [Fast Refresh] done in 99ms @ http://localhost:5173/_next/static/chunks/node_modules_next_dist_1e8vcs8._.js:776
[ 3370751ms] [LOG] [Fast Refresh] done in 99ms @ http://localhost:5173/_next/static/chunks/node_modules_next_dist_1e8vcs8._.js:776
[ 3370802ms] [LOG] [Fast Refresh] done in 99ms @ http://localhost:5173/_next/static/chunks/node_modules_next_dist_1e8vcs8._.js:776
[ 3370866ms] [LOG] [Fast Refresh] done in 99ms @ http://localhost:5173/_next/static/chunks/node_modules_next_dist_1e8vcs8._.js:776
[ 3370924ms] [LOG] [Fast Refresh] done in 99ms @ http://localhost:5173/_next/static/chunks/node_modules_next_dist_1e8vcs8._.js:776
[ 3370987ms] [LOG] [Fast Refresh] done in 99ms @ http://localhost:5173/_next/static/chunks/node_modules_next_dist_1e8vcs8._.js:776
[ 3371034ms] [LOG] [Fast Refresh] done in 99ms @ http://localhost:5173/_next/static/chunks/node_modules_next_dist_1e8vcs8._.js:776
[ 3371086ms] [LOG] [Fast Refresh] done in 99ms @ http://localhost:5173/_next/static/chunks/node_modules_next_dist_1e8vcs8._.js:776
[ 3371150ms] [LOG] [Fast Refresh] done in 99ms @ http://localhost:5173/_next/static/chunks/node_modules_next_dist_1e8vcs8._.js:776
[ 3371201ms] [LOG] [Fast Refresh] done in 99ms @ http://localhost:5173/_next/static/chunks/node_modules_next_dist_1e8vcs8._.js:776
[ 3371263ms] [LOG] [Fast Refresh] done in 99ms @ http://localhost:5173/_next/static/chunks/node_modules_next_dist_1e8vcs8._.js:776
[ 3371329ms] [LOG] [Fast Refresh] done in 99ms @ http://localhost:5173/_next/static/chunks/node_modules_next_dist_1e8vcs8._.js:776
[ 3371378ms] [LOG] [Fast Refresh] done in 99ms @ http://localhost:5173/_next/static/chunks/node_modules_next_dist_1e8vcs8._.js:776
[ 3371425ms] [LOG] [Fast Refresh] done in 99ms @ http://localhost:5173/_next/static/chunks/node_modules_next_dist_1e8vcs8._.js:776
[ 3371478ms] [LOG] [Fast Refresh] done in 99ms @ http://localhost:5173/_next/static/chunks/node_modules_next_dist_1e8vcs8._.js:776
[ 3371528ms] [LOG] [Fast Refresh] done in 99ms @ http://localhost:5173/_next/static/chunks/node_modules_next_dist_1e8vcs8._.js:776
[ 3371578ms] [LOG] [Fast Refresh] done in 99ms @ http://localhost:5173/_next/static/chunks/node_modules_next_dist_1e8vcs8._.js:776
[ 3371640ms] [LOG] [Fast Refresh] done in 99ms @ http://localhost:5173/_next/static/chunks/node_modules_next_dist_1e8vcs8._.js:776
[ 3371708ms] [LOG] [Fast Refresh] done in 99ms @ http://localhost:5173/_next/static/chunks/node_modules_next_dist_1e8vcs8._.js:776
[ 3371758ms] [LOG] [Fast Refresh] done in 99ms @ http://localhost:5173/_next/static/chunks/node_modules_next_dist_1e8vcs8._.js:776
[ 3371824ms] [LOG] [Fast Refresh] done in 99ms @ http://localhost:5173/_next/static/chunks/node_modules_next_dist_1e8vcs8._.js:776
[ 3371886ms] [LOG] [Fast Refresh] done in 99ms @ http://localhost:5173/_next/static/chunks/node_modules_next_dist_1e8vcs8._.js:776
[ 3371949ms] [LOG] [Fast Refresh] done in 99ms @ http://localhost:5173/_next/static/chunks/node_modules_next_dist_1e8vcs8._.js:776
[ 3372002ms] [LOG] [Fast Refresh] done in 99ms @ http://localhost:5173/_next/static/chunks/node_modules_next_dist_1e8vcs8._.js:776
[ 3372064ms] [LOG] [Fast Refresh] done in 99ms @ http://localhost:5173/_next/static/chunks/node_modules_next_dist_1e8vcs8._.js:776
[ 3372114ms] [LOG] [Fast Refresh] done in 99ms @ http://localhost:5173/_next/static/chunks/node_modules_next_dist_1e8vcs8._.js:776
[ 3372174ms] [LOG] [Fast Refresh] done in 99ms @ http://localhost:5173/_next/static/chunks/node_modules_next_dist_1e8vcs8._.js:776
[ 3372228ms] [LOG] [Fast Refresh] done in 99ms @ http://localhost:5173/_next/static/chunks/node_modules_next_dist_1e8vcs8._.js:776
[ 3372278ms] [LOG] [Fast Refresh] done in 99ms @ http://localhost:5173/_next/static/chunks/node_modules_next_dist_1e8vcs8._.js:776
[ 3372340ms] [LOG] [Fast Refresh] done in 99ms @ http://localhost:5173/_next/static/chunks/node_modules_next_dist_1e8vcs8._.js:776
[ 3372394ms] [LOG] [Fast Refresh] done in 99ms @ http://localhost:5173/_next/static/chunks/node_modules_next_dist_1e8vcs8._.js:776
[ 3372448ms] [LOG] [Fast Refresh] done in 99ms @ http://localhost:5173/_next/static/chunks/node_modules_next_dist_1e8vcs8._.js:776
[ 3372498ms] [LOG] [Fast Refresh] done in 99ms @ http://localhost:5173/_next/static/chunks/node_modules_next_dist_1e8vcs8._.js:776
[ 3372560ms] [LOG] [Fast Refresh] done in 99ms @ http://localhost:5173/_next/static/chunks/node_modules_next_dist_1e8vcs8._.js:776
[ 3372609ms] [LOG] [Fast Refresh] done in 99ms @ http://localhost:5173/_next/static/chunks/node_modules_next_dist_1e8vcs8._.js:776
[ 3372670ms] [LOG] [Fast Refresh] done in 99ms @ http://localhost:5173/_next/static/chunks/node_modules_next_dist_1e8vcs8._.js:776
[ 3372734ms] [LOG] [Fast Refresh] done in 99ms @ http://localhost:5173/_next/static/chunks/node_modules_next_dist_1e8vcs8._.js:776
[ 3372799ms] [LOG] [Fast Refresh] done in 99ms @ http://localhost:5173/_next/static/chunks/node_modules_next_dist_1e8vcs8._.js:776
[ 3372848ms] [LOG] [Fast Refresh] done in 99ms @ http://localhost:5173/_next/static/chunks/node_modules_next_dist_1e8vcs8._.js:776
[ 3372896ms] [LOG] [Fast Refresh] done in 99ms @ http://localhost:5173/_next/static/chunks/node_modules_next_dist_1e8vcs8._.js:776
[ 3372943ms] [LOG] [Fast Refresh] done in 99ms @ http://localhost:5173/_next/static/chunks/node_modules_next_dist_1e8vcs8._.js:776
[ 3372995ms] [LOG] [Fast Refresh] done in 99ms @ http://localhost:5173/_next/static/chunks/node_modules_next_dist_1e8vcs8._.js:776
[ 3373044ms] [LOG] [Fast Refresh] done in 99ms @ http://localhost:5173/_next/static/chunks/node_modules_next_dist_1e8vcs8._.js:776
[ 3373093ms] [LOG] [Fast Refresh] done in 99ms @ http://localhost:5173/_next/static/chunks/node_modules_next_dist_1e8vcs8._.js:776
[ 3373156ms] [LOG] [Fast Refresh] done in 99ms @ http://localhost:5173/_next/static/chunks/node_modules_next_dist_1e8vcs8._.js:776
[ 3373225ms] [LOG] [Fast Refresh] done in 99ms @ http://localhost:5173/_next/static/chunks/node_modules_next_dist_1e8vcs8._.js:776
[ 3373278ms] [LOG] [Fast Refresh] done in 99ms @ http://localhost:5173/_next/static/chunks/node_modules_next_dist_1e8vcs8._.js:776
[ 3373341ms] [LOG] [Fast Refresh] done in 99ms @ http://localhost:5173/_next/static/chunks/node_modules_next_dist_1e8vcs8._.js:776
[ 3373394ms] [LOG] [Fast Refresh] done in 99ms @ http://localhost:5173/_next/static/chunks/node_modules_next_dist_1e8vcs8._.js:776
[ 3373444ms] [LOG] [Fast Refresh] done in 99ms @ http://localhost:5173/_next/static/chunks/node_modules_next_dist_1e8vcs8._.js:776
[ 3373493ms] [LOG] [Fast Refresh] done in 99ms @ http://localhost:5173/_next/static/chunks/node_modules_next_dist_1e8vcs8._.js:776
[ 3373556ms] [LOG] [Fast Refresh] done in 99ms @ http://localhost:5173/_next/static/chunks/node_modules_next_dist_1e8vcs8._.js:776
[ 3373609ms] [LOG] [Fast Refresh] done in 99ms @ http://localhost:5173/_next/static/chunks/node_modules_next_dist_1e8vcs8._.js:776
[ 3373656ms] [LOG] [Fast Refresh] done in 99ms @ http://localhost:5173/_next/static/chunks/node_modules_next_dist_1e8vcs8._.js:776
[ 3373717ms] [LOG] [Fast Refresh] done in 99ms @ http://localhost:5173/_next/static/chunks/node_modules_next_dist_1e8vcs8._.js:776
[ 3373779ms] [LOG] [Fast Refresh] done in 99ms @ http://localhost:5173/_next/static/chunks/node_modules_next_dist_1e8vcs8._.js:776
[ 3373841ms] [LOG] [Fast Refresh] done in 99ms @ http://localhost:5173/_next/static/chunks/node_modules_next_dist_1e8vcs8._.js:776
[ 3373894ms] [LOG] [Fast Refresh] done in 99ms @ http://localhost:5173/_next/static/chunks/node_modules_next_dist_1e8vcs8._.js:776
[ 3373956ms] [LOG] [Fast Refresh] done in 99ms @ http://localhost:5173/_next/static/chunks/node_modules_next_dist_1e8vcs8._.js:776
[ 3374019ms] [LOG] [Fast Refresh] done in 99ms @ http://localhost:5173/_next/static/chunks/node_modules_next_dist_1e8vcs8._.js:776
[ 3374085ms] [LOG] [Fast Refresh] done in 99ms @ http://localhost:5173/_next/static/chunks/node_modules_next_dist_1e8vcs8._.js:776
[ 3374136ms] [LOG] [Fast Refresh] done in 99ms @ http://localhost:5173/_next/static/chunks/node_modules_next_dist_1e8vcs8._.js:776
[ 3374194ms] [LOG] [Fast Refresh] done in 99ms @ http://localhost:5173/_next/static/chunks/node_modules_next_dist_1e8vcs8._.js:776
[ 3374245ms] [LOG] [Fast Refresh] done in 99ms @ http://localhost:5173/_next/static/chunks/node_modules_next_dist_1e8vcs8._.js:776
[ 3374294ms] [LOG] [Fast Refresh] done in 99ms @ http://localhost:5173/_next/static/chunks/node_modules_next_dist_1e8vcs8._.js:776
[ 3374355ms] [LOG] [Fast Refresh] done in 99ms @ http://localhost:5173/_next/static/chunks/node_modules_next_dist_1e8vcs8._.js:776
[ 3374417ms] [LOG] [Fast Refresh] done in 99ms @ http://localhost:5173/_next/static/chunks/node_modules_next_dist_1e8vcs8._.js:776
[ 3374481ms] [LOG] [Fast Refresh] done in 99ms @ http://localhost:5173/_next/static/chunks/node_modules_next_dist_1e8vcs8._.js:776
[ 3374528ms] [LOG] [Fast Refresh] done in 99ms @ http://localhost:5173/_next/static/chunks/node_modules_next_dist_1e8vcs8._.js:776
[ 3374579ms] [LOG] [Fast Refresh] done in 99ms @ http://localhost:5173/_next/static/chunks/node_modules_next_dist_1e8vcs8._.js:776
[ 3374640ms] [LOG] [Fast Refresh] done in 99ms @ http://localhost:5173/_next/static/chunks/node_modules_next_dist_1e8vcs8._.js:776
[ 3374702ms] [LOG] [Fast Refresh] done in 99ms @ http://localhost:5173/_next/static/chunks/node_modules_next_dist_1e8vcs8._.js:776
[ 3374763ms] [LOG] [Fast Refresh] done in 99ms @ http://localhost:5173/_next/static/chunks/node_modules_next_dist_1e8vcs8._.js:776
[ 3374825ms] [LOG] [Fast Refresh] done in 99ms @ http://localhost:5173/_next/static/chunks/node_modules_next_dist_1e8vcs8._.js:776
[ 3374874ms] [LOG] [Fast Refresh] done in 99ms @ http://localhost:5173/_next/static/chunks/node_modules_next_dist_1e8vcs8._.js:776
[ 3374923ms] [LOG] [Fast Refresh] done in 99ms @ http://localhost:5173/_next/static/chunks/node_modules_next_dist_1e8vcs8._.js:776
[ 3374976ms] [LOG] [Fast Refresh] done in 99ms @ http://localhost:5173/_next/static/chunks/node_modules_next_dist_1e8vcs8._.js:776
[ 3375033ms] [LOG] [Fast Refresh] done in 99ms @ http://localhost:5173/_next/static/chunks/node_modules_next_dist_1e8vcs8._.js:776
[ 3375098ms] [LOG] [Fast Refresh] done in 99ms @ http://localhost:5173/_next/static/chunks/node_modules_next_dist_1e8vcs8._.js:776
[ 3375159ms] [LOG] [Fast Refresh] done in 99ms @ http://localhost:5173/_next/static/chunks/node_modules_next_dist_1e8vcs8._.js:776
[ 3375219ms] [LOG] [Fast Refresh] done in 99ms @ http://localhost:5173/_next/static/chunks/node_modules_next_dist_1e8vcs8._.js:776
[ 3375286ms] [LOG] [Fast Refresh] done in 99ms @ http://localhost:5173/_next/static/chunks/node_modules_next_dist_1e8vcs8._.js:776
[ 3375333ms] [LOG] [Fast Refresh] done in 99ms @ http://localhost:5173/_next/static/chunks/node_modules_next_dist_1e8vcs8._.js:776
[ 3375395ms] [LOG] [Fast Refresh] done in 99ms @ http://localhost:5173/_next/static/chunks/node_modules_next_dist_1e8vcs8._.js:776
[ 3375443ms] [LOG] [Fast Refresh] done in 99ms @ http://localhost:5173/_next/static/chunks/node_modules_next_dist_1e8vcs8._.js:776
[ 3375491ms] [LOG] [Fast Refresh] done in 99ms @ http://localhost:5173/_next/static/chunks/node_modules_next_dist_1e8vcs8._.js:776
[ 3375553ms] [LOG] [Fast Refresh] done in 99ms @ http://localhost:5173/_next/static/chunks/node_modules_next_dist_1e8vcs8._.js:776
[ 3375602ms] [LOG] [Fast Refresh] done in 99ms @ http://localhost:5173/_next/static/chunks/node_modules_next_dist_1e8vcs8._.js:776
[ 3375649ms] [LOG] [Fast Refresh] done in 99ms @ http://localhost:5173/_next/static/chunks/node_modules_next_dist_1e8vcs8._.js:776
[ 3375708ms] [LOG] [Fast Refresh] done in 99ms @ http://localhost:5173/_next/static/chunks/node_modules_next_dist_1e8vcs8._.js:776
[ 3375771ms] [LOG] [Fast Refresh] done in 99ms @ http://localhost:5173/_next/static/chunks/node_modules_next_dist_1e8vcs8._.js:776
[ 3375832ms] [LOG] [Fast Refresh] done in 99ms @ http://localhost:5173/_next/static/chunks/node_modules_next_dist_1e8vcs8._.js:776
[ 3375892ms] [LOG] [Fast Refresh] done in 99ms @ http://localhost:5173/_next/static/chunks/node_modules_next_dist_1e8vcs8._.js:776
[ 3375944ms] [LOG] [Fast Refresh] done in 99ms @ http://localhost:5173/_next/static/chunks/node_modules_next_dist_1e8vcs8._.js:776
[ 3376006ms] [LOG] [Fast Refresh] done in 99ms @ http://localhost:5173/_next/static/chunks/node_modules_next_dist_1e8vcs8._.js:776
[ 3376069ms] [LOG] [Fast Refresh] done in 99ms @ http://localhost:5173/_next/static/chunks/node_modules_next_dist_1e8vcs8._.js:776
[ 3376136ms] [LOG] [Fast Refresh] done in 99ms @ http://localhost:5173/_next/static/chunks/node_modules_next_dist_1e8vcs8._.js:776
[ 3376193ms] [LOG] [Fast Refresh] done in 99ms @ http://localhost:5173/_next/static/chunks/node_modules_next_dist_1e8vcs8._.js:776
[ 3376254ms] [LOG] [Fast Refresh] done in 99ms @ http://localhost:5173/_next/static/chunks/node_modules_next_dist_1e8vcs8._.js:776
[ 3376317ms] [LOG] [Fast Refresh] done in 99ms @ http://localhost:5173/_next/static/chunks/node_modules_next_dist_1e8vcs8._.js:776
[ 3376379ms] [LOG] [Fast Refresh] done in 99ms @ http://localhost:5173/_next/static/chunks/node_modules_next_dist_1e8vcs8._.js:776
[ 3376440ms] [LOG] [Fast Refresh] done in 99ms @ http://localhost:5173/_next/static/chunks/node_modules_next_dist_1e8vcs8._.js:776
[ 3376492ms] [LOG] [Fast Refresh] done in 99ms @ http://localhost:5173/_next/static/chunks/node_modules_next_dist_1e8vcs8._.js:776
[ 3376540ms] [LOG] [Fast Refresh] done in 99ms @ http://localhost:5173/_next/static/chunks/node_modules_next_dist_1e8vcs8._.js:776
[ 3376593ms] [LOG] [Fast Refresh] done in 99ms @ http://localhost:5173/_next/static/chunks/node_modules_next_dist_1e8vcs8._.js:776
[ 3376655ms] [LOG] [Fast Refresh] done in 99ms @ http://localhost:5173/_next/static/chunks/node_modules_next_dist_1e8vcs8._.js:776
[ 3376725ms] [LOG] [Fast Refresh] done in 99ms @ http://localhost:5173/_next/static/chunks/node_modules_next_dist_1e8vcs8._.js:776
[ 3376778ms] [LOG] [Fast Refresh] done in 99ms @ http://localhost:5173/_next/static/chunks/node_modules_next_dist_1e8vcs8._.js:776
[ 3376826ms] [LOG] [Fast Refresh] done in 99ms @ http://localhost:5173/_next/static/chunks/node_modules_next_dist_1e8vcs8._.js:776
[ 3376878ms] [LOG] [Fast Refresh] done in 99ms @ http://localhost:5173/_next/static/chunks/node_modules_next_dist_1e8vcs8._.js:776
[ 3376925ms] [LOG] [Fast Refresh] done in 99ms @ http://localhost:5173/_next/static/chunks/node_modules_next_dist_1e8vcs8._.js:776
[ 3376978ms] [LOG] [Fast Refresh] done in 99ms @ http://localhost:5173/_next/static/chunks/node_modules_next_dist_1e8vcs8._.js:776
[ 3377041ms] [LOG] [Fast Refresh] done in 99ms @ http://localhost:5173/_next/static/chunks/node_modules_next_dist_1e8vcs8._.js:776
[ 3377093ms] [LOG] [Fast Refresh] done in 99ms @ http://localhost:5173/_next/static/chunks/node_modules_next_dist_1e8vcs8._.js:776
[ 3377155ms] [LOG] [Fast Refresh] done in 99ms @ http://localhost:5173/_next/static/chunks/node_modules_next_dist_1e8vcs8._.js:776
[ 3377217ms] [LOG] [Fast Refresh] done in 99ms @ http://localhost:5173/_next/static/chunks/node_modules_next_dist_1e8vcs8._.js:776
[ 3377268ms] [LOG] [Fast Refresh] done in 99ms @ http://localhost:5173/_next/static/chunks/node_modules_next_dist_1e8vcs8._.js:776
[ 3377319ms] [LOG] [Fast Refresh] done in 99ms @ http://localhost:5173/_next/static/chunks/node_modules_next_dist_1e8vcs8._.js:776
[ 3377387ms] [LOG] [Fast Refresh] done in 99ms @ http://localhost:5173/_next/static/chunks/node_modules_next_dist_1e8vcs8._.js:776
[ 3377455ms] [LOG] [Fast Refresh] done in 99ms @ http://localhost:5173/_next/static/chunks/node_modules_next_dist_1e8vcs8._.js:776
[ 3377519ms] [LOG] [Fast Refresh] done in 99ms @ http://localhost:5173/_next/static/chunks/node_modules_next_dist_1e8vcs8._.js:776
[ 3377586ms] [LOG] [Fast Refresh] done in 99ms @ http://localhost:5173/_next/static/chunks/node_modules_next_dist_1e8vcs8._.js:776
[ 3377633ms] [LOG] [Fast Refresh] done in 99ms @ http://localhost:5173/_next/static/chunks/node_modules_next_dist_1e8vcs8._.js:776
[ 3377695ms] [LOG] [Fast Refresh] done in 99ms @ http://localhost:5173/_next/static/chunks/node_modules_next_dist_1e8vcs8._.js:776
[ 3377759ms] [LOG] [Fast Refresh] done in 99ms @ http://localhost:5173/_next/static/chunks/node_modules_next_dist_1e8vcs8._.js:776
[ 3377828ms] [LOG] [Fast Refresh] done in 99ms @ http://localhost:5173/_next/static/chunks/node_modules_next_dist_1e8vcs8._.js:776
[ 3377878ms] [LOG] [Fast Refresh] done in 99ms @ http://localhost:5173/_next/static/chunks/node_modules_next_dist_1e8vcs8._.js:776
[ 3377939ms] [LOG] [Fast Refresh] done in 99ms @ http://localhost:5173/_next/static/chunks/node_modules_next_dist_1e8vcs8._.js:776
[ 3377994ms] [LOG] [Fast Refresh] done in 99ms @ http://localhost:5173/_next/static/chunks/node_modules_next_dist_1e8vcs8._.js:776
[ 3378042ms] [LOG] [Fast Refresh] done in 99ms @ http://localhost:5173/_next/static/chunks/node_modules_next_dist_1e8vcs8._.js:776
[ 3378093ms] [LOG] [Fast Refresh] done in 99ms @ http://localhost:5173/_next/static/chunks/node_modules_next_dist_1e8vcs8._.js:776
[ 3378144ms] [LOG] [Fast Refresh] done in 99ms @ http://localhost:5173/_next/static/chunks/node_modules_next_dist_1e8vcs8._.js:776
[ 3378193ms] [LOG] [Fast Refresh] done in 99ms @ http://localhost:5173/_next/static/chunks/node_modules_next_dist_1e8vcs8._.js:776
[ 3378259ms] [LOG] [Fast Refresh] done in 99ms @ http://localhost:5173/_next/static/chunks/node_modules_next_dist_1e8vcs8._.js:776
[ 3378297ms] [LOG] [Fast Refresh] done in 99ms @ http://localhost:5173/_next/static/chunks/node_modules_next_dist_1e8vcs8._.js:776
[ 3378360ms] [LOG] [Fast Refresh] done in 99ms @ http://localhost:5173/_next/static/chunks/node_modules_next_dist_1e8vcs8._.js:776
[ 3378425ms] [LOG] [Fast Refresh] done in 99ms @ http://localhost:5173/_next/static/chunks/node_modules_next_dist_1e8vcs8._.js:776
[ 3378479ms] [LOG] [Fast Refresh] done in 99ms @ http://localhost:5173/_next/static/chunks/node_modules_next_dist_1e8vcs8._.js:776
[ 3378529ms] [LOG] [Fast Refresh] done in 99ms @ http://localhost:5173/_next/static/chunks/node_modules_next_dist_1e8vcs8._.js:776
[ 3378578ms] [LOG] [Fast Refresh] done in 99ms @ http://localhost:5173/_next/static/chunks/node_modules_next_dist_1e8vcs8._.js:776
[ 3378640ms] [LOG] [Fast Refresh] done in 99ms @ http://localhost:5173/_next/static/chunks/node_modules_next_dist_1e8vcs8._.js:776
[ 3378694ms] [LOG] [Fast Refresh] done in 99ms @ http://localhost:5173/_next/static/chunks/node_modules_next_dist_1e8vcs8._.js:776
[ 3378756ms] [LOG] [Fast Refresh] done in 99ms @ http://localhost:5173/_next/static/chunks/node_modules_next_dist_1e8vcs8._.js:776
[ 3378825ms] [LOG] [Fast Refresh] done in 99ms @ http://localhost:5173/_next/static/chunks/node_modules_next_dist_1e8vcs8._.js:776
[ 3378889ms] [LOG] [Fast Refresh] done in 99ms @ http://localhost:5173/_next/static/chunks/node_modules_next_dist_1e8vcs8._.js:776
[ 3378935ms] [LOG] [Fast Refresh] done in 99ms @ http://localhost:5173/_next/static/chunks/node_modules_next_dist_1e8vcs8._.js:776
[ 3378998ms] [LOG] [Fast Refresh] done in 99ms @ http://localhost:5173/_next/static/chunks/node_modules_next_dist_1e8vcs8._.js:776
[ 3379061ms] [LOG] [Fast Refresh] done in 99ms @ http://localhost:5173/_next/static/chunks/node_modules_next_dist_1e8vcs8._.js:776
[ 3379125ms] [LOG] [Fast Refresh] done in 99ms @ http://localhost:5173/_next/static/chunks/node_modules_next_dist_1e8vcs8._.js:776
[ 3379187ms] [LOG] [Fast Refresh] done in 99ms @ http://localhost:5173/_next/static/chunks/node_modules_next_dist_1e8vcs8._.js:776
[ 3379249ms] [LOG] [Fast Refresh] done in 99ms @ http://localhost:5173/_next/static/chunks/node_modules_next_dist_1e8vcs8._.js:776
[ 3379299ms] [LOG] [Fast Refresh] done in 99ms @ http://localhost:5173/_next/static/chunks/node_modules_next_dist_1e8vcs8._.js:776
[ 3379361ms] [LOG] [Fast Refresh] done in 99ms @ http://localhost:5173/_next/static/chunks/node_modules_next_dist_1e8vcs8._.js:776
[ 3379425ms] [LOG] [Fast Refresh] done in 99ms @ http://localhost:5173/_next/static/chunks/node_modules_next_dist_1e8vcs8._.js:776
[ 3379479ms] [LOG] [Fast Refresh] done in 99ms @ http://localhost:5173/_next/static/chunks/node_modules_next_dist_1e8vcs8._.js:776
[ 3379525ms] [LOG] [Fast Refresh] done in 99ms @ http://localhost:5173/_next/static/chunks/node_modules_next_dist_1e8vcs8._.js:776
[ 3379578ms] [LOG] [Fast Refresh] done in 99ms @ http://localhost:5173/_next/static/chunks/node_modules_next_dist_1e8vcs8._.js:776
[ 3379625ms] [LOG] [Fast Refresh] done in 99ms @ http://localhost:5173/_next/static/chunks/node_modules_next_dist_1e8vcs8._.js:776
[ 3379679ms] [LOG] [Fast Refresh] done in 99ms @ http://localhost:5173/_next/static/chunks/node_modules_next_dist_1e8vcs8._.js:776
[ 3379726ms] [LOG] [Fast Refresh] done in 99ms @ http://localhost:5173/_next/static/chunks/node_modules_next_dist_1e8vcs8._.js:776
[ 3379778ms] [LOG] [Fast Refresh] done in 99ms @ http://localhost:5173/_next/static/chunks/node_modules_next_dist_1e8vcs8._.js:776
[ 3379835ms] [LOG] [Fast Refresh] done in 99ms @ http://localhost:5173/_next/static/chunks/node_modules_next_dist_1e8vcs8._.js:776
[ 3379887ms] [LOG] [Fast Refresh] done in 99ms @ http://localhost:5173/_next/static/chunks/node_modules_next_dist_1e8vcs8._.js:776
[ 3379934ms] [LOG] [Fast Refresh] done in 99ms @ http://localhost:5173/_next/static/chunks/node_modules_next_dist_1e8vcs8._.js:776
[ 3379986ms] [LOG] [Fast Refresh] done in 99ms @ http://localhost:5173/_next/static/chunks/node_modules_next_dist_1e8vcs8._.js:776
[ 3380036ms] [LOG] [Fast Refresh] done in 99ms @ http://localhost:5173/_next/static/chunks/node_modules_next_dist_1e8vcs8._.js:776
[ 3380086ms] [LOG] [Fast Refresh] done in 99ms @ http://localhost:5173/_next/static/chunks/node_modules_next_dist_1e8vcs8._.js:776
[ 3380136ms] [LOG] [Fast Refresh] done in 99ms @ http://localhost:5173/_next/static/chunks/node_modules_next_dist_1e8vcs8._.js:776
[ 3380188ms] [LOG] [Fast Refresh] done in 99ms @ http://localhost:5173/_next/static/chunks/node_modules_next_dist_1e8vcs8._.js:776
[ 3380248ms] [LOG] [Fast Refresh] done in 99ms @ http://localhost:5173/_next/static/chunks/node_modules_next_dist_1e8vcs8._.js:776
[ 3380310ms] [LOG] [Fast Refresh] done in 99ms @ http://localhost:5173/_next/static/chunks/node_modules_next_dist_1e8vcs8._.js:776
[ 3380378ms] [LOG] [Fast Refresh] done in 99ms @ http://localhost:5173/_next/static/chunks/node_modules_next_dist_1e8vcs8._.js:776
[ 3380441ms] [LOG] [Fast Refresh] done in 99ms @ http://localhost:5173/_next/static/chunks/node_modules_next_dist_1e8vcs8._.js:776
[ 3380493ms] [LOG] [Fast Refresh] done in 99ms @ http://localhost:5173/_next/static/chunks/node_modules_next_dist_1e8vcs8._.js:776
[ 3380541ms] [LOG] [Fast Refresh] done in 99ms @ http://localhost:5173/_next/static/chunks/node_modules_next_dist_1e8vcs8._.js:776
[ 3380594ms] [LOG] [Fast Refresh] done in 99ms @ http://localhost:5173/_next/static/chunks/node_modules_next_dist_1e8vcs8._.js:776
[ 3380656ms] [LOG] [Fast Refresh] done in 99ms @ http://localhost:5173/_next/static/chunks/node_modules_next_dist_1e8vcs8._.js:776
[ 3380725ms] [LOG] [Fast Refresh] done in 99ms @ http://localhost:5173/_next/static/chunks/node_modules_next_dist_1e8vcs8._.js:776
[ 3380778ms] [LOG] [Fast Refresh] done in 99ms @ http://localhost:5173/_next/static/chunks/node_modules_next_dist_1e8vcs8._.js:776
[ 3380828ms] [LOG] [Fast Refresh] done in 99ms @ http://localhost:5173/_next/static/chunks/node_modules_next_dist_1e8vcs8._.js:776
[ 3380878ms] [LOG] [Fast Refresh] done in 99ms @ http://localhost:5173/_next/static/chunks/node_modules_next_dist_1e8vcs8._.js:776
[ 3380939ms] [LOG] [Fast Refresh] done in 99ms @ http://localhost:5173/_next/static/chunks/node_modules_next_dist_1e8vcs8._.js:776
[ 3380993ms] [LOG] [Fast Refresh] done in 99ms @ http://localhost:5173/_next/static/chunks/node_modules_next_dist_1e8vcs8._.js:776
[ 3381056ms] [LOG] [Fast Refresh] done in 99ms @ http://localhost:5173/_next/static/chunks/node_modules_next_dist_1e8vcs8._.js:776
[ 3381117ms] [LOG] [Fast Refresh] done in 99ms @ http://localhost:5173/_next/static/chunks/node_modules_next_dist_1e8vcs8._.js:776
[ 3381179ms] [LOG] [Fast Refresh] done in 99ms @ http://localhost:5173/_next/static/chunks/node_modules_next_dist_1e8vcs8._.js:776
[ 3381227ms] [LOG] [Fast Refresh] done in 99ms @ http://localhost:5173/_next/static/chunks/node_modules_next_dist_1e8vcs8._.js:776
[ 3381278ms] [LOG] [Fast Refresh] done in 99ms @ http://localhost:5173/_next/static/chunks/node_modules_next_dist_1e8vcs8._.js:776
[ 3381326ms] [LOG] [Fast Refresh] done in 99ms @ http://localhost:5173/_next/static/chunks/node_modules_next_dist_1e8vcs8._.js:776
[ 3381379ms] [LOG] [Fast Refresh] done in 99ms @ http://localhost:5173/_next/static/chunks/node_modules_next_dist_1e8vcs8._.js:776
[ 3381440ms] [LOG] [Fast Refresh] done in 99ms @ http://localhost:5173/_next/static/chunks/node_modules_next_dist_1e8vcs8._.js:776
[ 3381493ms] [LOG] [Fast Refresh] done in 99ms @ http://localhost:5173/_next/static/chunks/node_modules_next_dist_1e8vcs8._.js:776
[ 3381545ms] [LOG] [Fast Refresh] done in 99ms @ http://localhost:5173/_next/static/chunks/node_modules_next_dist_1e8vcs8._.js:776
[ 3381594ms] [LOG] [Fast Refresh] done in 99ms @ http://localhost:5173/_next/static/chunks/node_modules_next_dist_1e8vcs8._.js:776
[ 3381642ms] [LOG] [Fast Refresh] done in 99ms @ http://localhost:5173/_next/static/chunks/node_modules_next_dist_1e8vcs8._.js:776
[ 3381693ms] [LOG] [Fast Refresh] done in 99ms @ http://localhost:5173/_next/static/chunks/node_modules_next_dist_1e8vcs8._.js:776
[ 3381757ms] [LOG] [Fast Refresh] done in 99ms @ http://localhost:5173/_next/static/chunks/node_modules_next_dist_1e8vcs8._.js:776
[ 3381824ms] [LOG] [Fast Refresh] done in 99ms @ http://localhost:5173/_next/static/chunks/node_modules_next_dist_1e8vcs8._.js:776
[ 3381879ms] [LOG] [Fast Refresh] done in 99ms @ http://localhost:5173/_next/static/chunks/node_modules_next_dist_1e8vcs8._.js:776
[ 3381926ms] [LOG] [Fast Refresh] done in 99ms @ http://localhost:5173/_next/static/chunks/node_modules_next_dist_1e8vcs8._.js:776
[ 3381978ms] [LOG] [Fast Refresh] done in 99ms @ http://localhost:5173/_next/static/chunks/node_modules_next_dist_1e8vcs8._.js:776
[ 3382078ms] [LOG] [Fast Refresh] done in 99ms @ http://localhost:5173/_next/static/chunks/node_modules_next_dist_1e8vcs8._.js:776
[ 3382126ms] [LOG] [Fast Refresh] done in 99ms @ http://localhost:5173/_next/static/chunks/node_modules_next_dist_1e8vcs8._.js:776
[ 3382185ms] [LOG] [Fast Refresh] done in 99ms @ http://localhost:5173/_next/static/chunks/node_modules_next_dist_1e8vcs8._.js:776
[ 3382232ms] [LOG] [Fast Refresh] done in 99ms @ http://localhost:5173/_next/static/chunks/node_modules_next_dist_1e8vcs8._.js:776
[ 3382296ms] [LOG] [Fast Refresh] done in 99ms @ http://localhost:5173/_next/static/chunks/node_modules_next_dist_1e8vcs8._.js:776
[ 3382358ms] [LOG] [Fast Refresh] done in 99ms @ http://localhost:5173/_next/static/chunks/node_modules_next_dist_1e8vcs8._.js:776
[ 3382425ms] [LOG] [Fast Refresh] done in 99ms @ http://localhost:5173/_next/static/chunks/node_modules_next_dist_1e8vcs8._.js:776
[ 3382478ms] [LOG] [Fast Refresh] done in 99ms @ http://localhost:5173/_next/static/chunks/node_modules_next_dist_1e8vcs8._.js:776
[ 3382526ms] [LOG] [Fast Refresh] done in 99ms @ http://localhost:5173/_next/static/chunks/node_modules_next_dist_1e8vcs8._.js:776
[ 3382580ms] [LOG] [Fast Refresh] done in 99ms @ http://localhost:5173/_next/static/chunks/node_modules_next_dist_1e8vcs8._.js:776
[ 3382642ms] [LOG] [Fast Refresh] done in 99ms @ http://localhost:5173/_next/static/chunks/node_modules_next_dist_1e8vcs8._.js:776
[ 3382694ms] [LOG] [Fast Refresh] done in 99ms @ http://localhost:5173/_next/static/chunks/node_modules_next_dist_1e8vcs8._.js:776
[ 3382756ms] [LOG] [Fast Refresh] done in 99ms @ http://localhost:5173/_next/static/chunks/node_modules_next_dist_1e8vcs8._.js:776
[ 3382824ms] [LOG] [Fast Refresh] done in 99ms @ http://localhost:5173/_next/static/chunks/node_modules_next_dist_1e8vcs8._.js:776
[ 3382871ms] [LOG] [Fast Refresh] done in 99ms @ http://localhost:5173/_next/static/chunks/node_modules_next_dist_1e8vcs8._.js:776
[ 3382919ms] [LOG] [Fast Refresh] done in 99ms @ http://localhost:5173/_next/static/chunks/node_modules_next_dist_1e8vcs8._.js:776
[ 3382969ms] [LOG] [Fast Refresh] done in 99ms @ http://localhost:5173/_next/static/chunks/node_modules_next_dist_1e8vcs8._.js:776
[ 3383032ms] [LOG] [Fast Refresh] done in 99ms @ http://localhost:5173/_next/static/chunks/node_modules_next_dist_1e8vcs8._.js:776
[ 3383079ms] [LOG] [Fast Refresh] done in 99ms @ http://localhost:5173/_next/static/chunks/node_modules_next_dist_1e8vcs8._.js:776
[ 3383141ms] [LOG] [Fast Refresh] done in 99ms @ http://localhost:5173/_next/static/chunks/node_modules_next_dist_1e8vcs8._.js:776
[ 3383205ms] [LOG] [Fast Refresh] done in 99ms @ http://localhost:5173/_next/static/chunks/node_modules_next_dist_1e8vcs8._.js:776
[ 3383259ms] [LOG] [Fast Refresh] done in 99ms @ http://localhost:5173/_next/static/chunks/node_modules_next_dist_1e8vcs8._.js:776
[ 3383316ms] [LOG] [Fast Refresh] done in 99ms @ http://localhost:5173/_next/static/chunks/node_modules_next_dist_1e8vcs8._.js:776
[ 3383378ms] [LOG] [Fast Refresh] done in 99ms @ http://localhost:5173/_next/static/chunks/node_modules_next_dist_1e8vcs8._.js:776
[ 3383428ms] [LOG] [Fast Refresh] done in 99ms @ http://localhost:5173/_next/static/chunks/node_modules_next_dist_1e8vcs8._.js:776
[ 3383479ms] [LOG] [Fast Refresh] done in 99ms @ http://localhost:5173/_next/static/chunks/node_modules_next_dist_1e8vcs8._.js:776
[ 3383539ms] [LOG] [Fast Refresh] done in 99ms @ http://localhost:5173/_next/static/chunks/node_modules_next_dist_1e8vcs8._.js:776
[ 3383602ms] [LOG] [Fast Refresh] done in 99ms @ http://localhost:5173/_next/static/chunks/node_modules_next_dist_1e8vcs8._.js:776
[ 3383648ms] [LOG] [Fast Refresh] done in 99ms @ http://localhost:5173/_next/static/chunks/node_modules_next_dist_1e8vcs8._.js:776
[ 3383697ms] [LOG] [Fast Refresh] done in 99ms @ http://localhost:5173/_next/static/chunks/node_modules_next_dist_1e8vcs8._.js:776
[ 3383759ms] [LOG] [Fast Refresh] done in 99ms @ http://localhost:5173/_next/static/chunks/node_modules_next_dist_1e8vcs8._.js:776
[ 3383826ms] [LOG] [Fast Refresh] done in 99ms @ http://localhost:5173/_next/static/chunks/node_modules_next_dist_1e8vcs8._.js:776
[ 3383879ms] [LOG] [Fast Refresh] done in 99ms @ http://localhost:5173/_next/static/chunks/node_modules_next_dist_1e8vcs8._.js:776
[ 3383940ms] [LOG] [Fast Refresh] done in 99ms @ http://localhost:5173/_next/static/chunks/node_modules_next_dist_1e8vcs8._.js:776
[ 3384002ms] [LOG] [Fast Refresh] done in 99ms @ http://localhost:5173/_next/static/chunks/node_modules_next_dist_1e8vcs8._.js:776
[ 3384051ms] [LOG] [Fast Refresh] done in 99ms @ http://localhost:5173/_next/static/chunks/node_modules_next_dist_1e8vcs8._.js:776
[ 3384101ms] [LOG] [Fast Refresh] done in 99ms @ http://localhost:5173/_next/static/chunks/node_modules_next_dist_1e8vcs8._.js:776
[ 3384163ms] [LOG] [Fast Refresh] done in 99ms @ http://localhost:5173/_next/static/chunks/node_modules_next_dist_1e8vcs8._.js:776
[ 3384228ms] [LOG] [Fast Refresh] done in 99ms @ http://localhost:5173/_next/static/chunks/node_modules_next_dist_1e8vcs8._.js:776
[ 3384279ms] [LOG] [Fast Refresh] done in 99ms @ http://localhost:5173/_next/static/chunks/node_modules_next_dist_1e8vcs8._.js:776
[ 3384341ms] [LOG] [Fast Refresh] done in 99ms @ http://localhost:5173/_next/static/chunks/node_modules_next_dist_1e8vcs8._.js:776
[ 3384394ms] [LOG] [Fast Refresh] done in 99ms @ http://localhost:5173/_next/static/chunks/node_modules_next_dist_1e8vcs8._.js:776
[ 3384456ms] [LOG] [Fast Refresh] done in 99ms @ http://localhost:5173/_next/static/chunks/node_modules_next_dist_1e8vcs8._.js:776
[ 3384523ms] [LOG] [Fast Refresh] done in 99ms @ http://localhost:5173/_next/static/chunks/node_modules_next_dist_1e8vcs8._.js:776
[ 3384577ms] [LOG] [Fast Refresh] done in 99ms @ http://localhost:5173/_next/static/chunks/node_modules_next_dist_1e8vcs8._.js:776
[ 3384640ms] [LOG] [Fast Refresh] done in 99ms @ http://localhost:5173/_next/static/chunks/node_modules_next_dist_1e8vcs8._.js:776
[ 3384686ms] [LOG] [Fast Refresh] done in 99ms @ http://localhost:5173/_next/static/chunks/node_modules_next_dist_1e8vcs8._.js:776
[ 3384736ms] [LOG] [Fast Refresh] done in 99ms @ http://localhost:5173/_next/static/chunks/node_modules_next_dist_1e8vcs8._.js:776
[ 3384787ms] [LOG] [Fast Refresh] done in 99ms @ http://localhost:5173/_next/static/chunks/node_modules_next_dist_1e8vcs8._.js:776
[ 3384849ms] [LOG] [Fast Refresh] done in 99ms @ http://localhost:5173/_next/static/chunks/node_modules_next_dist_1e8vcs8._.js:776
[ 3384902ms] [LOG] [Fast Refresh] done in 99ms @ http://localhost:5173/_next/static/chunks/node_modules_next_dist_1e8vcs8._.js:776
[ 3384964ms] [LOG] [Fast Refresh] done in 99ms @ http://localhost:5173/_next/static/chunks/node_modules_next_dist_1e8vcs8._.js:776
[ 3385033ms] [LOG] [Fast Refresh] done in 99ms @ http://localhost:5173/_next/static/chunks/node_modules_next_dist_1e8vcs8._.js:776
[ 3385095ms] [LOG] [Fast Refresh] done in 99ms @ http://localhost:5173/_next/static/chunks/node_modules_next_dist_1e8vcs8._.js:776
[ 3385159ms] [LOG] [Fast Refresh] done in 99ms @ http://localhost:5173/_next/static/chunks/node_modules_next_dist_1e8vcs8._.js:776
[ 3385225ms] [LOG] [Fast Refresh] done in 99ms @ http://localhost:5173/_next/static/chunks/node_modules_next_dist_1e8vcs8._.js:776
[ 3385279ms] [LOG] [Fast Refresh] done in 99ms @ http://localhost:5173/_next/static/chunks/node_modules_next_dist_1e8vcs8._.js:776
[ 3385341ms] [LOG] [Fast Refresh] done in 99ms @ http://localhost:5173/_next/static/chunks/node_modules_next_dist_1e8vcs8._.js:776
[ 3385394ms] [LOG] [Fast Refresh] done in 99ms @ http://localhost:5173/_next/static/chunks/node_modules_next_dist_1e8vcs8._.js:776
[ 3385456ms] [LOG] [Fast Refresh] done in 99ms @ http://localhost:5173/_next/static/chunks/node_modules_next_dist_1e8vcs8._.js:776
[ 3385528ms] [LOG] [Fast Refresh] done in 99ms @ http://localhost:5173/_next/static/chunks/node_modules_next_dist_1e8vcs8._.js:776
[ 3385578ms] [LOG] [Fast Refresh] done in 99ms @ http://localhost:5173/_next/static/chunks/node_modules_next_dist_1e8vcs8._.js:776
[ 3385628ms] [LOG] [Fast Refresh] done in 99ms @ http://localhost:5173/_next/static/chunks/node_modules_next_dist_1e8vcs8._.js:776
[ 3385678ms] [LOG] [Fast Refresh] done in 99ms @ http://localhost:5173/_next/static/chunks/node_modules_next_dist_1e8vcs8._.js:776
[ 3385740ms] [LOG] [Fast Refresh] done in 99ms @ http://localhost:5173/_next/static/chunks/node_modules_next_dist_1e8vcs8._.js:776
[ 3385786ms] [LOG] [Fast Refresh] done in 99ms @ http://localhost:5173/_next/static/chunks/node_modules_next_dist_1e8vcs8._.js:776
[ 3385834ms] [LOG] [Fast Refresh] done in 99ms @ http://localhost:5173/_next/static/chunks/node_modules_next_dist_1e8vcs8._.js:776
[ 3385886ms] [LOG] [Fast Refresh] done in 99ms @ http://localhost:5173/_next/static/chunks/node_modules_next_dist_1e8vcs8._.js:776
[ 3385936ms] [LOG] [Fast Refresh] done in 99ms @ http://localhost:5173/_next/static/chunks/node_modules_next_dist_1e8vcs8._.js:776
[ 3385986ms] [LOG] [Fast Refresh] done in 99ms @ http://localhost:5173/_next/static/chunks/node_modules_next_dist_1e8vcs8._.js:776
[ 3386049ms] [LOG] [Fast Refresh] done in 99ms @ http://localhost:5173/_next/static/chunks/node_modules_next_dist_1e8vcs8._.js:776
[ 3386111ms] [LOG] [Fast Refresh] done in 99ms @ http://localhost:5173/_next/static/chunks/node_modules_next_dist_1e8vcs8._.js:776
[ 3386159ms] [LOG] [Fast Refresh] done in 99ms @ http://localhost:5173/_next/static/chunks/node_modules_next_dist_1e8vcs8._.js:776
[ 3386209ms] [LOG] [Fast Refresh] done in 99ms @ http://localhost:5173/_next/static/chunks/node_modules_next_dist_1e8vcs8._.js:776
[ 3386271ms] [LOG] [Fast Refresh] done in 99ms @ http://localhost:5173/_next/static/chunks/node_modules_next_dist_1e8vcs8._.js:776
[ 3386324ms] [LOG] [Fast Refresh] done in 99ms @ http://localhost:5173/_next/static/chunks/node_modules_next_dist_1e8vcs8._.js:776
[ 3386386ms] [LOG] [Fast Refresh] done in 99ms @ http://localhost:5173/_next/static/chunks/node_modules_next_dist_1e8vcs8._.js:776
[ 3386456ms] [LOG] [Fast Refresh] done in 99ms @ http://localhost:5173/_next/static/chunks/node_modules_next_dist_1e8vcs8._.js:776
[ 3386521ms] [LOG] [Fast Refresh] done in 99ms @ http://localhost:5173/_next/static/chunks/node_modules_next_dist_1e8vcs8._.js:776
[ 3386568ms] [LOG] [Fast Refresh] done in 99ms @ http://localhost:5173/_next/static/chunks/node_modules_next_dist_1e8vcs8._.js:776
[ 3386633ms] [LOG] [Fast Refresh] done in 99ms @ http://localhost:5173/_next/static/chunks/node_modules_next_dist_1e8vcs8._.js:776
[ 3386686ms] [LOG] [Fast Refresh] done in 99ms @ http://localhost:5173/_next/static/chunks/node_modules_next_dist_1e8vcs8._.js:776
[ 3386749ms] [LOG] [Fast Refresh] done in 99ms @ http://localhost:5173/_next/static/chunks/node_modules_next_dist_1e8vcs8._.js:776
[ 3386802ms] [LOG] [Fast Refresh] done in 99ms @ http://localhost:5173/_next/static/chunks/node_modules_next_dist_1e8vcs8._.js:776
[ 3386854ms] [LOG] [Fast Refresh] done in 99ms @ http://localhost:5173/_next/static/chunks/node_modules_next_dist_1e8vcs8._.js:776
[ 3386917ms] [LOG] [Fast Refresh] done in 99ms @ http://localhost:5173/_next/static/chunks/node_modules_next_dist_1e8vcs8._.js:776
[ 3386980ms] [LOG] [Fast Refresh] done in 99ms @ http://localhost:5173/_next/static/chunks/node_modules_next_dist_1e8vcs8._.js:776
[ 3387028ms] [LOG] [Fast Refresh] done in 99ms @ http://localhost:5173/_next/static/chunks/node_modules_next_dist_1e8vcs8._.js:776
[ 3387078ms] [LOG] [Fast Refresh] done in 99ms @ http://localhost:5173/_next/static/chunks/node_modules_next_dist_1e8vcs8._.js:776
[ 3387141ms] [LOG] [Fast Refresh] done in 99ms @ http://localhost:5173/_next/static/chunks/node_modules_next_dist_1e8vcs8._.js:776
[ 3387203ms] [LOG] [Fast Refresh] done in 99ms @ http://localhost:5173/_next/static/chunks/node_modules_next_dist_1e8vcs8._.js:776
[ 3387266ms] [LOG] [Fast Refresh] done in 99ms @ http://localhost:5173/_next/static/chunks/node_modules_next_dist_1e8vcs8._.js:776
[ 3387318ms] [LOG] [Fast Refresh] done in 99ms @ http://localhost:5173/_next/static/chunks/node_modules_next_dist_1e8vcs8._.js:776
[ 3387380ms] [LOG] [Fast Refresh] done in 99ms @ http://localhost:5173/_next/static/chunks/node_modules_next_dist_1e8vcs8._.js:776
[ 3387430ms] [LOG] [Fast Refresh] done in 99ms @ http://localhost:5173/_next/static/chunks/node_modules_next_dist_1e8vcs8._.js:776
[ 3387479ms] [LOG] [Fast Refresh] done in 99ms @ http://localhost:5173/_next/static/chunks/node_modules_next_dist_1e8vcs8._.js:776
[ 3387541ms] [LOG] [Fast Refresh] done in 99ms @ http://localhost:5173/_next/static/chunks/node_modules_next_dist_1e8vcs8._.js:776
[ 3387594ms] [LOG] [Fast Refresh] done in 99ms @ http://localhost:5173/_next/static/chunks/node_modules_next_dist_1e8vcs8._.js:776
[ 3387656ms] [LOG] [Fast Refresh] done in 99ms @ http://localhost:5173/_next/static/chunks/node_modules_next_dist_1e8vcs8._.js:776
[ 3387702ms] [LOG] [Fast Refresh] done in 99ms @ http://localhost:5173/_next/static/chunks/node_modules_next_dist_1e8vcs8._.js:776
[ 3387764ms] [LOG] [Fast Refresh] done in 99ms @ http://localhost:5173/_next/static/chunks/node_modules_next_dist_1e8vcs8._.js:776
[ 3387824ms] [LOG] [Fast Refresh] done in 99ms @ http://localhost:5173/_next/static/chunks/node_modules_next_dist_1e8vcs8._.js:776
[ 3387871ms] [LOG] [Fast Refresh] done in 99ms @ http://localhost:5173/_next/static/chunks/node_modules_next_dist_1e8vcs8._.js:776
[ 3387935ms] [LOG] [Fast Refresh] done in 99ms @ http://localhost:5173/_next/static/chunks/node_modules_next_dist_1e8vcs8._.js:776
[ 3387995ms] [LOG] [Fast Refresh] done in 99ms @ http://localhost:5173/_next/static/chunks/node_modules_next_dist_1e8vcs8._.js:776
[ 3388044ms] [LOG] [Fast Refresh] done in 99ms @ http://localhost:5173/_next/static/chunks/node_modules_next_dist_1e8vcs8._.js:776
[ 3388095ms] [LOG] [Fast Refresh] done in 99ms @ http://localhost:5173/_next/static/chunks/node_modules_next_dist_1e8vcs8._.js:776
[ 3388155ms] [LOG] [Fast Refresh] done in 99ms @ http://localhost:5173/_next/static/chunks/node_modules_next_dist_1e8vcs8._.js:776
[ 3388216ms] [LOG] [Fast Refresh] done in 99ms @ http://localhost:5173/_next/static/chunks/node_modules_next_dist_1e8vcs8._.js:776
[ 3388278ms] [LOG] [Fast Refresh] done in 99ms @ http://localhost:5173/_next/static/chunks/node_modules_next_dist_1e8vcs8._.js:776
[ 3388325ms] [LOG] [Fast Refresh] done in 99ms @ http://localhost:5173/_next/static/chunks/node_modules_next_dist_1e8vcs8._.js:776
[ 3388379ms] [LOG] [Fast Refresh] done in 99ms @ http://localhost:5173/_next/static/chunks/node_modules_next_dist_1e8vcs8._.js:776
[ 3388440ms] [LOG] [Fast Refresh] done in 99ms @ http://localhost:5173/_next/static/chunks/node_modules_next_dist_1e8vcs8._.js:776
[ 3388495ms] [LOG] [Fast Refresh] done in 99ms @ http://localhost:5173/_next/static/chunks/node_modules_next_dist_1e8vcs8._.js:776
[ 3388559ms] [LOG] [Fast Refresh] done in 99ms @ http://localhost:5173/_next/static/chunks/node_modules_next_dist_1e8vcs8._.js:776
[ 3388625ms] [LOG] [Fast Refresh] done in 99ms @ http://localhost:5173/_next/static/chunks/node_modules_next_dist_1e8vcs8._.js:776
[ 3388678ms] [LOG] [Fast Refresh] done in 99ms @ http://localhost:5173/_next/static/chunks/node_modules_next_dist_1e8vcs8._.js:776
[ 3388729ms] [LOG] [Fast Refresh] done in 99ms @ http://localhost:5173/_next/static/chunks/node_modules_next_dist_1e8vcs8._.js:776
[ 3388778ms] [LOG] [Fast Refresh] done in 99ms @ http://localhost:5173/_next/static/chunks/node_modules_next_dist_1e8vcs8._.js:776
[ 3388840ms] [LOG] [Fast Refresh] done in 99ms @ http://localhost:5173/_next/static/chunks/node_modules_next_dist_1e8vcs8._.js:776
[ 3388895ms] [LOG] [Fast Refresh] done in 99ms @ http://localhost:5173/_next/static/chunks/node_modules_next_dist_1e8vcs8._.js:776
[ 3388957ms] [LOG] [Fast Refresh] done in 99ms @ http://localhost:5173/_next/static/chunks/node_modules_next_dist_1e8vcs8._.js:776
[ 3389025ms] [LOG] [Fast Refresh] done in 99ms @ http://localhost:5173/_next/static/chunks/node_modules_next_dist_1e8vcs8._.js:776
[ 3389078ms] [LOG] [Fast Refresh] done in 99ms @ http://localhost:5173/_next/static/chunks/node_modules_next_dist_1e8vcs8._.js:776
[ 3389140ms] [LOG] [Fast Refresh] done in 99ms @ http://localhost:5173/_next/static/chunks/node_modules_next_dist_1e8vcs8._.js:776
[ 3389201ms] [LOG] [Fast Refresh] done in 99ms @ http://localhost:5173/_next/static/chunks/node_modules_next_dist_1e8vcs8._.js:776
[ 3389248ms] [LOG] [Fast Refresh] done in 99ms @ http://localhost:5173/_next/static/chunks/node_modules_next_dist_1e8vcs8._.js:776
[ 3389296ms] [LOG] [Fast Refresh] done in 99ms @ http://localhost:5173/_next/static/chunks/node_modules_next_dist_1e8vcs8._.js:776
[ 3389342ms] [LOG] [Fast Refresh] done in 99ms @ http://localhost:5173/_next/static/chunks/node_modules_next_dist_1e8vcs8._.js:776
[ 3389394ms] [LOG] [Fast Refresh] done in 99ms @ http://localhost:5173/_next/static/chunks/node_modules_next_dist_1e8vcs8._.js:776
[ 3389443ms] [LOG] [Fast Refresh] done in 99ms @ http://localhost:5173/_next/static/chunks/node_modules_next_dist_1e8vcs8._.js:776
[ 3389494ms] [LOG] [Fast Refresh] done in 99ms @ http://localhost:5173/_next/static/chunks/node_modules_next_dist_1e8vcs8._.js:776
[ 3389544ms] [LOG] [Fast Refresh] done in 99ms @ http://localhost:5173/_next/static/chunks/node_modules_next_dist_1e8vcs8._.js:776
[ 3389594ms] [LOG] [Fast Refresh] done in 99ms @ http://localhost:5173/_next/static/chunks/node_modules_next_dist_1e8vcs8._.js:776
[ 3389644ms] [LOG] [Fast Refresh] done in 99ms @ http://localhost:5173/_next/static/chunks/node_modules_next_dist_1e8vcs8._.js:776
[ 3389693ms] [LOG] [Fast Refresh] done in 99ms @ http://localhost:5173/_next/static/chunks/node_modules_next_dist_1e8vcs8._.js:776
[ 3389757ms] [LOG] [Fast Refresh] done in 99ms @ http://localhost:5173/_next/static/chunks/node_modules_next_dist_1e8vcs8._.js:776
[ 3389808ms] [LOG] [Fast Refresh] done in 99ms @ http://localhost:5173/_next/static/chunks/node_modules_next_dist_1e8vcs8._.js:776
[ 3389856ms] [LOG] [Fast Refresh] done in 99ms @ http://localhost:5173/_next/static/chunks/node_modules_next_dist_1e8vcs8._.js:776
[ 3389925ms] [LOG] [Fast Refresh] done in 99ms @ http://localhost:5173/_next/static/chunks/node_modules_next_dist_1e8vcs8._.js:776
[ 3389978ms] [LOG] [Fast Refresh] done in 99ms @ http://localhost:5173/_next/static/chunks/node_modules_next_dist_1e8vcs8._.js:776
[ 3390035ms] [LOG] [Fast Refresh] done in 99ms @ http://localhost:5173/_next/static/chunks/node_modules_next_dist_1e8vcs8._.js:776
[ 3390086ms] [LOG] [Fast Refresh] done in 99ms @ http://localhost:5173/_next/static/chunks/node_modules_next_dist_1e8vcs8._.js:776
[ 3390149ms] [LOG] [Fast Refresh] done in 99ms @ http://localhost:5173/_next/static/chunks/node_modules_next_dist_1e8vcs8._.js:776
[ 3390197ms] [LOG] [Fast Refresh] done in 99ms @ http://localhost:5173/_next/static/chunks/node_modules_next_dist_1e8vcs8._.js:776
[ 3390260ms] [LOG] [Fast Refresh] done in 99ms @ http://localhost:5173/_next/static/chunks/node_modules_next_dist_1e8vcs8._.js:776
[ 3390325ms] [LOG] [Fast Refresh] done in 99ms @ http://localhost:5173/_next/static/chunks/node_modules_next_dist_1e8vcs8._.js:776
[ 3390379ms] [LOG] [Fast Refresh] done in 99ms @ http://localhost:5173/_next/static/chunks/node_modules_next_dist_1e8vcs8._.js:776
[ 3390440ms] [LOG] [Fast Refresh] done in 99ms @ http://localhost:5173/_next/static/chunks/node_modules_next_dist_1e8vcs8._.js:776
[ 3390494ms] [LOG] [Fast Refresh] done in 99ms @ http://localhost:5173/_next/static/chunks/node_modules_next_dist_1e8vcs8._.js:776
[ 3390543ms] [LOG] [Fast Refresh] done in 99ms @ http://localhost:5173/_next/static/chunks/node_modules_next_dist_1e8vcs8._.js:776
[ 3390594ms] [LOG] [Fast Refresh] done in 99ms @ http://localhost:5173/_next/static/chunks/node_modules_next_dist_1e8vcs8._.js:776
[ 3390656ms] [LOG] [Fast Refresh] done in 99ms @ http://localhost:5173/_next/static/chunks/node_modules_next_dist_1e8vcs8._.js:776
[ 3390725ms] [LOG] [Fast Refresh] done in 99ms @ http://localhost:5173/_next/static/chunks/node_modules_next_dist_1e8vcs8._.js:776
[ 3390779ms] [LOG] [Fast Refresh] done in 99ms @ http://localhost:5173/_next/static/chunks/node_modules_next_dist_1e8vcs8._.js:776
[ 3390840ms] [LOG] [Fast Refresh] done in 99ms @ http://localhost:5173/_next/static/chunks/node_modules_next_dist_1e8vcs8._.js:776
[ 3390894ms] [LOG] [Fast Refresh] done in 99ms @ http://localhost:5173/_next/static/chunks/node_modules_next_dist_1e8vcs8._.js:776
[ 3390958ms] [LOG] [Fast Refresh] done in 99ms @ http://localhost:5173/_next/static/chunks/node_modules_next_dist_1e8vcs8._.js:776
[ 3391029ms] [LOG] [Fast Refresh] done in 99ms @ http://localhost:5173/_next/static/chunks/node_modules_next_dist_1e8vcs8._.js:776
[ 3391078ms] [LOG] [Fast Refresh] done in 99ms @ http://localhost:5173/_next/static/chunks/node_modules_next_dist_1e8vcs8._.js:776
[ 3391126ms] [LOG] [Fast Refresh] done in 99ms @ http://localhost:5173/_next/static/chunks/node_modules_next_dist_1e8vcs8._.js:776
[ 3391179ms] [LOG] [Fast Refresh] done in 99ms @ http://localhost:5173/_next/static/chunks/node_modules_next_dist_1e8vcs8._.js:776
[ 3391242ms] [LOG] [Fast Refresh] done in 99ms @ http://localhost:5173/_next/static/chunks/node_modules_next_dist_1e8vcs8._.js:776
[ 3391294ms] [LOG] [Fast Refresh] done in 99ms @ http://localhost:5173/_next/static/chunks/node_modules_next_dist_1e8vcs8._.js:776
[ 3391357ms] [LOG] [Fast Refresh] done in 99ms @ http://localhost:5173/_next/static/chunks/node_modules_next_dist_1e8vcs8._.js:776
[ 3391424ms] [LOG] [Fast Refresh] done in 99ms @ http://localhost:5173/_next/static/chunks/node_modules_next_dist_1e8vcs8._.js:776
[ 3391486ms] [LOG] [Fast Refresh] done in 99ms @ http://localhost:5173/_next/static/chunks/node_modules_next_dist_1e8vcs8._.js:776
[ 3391549ms] [LOG] [Fast Refresh] done in 99ms @ http://localhost:5173/_next/static/chunks/node_modules_next_dist_1e8vcs8._.js:776
[ 3391608ms] [LOG] [Fast Refresh] done in 99ms @ http://localhost:5173/_next/static/chunks/node_modules_next_dist_1e8vcs8._.js:776
[ 3391659ms] [LOG] [Fast Refresh] done in 99ms @ http://localhost:5173/_next/static/chunks/node_modules_next_dist_1e8vcs8._.js:776
[ 3391724ms] [LOG] [Fast Refresh] done in 99ms @ http://localhost:5173/_next/static/chunks/node_modules_next_dist_1e8vcs8._.js:776
[ 3391779ms] [LOG] [Fast Refresh] done in 99ms @ http://localhost:5173/_next/static/chunks/node_modules_next_dist_1e8vcs8._.js:776
[ 3391841ms] [LOG] [Fast Refresh] done in 99ms @ http://localhost:5173/_next/static/chunks/node_modules_next_dist_1e8vcs8._.js:776
[ 3391893ms] [LOG] [Fast Refresh] done in 99ms @ http://localhost:5173/_next/static/chunks/node_modules_next_dist_1e8vcs8._.js:776
[ 3391956ms] [LOG] [Fast Refresh] done in 99ms @ http://localhost:5173/_next/static/chunks/node_modules_next_dist_1e8vcs8._.js:776
[ 3392024ms] [LOG] [Fast Refresh] done in 99ms @ http://localhost:5173/_next/static/chunks/node_modules_next_dist_1e8vcs8._.js:776
[ 3392086ms] [LOG] [Fast Refresh] done in 99ms @ http://localhost:5173/_next/static/chunks/node_modules_next_dist_1e8vcs8._.js:776
[ 3392149ms] [LOG] [Fast Refresh] done in 99ms @ http://localhost:5173/_next/static/chunks/node_modules_next_dist_1e8vcs8._.js:776
[ 3392207ms] [LOG] [Fast Refresh] done in 99ms @ http://localhost:5173/_next/static/chunks/node_modules_next_dist_1e8vcs8._.js:776
[ 3392269ms] [LOG] [Fast Refresh] done in 99ms @ http://localhost:5173/_next/static/chunks/node_modules_next_dist_1e8vcs8._.js:776
[ 3392324ms] [LOG] [Fast Refresh] done in 99ms @ http://localhost:5173/_next/static/chunks/node_modules_next_dist_1e8vcs8._.js:776
[ 3392386ms] [LOG] [Fast Refresh] done in 99ms @ http://localhost:5173/_next/static/chunks/node_modules_next_dist_1e8vcs8._.js:776
[ 3392456ms] [LOG] [Fast Refresh] done in 99ms @ http://localhost:5173/_next/static/chunks/node_modules_next_dist_1e8vcs8._.js:776
[ 3392511ms] [LOG] [Fast Refresh] done in 99ms @ http://localhost:5173/_next/static/chunks/node_modules_next_dist_1e8vcs8._.js:776
[ 3392562ms] [LOG] [Fast Refresh] done in 99ms @ http://localhost:5173/_next/static/chunks/node_modules_next_dist_1e8vcs8._.js:776
[ 3392617ms] [LOG] [Fast Refresh] done in 99ms @ http://localhost:5173/_next/static/chunks/node_modules_next_dist_1e8vcs8._.js:776
[ 3392679ms] [LOG] [Fast Refresh] done in 99ms @ http://localhost:5173/_next/static/chunks/node_modules_next_dist_1e8vcs8._.js:776
[ 3392741ms] [LOG] [Fast Refresh] done in 99ms @ http://localhost:5173/_next/static/chunks/node_modules_next_dist_1e8vcs8._.js:776
[ 3392793ms] [LOG] [Fast Refresh] done in 99ms @ http://localhost:5173/_next/static/chunks/node_modules_next_dist_1e8vcs8._.js:776
[ 3392856ms] [LOG] [Fast Refresh] done in 99ms @ http://localhost:5173/_next/static/chunks/node_modules_next_dist_1e8vcs8._.js:776
[ 3392929ms] [LOG] [Fast Refresh] done in 99ms @ http://localhost:5173/_next/static/chunks/node_modules_next_dist_1e8vcs8._.js:776
[ 3392979ms] [LOG] [Fast Refresh] done in 99ms @ http://localhost:5173/_next/static/chunks/node_modules_next_dist_1e8vcs8._.js:776
[ 3393040ms] [LOG] [Fast Refresh] done in 99ms @ http://localhost:5173/_next/static/chunks/node_modules_next_dist_1e8vcs8._.js:776
[ 3393101ms] [LOG] [Fast Refresh] done in 99ms @ http://localhost:5173/_next/static/chunks/node_modules_next_dist_1e8vcs8._.js:776
[ 3393165ms] [LOG] [Fast Refresh] done in 99ms @ http://localhost:5173/_next/static/chunks/node_modules_next_dist_1e8vcs8._.js:776
[ 3393219ms] [LOG] [Fast Refresh] done in 99ms @ http://localhost:5173/_next/static/chunks/node_modules_next_dist_1e8vcs8._.js:776
[ 3393265ms] [LOG] [Fast Refresh] done in 99ms @ http://localhost:5173/_next/static/chunks/node_modules_next_dist_1e8vcs8._.js:776
[ 3393313ms] [LOG] [Fast Refresh] done in 99ms @ http://localhost:5173/_next/static/chunks/node_modules_next_dist_1e8vcs8._.js:776
[ 3393362ms] [LOG] [Fast Refresh] done in 99ms @ http://localhost:5173/_next/static/chunks/node_modules_next_dist_1e8vcs8._.js:776
[ 3393425ms] [LOG] [Fast Refresh] done in 99ms @ http://localhost:5173/_next/static/chunks/node_modules_next_dist_1e8vcs8._.js:776
[ 3393479ms] [LOG] [Fast Refresh] done in 99ms @ http://localhost:5173/_next/static/chunks/node_modules_next_dist_1e8vcs8._.js:776
[ 3393529ms] [LOG] [Fast Refresh] done in 99ms @ http://localhost:5173/_next/static/chunks/node_modules_next_dist_1e8vcs8._.js:776
[ 3393578ms] [LOG] [Fast Refresh] done in 99ms @ http://localhost:5173/_next/static/chunks/node_modules_next_dist_1e8vcs8._.js:776
[ 3393626ms] [LOG] [Fast Refresh] done in 99ms @ http://localhost:5173/_next/static/chunks/node_modules_next_dist_1e8vcs8._.js:776
[ 3393679ms] [LOG] [Fast Refresh] done in 99ms @ http://localhost:5173/_next/static/chunks/node_modules_next_dist_1e8vcs8._.js:776
[ 3393740ms] [LOG] [Fast Refresh] done in 99ms @ http://localhost:5173/_next/static/chunks/node_modules_next_dist_1e8vcs8._.js:776
[ 3393802ms] [LOG] [Fast Refresh] done in 99ms @ http://localhost:5173/_next/static/chunks/node_modules_next_dist_1e8vcs8._.js:776
[ 3393851ms] [LOG] [Fast Refresh] done in 99ms @ http://localhost:5173/_next/static/chunks/node_modules_next_dist_1e8vcs8._.js:776
[ 3393902ms] [LOG] [Fast Refresh] done in 99ms @ http://localhost:5173/_next/static/chunks/node_modules_next_dist_1e8vcs8._.js:776
[ 3393947ms] [LOG] [Fast Refresh] done in 99ms @ http://localhost:5173/_next/static/chunks/node_modules_next_dist_1e8vcs8._.js:776
[ 3394011ms] [LOG] [Fast Refresh] done in 99ms @ http://localhost:5173/_next/static/chunks/node_modules_next_dist_1e8vcs8._.js:776
[ 3394078ms] [LOG] [Fast Refresh] done in 99ms @ http://localhost:5173/_next/static/chunks/node_modules_next_dist_1e8vcs8._.js:776
[ 3394129ms] [LOG] [Fast Refresh] done in 99ms @ http://localhost:5173/_next/static/chunks/node_modules_next_dist_1e8vcs8._.js:776
[ 3394180ms] [LOG] [Fast Refresh] done in 99ms @ http://localhost:5173/_next/static/chunks/node_modules_next_dist_1e8vcs8._.js:776
[ 3394243ms] [LOG] [Fast Refresh] done in 99ms @ http://localhost:5173/_next/static/chunks/node_modules_next_dist_1e8vcs8._.js:776
[ 3394294ms] [LOG] [Fast Refresh] done in 99ms @ http://localhost:5173/_next/static/chunks/node_modules_next_dist_1e8vcs8._.js:776
[ 3394359ms] [LOG] [Fast Refresh] done in 99ms @ http://localhost:5173/_next/static/chunks/node_modules_next_dist_1e8vcs8._.js:776
[ 3394425ms] [LOG] [Fast Refresh] done in 99ms @ http://localhost:5173/_next/static/chunks/node_modules_next_dist_1e8vcs8._.js:776
[ 3394478ms] [LOG] [Fast Refresh] done in 99ms @ http://localhost:5173/_next/static/chunks/node_modules_next_dist_1e8vcs8._.js:776
[ 3394526ms] [LOG] [Fast Refresh] done in 99ms @ http://localhost:5173/_next/static/chunks/node_modules_next_dist_1e8vcs8._.js:776
[ 3394579ms] [LOG] [Fast Refresh] done in 99ms @ http://localhost:5173/_next/static/chunks/node_modules_next_dist_1e8vcs8._.js:776
[ 3394626ms] [LOG] [Fast Refresh] done in 99ms @ http://localhost:5173/_next/static/chunks/node_modules_next_dist_1e8vcs8._.js:776
[ 3394679ms] [LOG] [Fast Refresh] done in 99ms @ http://localhost:5173/_next/static/chunks/node_modules_next_dist_1e8vcs8._.js:776
[ 3394740ms] [LOG] [Fast Refresh] done in 99ms @ http://localhost:5173/_next/static/chunks/node_modules_next_dist_1e8vcs8._.js:776
[ 3394791ms] [LOG] [Fast Refresh] done in 99ms @ http://localhost:5173/_next/static/chunks/node_modules_next_dist_1e8vcs8._.js:776
[ 3394844ms] [LOG] [Fast Refresh] done in 99ms @ http://localhost:5173/_next/static/chunks/node_modules_next_dist_1e8vcs8._.js:776
[ 3394894ms] [LOG] [Fast Refresh] done in 99ms @ http://localhost:5173/_next/static/chunks/node_modules_next_dist_1e8vcs8._.js:776
[ 3394955ms] [LOG] [Fast Refresh] done in 99ms @ http://localhost:5173/_next/static/chunks/node_modules_next_dist_1e8vcs8._.js:776
[ 3395002ms] [LOG] [Fast Refresh] done in 99ms @ http://localhost:5173/_next/static/chunks/node_modules_next_dist_1e8vcs8._.js:776
[ 3395051ms] [LOG] [Fast Refresh] done in 99ms @ http://localhost:5173/_next/static/chunks/node_modules_next_dist_1e8vcs8._.js:776
[ 3395109ms] [LOG] [Fast Refresh] done in 99ms @ http://localhost:5173/_next/static/chunks/node_modules_next_dist_1e8vcs8._.js:776
[ 3395179ms] [LOG] [Fast Refresh] done in 99ms @ http://localhost:5173/_next/static/chunks/node_modules_next_dist_1e8vcs8._.js:776
[ 3395241ms] [LOG] [Fast Refresh] done in 99ms @ http://localhost:5173/_next/static/chunks/node_modules_next_dist_1e8vcs8._.js:776
[ 3395293ms] [LOG] [Fast Refresh] done in 99ms @ http://localhost:5173/_next/static/chunks/node_modules_next_dist_1e8vcs8._.js:776
[ 3395344ms] [LOG] [Fast Refresh] done in 99ms @ http://localhost:5173/_next/static/chunks/node_modules_next_dist_1e8vcs8._.js:776
[ 3395393ms] [LOG] [Fast Refresh] done in 99ms @ http://localhost:5173/_next/static/chunks/node_modules_next_dist_1e8vcs8._.js:776
[ 3395440ms] [LOG] [Fast Refresh] done in 99ms @ http://localhost:5173/_next/static/chunks/node_modules_next_dist_1e8vcs8._.js:776
[ 3395494ms] [LOG] [Fast Refresh] done in 99ms @ http://localhost:5173/_next/static/chunks/node_modules_next_dist_1e8vcs8._.js:776
[ 3395555ms] [LOG] [Fast Refresh] done in 99ms @ http://localhost:5173/_next/static/chunks/node_modules_next_dist_1e8vcs8._.js:776
[ 3395624ms] [LOG] [Fast Refresh] done in 99ms @ http://localhost:5173/_next/static/chunks/node_modules_next_dist_1e8vcs8._.js:776
[ 3395678ms] [LOG] [Fast Refresh] done in 99ms @ http://localhost:5173/_next/static/chunks/node_modules_next_dist_1e8vcs8._.js:776
[ 3395740ms] [LOG] [Fast Refresh] done in 99ms @ http://localhost:5173/_next/static/chunks/node_modules_next_dist_1e8vcs8._.js:776
[ 3395794ms] [LOG] [Fast Refresh] done in 99ms @ http://localhost:5173/_next/static/chunks/node_modules_next_dist_1e8vcs8._.js:776
[ 3395859ms] [LOG] [Fast Refresh] done in 99ms @ http://localhost:5173/_next/static/chunks/node_modules_next_dist_1e8vcs8._.js:776
[ 3395927ms] [LOG] [Fast Refresh] done in 99ms @ http://localhost:5173/_next/static/chunks/node_modules_next_dist_1e8vcs8._.js:776
[ 3395978ms] [LOG] [Fast Refresh] done in 99ms @ http://localhost:5173/_next/static/chunks/node_modules_next_dist_1e8vcs8._.js:776
[ 3396041ms] [LOG] [Fast Refresh] done in 99ms @ http://localhost:5173/_next/static/chunks/node_modules_next_dist_1e8vcs8._.js:776
[ 3396094ms] [LOG] [Fast Refresh] done in 99ms @ http://localhost:5173/_next/static/chunks/node_modules_next_dist_1e8vcs8._.js:776
[ 3396157ms] [LOG] [Fast Refresh] done in 99ms @ http://localhost:5173/_next/static/chunks/node_modules_next_dist_1e8vcs8._.js:776
[ 3396224ms] [LOG] [Fast Refresh] done in 99ms @ http://localhost:5173/_next/static/chunks/node_modules_next_dist_1e8vcs8._.js:776
[ 3396278ms] [LOG] [Fast Refresh] done in 99ms @ http://localhost:5173/_next/static/chunks/node_modules_next_dist_1e8vcs8._.js:776
[ 3396339ms] [LOG] [Fast Refresh] done in 99ms @ http://localhost:5173/_next/static/chunks/node_modules_next_dist_1e8vcs8._.js:776
[ 3396385ms] [LOG] [Fast Refresh] done in 99ms @ http://localhost:5173/_next/static/chunks/node_modules_next_dist_1e8vcs8._.js:776
[ 3396436ms] [LOG] [Fast Refresh] done in 99ms @ http://localhost:5173/_next/static/chunks/node_modules_next_dist_1e8vcs8._.js:776
[ 3396486ms] [LOG] [Fast Refresh] done in 99ms @ http://localhost:5173/_next/static/chunks/node_modules_next_dist_1e8vcs8._.js:776
[ 3396555ms] [LOG] [Fast Refresh] done in 99ms @ http://localhost:5173/_next/static/chunks/node_modules_next_dist_1e8vcs8._.js:776
[ 3396617ms] [LOG] [Fast Refresh] done in 99ms @ http://localhost:5173/_next/static/chunks/node_modules_next_dist_1e8vcs8._.js:776
[ 3396668ms] [LOG] [Fast Refresh] done in 99ms @ http://localhost:5173/_next/static/chunks/node_modules_next_dist_1e8vcs8._.js:776
[ 3396732ms] [LOG] [Fast Refresh] done in 99ms @ http://localhost:5173/_next/static/chunks/node_modules_next_dist_1e8vcs8._.js:776
[ 3396795ms] [LOG] [Fast Refresh] done in 99ms @ http://localhost:5173/_next/static/chunks/node_modules_next_dist_1e8vcs8._.js:776
[ 3396855ms] [LOG] [Fast Refresh] done in 99ms @ http://localhost:5173/_next/static/chunks/node_modules_next_dist_1e8vcs8._.js:776
[ 3396908ms] [LOG] [Fast Refresh] done in 99ms @ http://localhost:5173/_next/static/chunks/node_modules_next_dist_1e8vcs8._.js:776
[ 3396977ms] [LOG] [Fast Refresh] done in 99ms @ http://localhost:5173/_next/static/chunks/node_modules_next_dist_1e8vcs8._.js:776
[ 3397025ms] [LOG] [Fast Refresh] done in 99ms @ http://localhost:5173/_next/static/chunks/node_modules_next_dist_1e8vcs8._.js:776
[ 3397078ms] [LOG] [Fast Refresh] done in 99ms @ http://localhost:5173/_next/static/chunks/node_modules_next_dist_1e8vcs8._.js:776
[ 3397140ms] [LOG] [Fast Refresh] done in 99ms @ http://localhost:5173/_next/static/chunks/node_modules_next_dist_1e8vcs8._.js:776
[ 3397195ms] [LOG] [Fast Refresh] done in 99ms @ http://localhost:5173/_next/static/chunks/node_modules_next_dist_1e8vcs8._.js:776
[ 3397256ms] [LOG] [Fast Refresh] done in 99ms @ http://localhost:5173/_next/static/chunks/node_modules_next_dist_1e8vcs8._.js:776
[ 3397317ms] [LOG] [Fast Refresh] done in 99ms @ http://localhost:5173/_next/static/chunks/node_modules_next_dist_1e8vcs8._.js:776
[ 3397380ms] [LOG] [Fast Refresh] done in 99ms @ http://localhost:5173/_next/static/chunks/node_modules_next_dist_1e8vcs8._.js:776
[ 3397443ms] [LOG] [Fast Refresh] done in 99ms @ http://localhost:5173/_next/static/chunks/node_modules_next_dist_1e8vcs8._.js:776
[ 3397494ms] [LOG] [Fast Refresh] done in 99ms @ http://localhost:5173/_next/static/chunks/node_modules_next_dist_1e8vcs8._.js:776
[ 3397558ms] [LOG] [Fast Refresh] done in 99ms @ http://localhost:5173/_next/static/chunks/node_modules_next_dist_1e8vcs8._.js:776
[ 3397625ms] [LOG] [Fast Refresh] done in 99ms @ http://localhost:5173/_next/static/chunks/node_modules_next_dist_1e8vcs8._.js:776
[ 3397678ms] [LOG] [Fast Refresh] done in 99ms @ http://localhost:5173/_next/static/chunks/node_modules_next_dist_1e8vcs8._.js:776
[ 3397726ms] [LOG] [Fast Refresh] done in 99ms @ http://localhost:5173/_next/static/chunks/node_modules_next_dist_1e8vcs8._.js:776
[ 3397779ms] [LOG] [Fast Refresh] done in 99ms @ http://localhost:5173/_next/static/chunks/node_modules_next_dist_1e8vcs8._.js:776
[ 3397841ms] [LOG] [Fast Refresh] done in 99ms @ http://localhost:5173/_next/static/chunks/node_modules_next_dist_1e8vcs8._.js:776
[ 3397893ms] [LOG] [Fast Refresh] done in 99ms @ http://localhost:5173/_next/static/chunks/node_modules_next_dist_1e8vcs8._.js:776
[ 3397955ms] [LOG] [Fast Refresh] done in 99ms @ http://localhost:5173/_next/static/chunks/node_modules_next_dist_1e8vcs8._.js:776
[ 3398025ms] [LOG] [Fast Refresh] done in 99ms @ http://localhost:5173/_next/static/chunks/node_modules_next_dist_1e8vcs8._.js:776
[ 3398078ms] [LOG] [Fast Refresh] done in 99ms @ http://localhost:5173/_next/static/chunks/node_modules_next_dist_1e8vcs8._.js:776
[ 3398140ms] [LOG] [Fast Refresh] done in 99ms @ http://localhost:5173/_next/static/chunks/node_modules_next_dist_1e8vcs8._.js:776
[ 3398191ms] [LOG] [Fast Refresh] done in 99ms @ http://localhost:5173/_next/static/chunks/node_modules_next_dist_1e8vcs8._.js:776
[ 3398243ms] [LOG] [Fast Refresh] done in 99ms @ http://localhost:5173/_next/static/chunks/node_modules_next_dist_1e8vcs8._.js:776
[ 3398294ms] [LOG] [Fast Refresh] done in 99ms @ http://localhost:5173/_next/static/chunks/node_modules_next_dist_1e8vcs8._.js:776
[ 3398344ms] [LOG] [Fast Refresh] done in 99ms @ http://localhost:5173/_next/static/chunks/node_modules_next_dist_1e8vcs8._.js:776
[ 3398408ms] [LOG] [Fast Refresh] done in 99ms @ http://localhost:5173/_next/static/chunks/node_modules_next_dist_1e8vcs8._.js:776
[ 3398455ms] [LOG] [Fast Refresh] done in 99ms @ http://localhost:5173/_next/static/chunks/node_modules_next_dist_1e8vcs8._.js:776
[ 3398504ms] [LOG] [Fast Refresh] done in 99ms @ http://localhost:5173/_next/static/chunks/node_modules_next_dist_1e8vcs8._.js:776
[ 3398569ms] [LOG] [Fast Refresh] done in 99ms @ http://localhost:5173/_next/static/chunks/node_modules_next_dist_1e8vcs8._.js:776
[ 3398618ms] [LOG] [Fast Refresh] done in 99ms @ http://localhost:5173/_next/static/chunks/node_modules_next_dist_1e8vcs8._.js:776
[ 3398687ms] [LOG] [Fast Refresh] done in 99ms @ http://localhost:5173/_next/static/chunks/node_modules_next_dist_1e8vcs8._.js:776
[ 3398757ms] [LOG] [Fast Refresh] done in 99ms @ http://localhost:5173/_next/static/chunks/node_modules_next_dist_1e8vcs8._.js:776
[ 3398821ms] [LOG] [Fast Refresh] done in 99ms @ http://localhost:5173/_next/static/chunks/node_modules_next_dist_1e8vcs8._.js:776
[ 3398886ms] [LOG] [Fast Refresh] done in 99ms @ http://localhost:5173/_next/static/chunks/node_modules_next_dist_1e8vcs8._.js:776
[ 3398949ms] [LOG] [Fast Refresh] done in 99ms @ http://localhost:5173/_next/static/chunks/node_modules_next_dist_1e8vcs8._.js:776
[ 3398999ms] [LOG] [Fast Refresh] done in 99ms @ http://localhost:5173/_next/static/chunks/node_modules_next_dist_1e8vcs8._.js:776
[ 3399061ms] [LOG] [Fast Refresh] done in 99ms @ http://localhost:5173/_next/static/chunks/node_modules_next_dist_1e8vcs8._.js:776
[ 3399125ms] [LOG] [Fast Refresh] done in 99ms @ http://localhost:5173/_next/static/chunks/node_modules_next_dist_1e8vcs8._.js:776
[ 3399187ms] [LOG] [Fast Refresh] done in 99ms @ http://localhost:5173/_next/static/chunks/node_modules_next_dist_1e8vcs8._.js:776
[ 3399255ms] [LOG] [Fast Refresh] done in 99ms @ http://localhost:5173/_next/static/chunks/node_modules_next_dist_1e8vcs8._.js:776
[ 3399317ms] [LOG] [Fast Refresh] done in 99ms @ http://localhost:5173/_next/static/chunks/node_modules_next_dist_1e8vcs8._.js:776
[ 3399378ms] [LOG] [Fast Refresh] done in 99ms @ http://localhost:5173/_next/static/chunks/node_modules_next_dist_1e8vcs8._.js:776
[ 3399426ms] [LOG] [Fast Refresh] done in 99ms @ http://localhost:5173/_next/static/chunks/node_modules_next_dist_1e8vcs8._.js:776
[ 3399487ms] [LOG] [Fast Refresh] done in 99ms @ http://localhost:5173/_next/static/chunks/node_modules_next_dist_1e8vcs8._.js:776
[ 3399543ms] [LOG] [Fast Refresh] done in 99ms @ http://localhost:5173/_next/static/chunks/node_modules_next_dist_1e8vcs8._.js:776
[ 3399594ms] [LOG] [Fast Refresh] done in 99ms @ http://localhost:5173/_next/static/chunks/node_modules_next_dist_1e8vcs8._.js:776
[ 3399644ms] [LOG] [Fast Refresh] done in 99ms @ http://localhost:5173/_next/static/chunks/node_modules_next_dist_1e8vcs8._.js:776
[ 3399694ms] [LOG] [Fast Refresh] done in 99ms @ http://localhost:5173/_next/static/chunks/node_modules_next_dist_1e8vcs8._.js:776
[ 3399747ms] [LOG] [Fast Refresh] done in 99ms @ http://localhost:5173/_next/static/chunks/node_modules_next_dist_1e8vcs8._.js:776
[ 3399794ms] [LOG] [Fast Refresh] done in 99ms @ http://localhost:5173/_next/static/chunks/node_modules_next_dist_1e8vcs8._.js:776
[ 3399849ms] [LOG] [Fast Refresh] done in 99ms @ http://localhost:5173/_next/static/chunks/node_modules_next_dist_1e8vcs8._.js:776
[ 3399895ms] [LOG] [Fast Refresh] done in 99ms @ http://localhost:5173/_next/static/chunks/node_modules_next_dist_1e8vcs8._.js:776
[ 3399948ms] [LOG] [Fast Refresh] done in 99ms @ http://localhost:5173/_next/static/chunks/node_modules_next_dist_1e8vcs8._.js:776
[ 3400010ms] [LOG] [Fast Refresh] done in 99ms @ http://localhost:5173/_next/static/chunks/node_modules_next_dist_1e8vcs8._.js:776
[ 3400056ms] [LOG] [Fast Refresh] done in 99ms @ http://localhost:5173/_next/static/chunks/node_modules_next_dist_1e8vcs8._.js:776
[ 3400109ms] [LOG] [Fast Refresh] done in 99ms @ http://localhost:5173/_next/static/chunks/node_modules_next_dist_1e8vcs8._.js:776
[ 3400155ms] [LOG] [Fast Refresh] done in 99ms @ http://localhost:5173/_next/static/chunks/node_modules_next_dist_1e8vcs8._.js:776
[ 3400211ms] [LOG] [Fast Refresh] done in 99ms @ http://localhost:5173/_next/static/chunks/node_modules_next_dist_1e8vcs8._.js:776
[ 3400274ms] [LOG] [Fast Refresh] done in 99ms @ http://localhost:5173/_next/static/chunks/node_modules_next_dist_1e8vcs8._.js:776
[ 3400333ms] [LOG] [Fast Refresh] done in 99ms @ http://localhost:5173/_next/static/chunks/node_modules_next_dist_1e8vcs8._.js:776
[ 3400387ms] [LOG] [Fast Refresh] done in 99ms @ http://localhost:5173/_next/static/chunks/node_modules_next_dist_1e8vcs8._.js:776
[ 3400448ms] [LOG] [Fast Refresh] done in 99ms @ http://localhost:5173/_next/static/chunks/node_modules_next_dist_1e8vcs8._.js:776
[ 3400499ms] [LOG] [Fast Refresh] done in 99ms @ http://localhost:5173/_next/static/chunks/node_modules_next_dist_1e8vcs8._.js:776
[ 3400547ms] [LOG] [Fast Refresh] done in 99ms @ http://localhost:5173/_next/static/chunks/node_modules_next_dist_1e8vcs8._.js:776
[ 3400594ms] [LOG] [Fast Refresh] done in 99ms @ http://localhost:5173/_next/static/chunks/node_modules_next_dist_1e8vcs8._.js:776
[ 3400657ms] [LOG] [Fast Refresh] done in 99ms @ http://localhost:5173/_next/static/chunks/node_modules_next_dist_1e8vcs8._.js:776
[ 3400717ms] [LOG] [Fast Refresh] done in 99ms @ http://localhost:5173/_next/static/chunks/node_modules_next_dist_1e8vcs8._.js:776
[ 3400781ms] [LOG] [Fast Refresh] done in 99ms @ http://localhost:5173/_next/static/chunks/node_modules_next_dist_1e8vcs8._.js:776
[ 3400843ms] [LOG] [Fast Refresh] done in 99ms @ http://localhost:5173/_next/static/chunks/node_modules_next_dist_1e8vcs8._.js:776
[ 3400906ms] [LOG] [Fast Refresh] done in 99ms @ http://localhost:5173/_next/static/chunks/node_modules_next_dist_1e8vcs8._.js:776
[ 3400976ms] [LOG] [Fast Refresh] done in 99ms @ http://localhost:5173/_next/static/chunks/node_modules_next_dist_1e8vcs8._.js:776
[ 3401039ms] [LOG] [Fast Refresh] done in 99ms @ http://localhost:5173/_next/static/chunks/node_modules_next_dist_1e8vcs8._.js:776
[ 3401100ms] [LOG] [Fast Refresh] done in 99ms @ http://localhost:5173/_next/static/chunks/node_modules_next_dist_1e8vcs8._.js:776
[ 3401162ms] [LOG] [Fast Refresh] done in 99ms @ http://localhost:5173/_next/static/chunks/node_modules_next_dist_1e8vcs8._.js:776
[ 3401226ms] [LOG] [Fast Refresh] done in 99ms @ http://localhost:5173/_next/static/chunks/node_modules_next_dist_1e8vcs8._.js:776
[ 3401277ms] [LOG] [Fast Refresh] done in 99ms @ http://localhost:5173/_next/static/chunks/node_modules_next_dist_1e8vcs8._.js:776
[ 3401324ms] [LOG] [Fast Refresh] done in 99ms @ http://localhost:5173/_next/static/chunks/node_modules_next_dist_1e8vcs8._.js:776
[ 3401371ms] [LOG] [Fast Refresh] done in 99ms @ http://localhost:5173/_next/static/chunks/node_modules_next_dist_1e8vcs8._.js:776
[ 3401434ms] [LOG] [Fast Refresh] done in 99ms @ http://localhost:5173/_next/static/chunks/node_modules_next_dist_1e8vcs8._.js:776
[ 3401486ms] [LOG] [Fast Refresh] done in 99ms @ http://localhost:5173/_next/static/chunks/node_modules_next_dist_1e8vcs8._.js:776
[ 3401548ms] [LOG] [Fast Refresh] done in 99ms @ http://localhost:5173/_next/static/chunks/node_modules_next_dist_1e8vcs8._.js:776
[ 3401596ms] [LOG] [Fast Refresh] done in 99ms @ http://localhost:5173/_next/static/chunks/node_modules_next_dist_1e8vcs8._.js:776
[ 3401651ms] [LOG] [Fast Refresh] done in 99ms @ http://localhost:5173/_next/static/chunks/node_modules_next_dist_1e8vcs8._.js:776
[ 3401703ms] [LOG] [Fast Refresh] done in 99ms @ http://localhost:5173/_next/static/chunks/node_modules_next_dist_1e8vcs8._.js:776
[ 3401765ms] [LOG] [Fast Refresh] done in 99ms @ http://localhost:5173/_next/static/chunks/node_modules_next_dist_1e8vcs8._.js:776
[ 3401817ms] [LOG] [Fast Refresh] done in 99ms @ http://localhost:5173/_next/static/chunks/node_modules_next_dist_1e8vcs8._.js:776
[ 3401886ms] [LOG] [Fast Refresh] done in 99ms @ http://localhost:5173/_next/static/chunks/node_modules_next_dist_1e8vcs8._.js:776
[ 3401939ms] [LOG] [Fast Refresh] done in 99ms @ http://localhost:5173/_next/static/chunks/node_modules_next_dist_1e8vcs8._.js:776
[ 3402002ms] [LOG] [Fast Refresh] done in 99ms @ http://localhost:5173/_next/static/chunks/node_modules_next_dist_1e8vcs8._.js:776
[ 3402065ms] [LOG] [Fast Refresh] done in 99ms @ http://localhost:5173/_next/static/chunks/node_modules_next_dist_1e8vcs8._.js:776
[ 3402127ms] [LOG] [Fast Refresh] done in 99ms @ http://localhost:5173/_next/static/chunks/node_modules_next_dist_1e8vcs8._.js:776
[ 3402185ms] [LOG] [Fast Refresh] done in 99ms @ http://localhost:5173/_next/static/chunks/node_modules_next_dist_1e8vcs8._.js:776
[ 3402248ms] [LOG] [Fast Refresh] done in 99ms @ http://localhost:5173/_next/static/chunks/node_modules_next_dist_1e8vcs8._.js:776
[ 3402294ms] [LOG] [Fast Refresh] done in 99ms @ http://localhost:5173/_next/static/chunks/node_modules_next_dist_1e8vcs8._.js:776
[ 3402345ms] [LOG] [Fast Refresh] done in 99ms @ http://localhost:5173/_next/static/chunks/node_modules_next_dist_1e8vcs8._.js:776
[ 3402394ms] [LOG] [Fast Refresh] done in 99ms @ http://localhost:5173/_next/static/chunks/node_modules_next_dist_1e8vcs8._.js:776
[ 3402459ms] [LOG] [Fast Refresh] done in 99ms @ http://localhost:5173/_next/static/chunks/node_modules_next_dist_1e8vcs8._.js:776
[ 3402525ms] [LOG] [Fast Refresh] done in 99ms @ http://localhost:5173/_next/static/chunks/node_modules_next_dist_1e8vcs8._.js:776
[ 3402578ms] [LOG] [Fast Refresh] done in 99ms @ http://localhost:5173/_next/static/chunks/node_modules_next_dist_1e8vcs8._.js:776
[ 3402641ms] [LOG] [Fast Refresh] done in 99ms @ http://localhost:5173/_next/static/chunks/node_modules_next_dist_1e8vcs8._.js:776
[ 3402695ms] [LOG] [Fast Refresh] done in 99ms @ http://localhost:5173/_next/static/chunks/node_modules_next_dist_1e8vcs8._.js:776
[ 3402758ms] [LOG] [Fast Refresh] done in 99ms @ http://localhost:5173/_next/static/chunks/node_modules_next_dist_1e8vcs8._.js:776
[ 3402810ms] [LOG] [Fast Refresh] done in 99ms @ http://localhost:5173/_next/static/chunks/node_modules_next_dist_1e8vcs8._.js:776
[ 3402878ms] [LOG] [Fast Refresh] done in 99ms @ http://localhost:5173/_next/static/chunks/node_modules_next_dist_1e8vcs8._.js:776
[ 3402941ms] [LOG] [Fast Refresh] done in 99ms @ http://localhost:5173/_next/static/chunks/node_modules_next_dist_1e8vcs8._.js:776
[ 3403003ms] [LOG] [Fast Refresh] done in 99ms @ http://localhost:5173/_next/static/chunks/node_modules_next_dist_1e8vcs8._.js:776
[ 3403064ms] [LOG] [Fast Refresh] done in 99ms @ http://localhost:5173/_next/static/chunks/node_modules_next_dist_1e8vcs8._.js:776
[ 3403129ms] [LOG] [Fast Refresh] done in 99ms @ http://localhost:5173/_next/static/chunks/node_modules_next_dist_1e8vcs8._.js:776
[ 3403178ms] [LOG] [Fast Refresh] done in 99ms @ http://localhost:5173/_next/static/chunks/node_modules_next_dist_1e8vcs8._.js:776
[ 3403226ms] [LOG] [Fast Refresh] done in 99ms @ http://localhost:5173/_next/static/chunks/node_modules_next_dist_1e8vcs8._.js:776
[ 3403278ms] [LOG] [Fast Refresh] done in 99ms @ http://localhost:5173/_next/static/chunks/node_modules_next_dist_1e8vcs8._.js:776
[ 3403340ms] [LOG] [Fast Refresh] done in 99ms @ http://localhost:5173/_next/static/chunks/node_modules_next_dist_1e8vcs8._.js:776
[ 3403395ms] [LOG] [Fast Refresh] done in 99ms @ http://localhost:5173/_next/static/chunks/node_modules_next_dist_1e8vcs8._.js:776
[ 3403443ms] [LOG] [Fast Refresh] done in 99ms @ http://localhost:5173/_next/static/chunks/node_modules_next_dist_1e8vcs8._.js:776
[ 3403494ms] [LOG] [Fast Refresh] done in 99ms @ http://localhost:5173/_next/static/chunks/node_modules_next_dist_1e8vcs8._.js:776
[ 3403558ms] [LOG] [Fast Refresh] done in 99ms @ http://localhost:5173/_next/static/chunks/node_modules_next_dist_1e8vcs8._.js:776
[ 3403624ms] [LOG] [Fast Refresh] done in 99ms @ http://localhost:5173/_next/static/chunks/node_modules_next_dist_1e8vcs8._.js:776
[ 3403686ms] [LOG] [Fast Refresh] done in 99ms @ http://localhost:5173/_next/static/chunks/node_modules_next_dist_1e8vcs8._.js:776
[ 3403754ms] [LOG] [Fast Refresh] done in 99ms @ http://localhost:5173/_next/static/chunks/node_modules_next_dist_1e8vcs8._.js:776
[ 3403805ms] [LOG] [Fast Refresh] done in 99ms @ http://localhost:5173/_next/static/chunks/node_modules_next_dist_1e8vcs8._.js:776
[ 3403867ms] [LOG] [Fast Refresh] done in 99ms @ http://localhost:5173/_next/static/chunks/node_modules_next_dist_1e8vcs8._.js:776
[ 3403930ms] [LOG] [Fast Refresh] done in 99ms @ http://localhost:5173/_next/static/chunks/node_modules_next_dist_1e8vcs8._.js:776
[ 3403979ms] [LOG] [Fast Refresh] done in 99ms @ http://localhost:5173/_next/static/chunks/node_modules_next_dist_1e8vcs8._.js:776
[ 3404026ms] [LOG] [Fast Refresh] done in 99ms @ http://localhost:5173/_next/static/chunks/node_modules_next_dist_1e8vcs8._.js:776
[ 3404079ms] [LOG] [Fast Refresh] done in 99ms @ http://localhost:5173/_next/static/chunks/node_modules_next_dist_1e8vcs8._.js:776
[ 3404125ms] [LOG] [Fast Refresh] done in 99ms @ http://localhost:5173/_next/static/chunks/node_modules_next_dist_1e8vcs8._.js:776
[ 3404176ms] [LOG] [Fast Refresh] done in 99ms @ http://localhost:5173/_next/static/chunks/node_modules_next_dist_1e8vcs8._.js:776
[ 3404224ms] [LOG] [Fast Refresh] done in 99ms @ http://localhost:5173/_next/static/chunks/node_modules_next_dist_1e8vcs8._.js:776
[ 3404271ms] [LOG] [Fast Refresh] done in 99ms @ http://localhost:5173/_next/static/chunks/node_modules_next_dist_1e8vcs8._.js:776
[ 3404318ms] [LOG] [Fast Refresh] done in 99ms @ http://localhost:5173/_next/static/chunks/node_modules_next_dist_1e8vcs8._.js:776
[ 3404365ms] [LOG] [Fast Refresh] done in 99ms @ http://localhost:5173/_next/static/chunks/node_modules_next_dist_1e8vcs8._.js:776
[ 3404427ms] [LOG] [Fast Refresh] done in 99ms @ http://localhost:5173/_next/static/chunks/node_modules_next_dist_1e8vcs8._.js:776
[ 3404479ms] [LOG] [Fast Refresh] done in 99ms @ http://localhost:5173/_next/static/chunks/node_modules_next_dist_1e8vcs8._.js:776
[ 3404540ms] [LOG] [Fast Refresh] done in 99ms @ http://localhost:5173/_next/static/chunks/node_modules_next_dist_1e8vcs8._.js:776
[ 3404594ms] [LOG] [Fast Refresh] done in 99ms @ http://localhost:5173/_next/static/chunks/node_modules_next_dist_1e8vcs8._.js:776
[ 3404644ms] [LOG] [Fast Refresh] done in 99ms @ http://localhost:5173/_next/static/chunks/node_modules_next_dist_1e8vcs8._.js:776
[ 3404694ms] [LOG] [Fast Refresh] done in 99ms @ http://localhost:5173/_next/static/chunks/node_modules_next_dist_1e8vcs8._.js:776
[ 3404744ms] [LOG] [Fast Refresh] done in 99ms @ http://localhost:5173/_next/static/chunks/node_modules_next_dist_1e8vcs8._.js:776
[ 3404794ms] [LOG] [Fast Refresh] done in 99ms @ http://localhost:5173/_next/static/chunks/node_modules_next_dist_1e8vcs8._.js:776
[ 3404857ms] [LOG] [Fast Refresh] done in 99ms @ http://localhost:5173/_next/static/chunks/node_modules_next_dist_1e8vcs8._.js:776
[ 3404924ms] [LOG] [Fast Refresh] done in 99ms @ http://localhost:5173/_next/static/chunks/node_modules_next_dist_1e8vcs8._.js:776
[ 3404978ms] [LOG] [Fast Refresh] done in 99ms @ http://localhost:5173/_next/static/chunks/node_modules_next_dist_1e8vcs8._.js:776
[ 3405040ms] [LOG] [Fast Refresh] done in 99ms @ http://localhost:5173/_next/static/chunks/node_modules_next_dist_1e8vcs8._.js:776
[ 3405094ms] [LOG] [Fast Refresh] done in 99ms @ http://localhost:5173/_next/static/chunks/node_modules_next_dist_1e8vcs8._.js:776
[ 3405157ms] [LOG] [Fast Refresh] done in 99ms @ http://localhost:5173/_next/static/chunks/node_modules_next_dist_1e8vcs8._.js:776
[ 3405229ms] [LOG] [Fast Refresh] done in 99ms @ http://localhost:5173/_next/static/chunks/node_modules_next_dist_1e8vcs8._.js:776
[ 3405279ms] [LOG] [Fast Refresh] done in 99ms @ http://localhost:5173/_next/static/chunks/node_modules_next_dist_1e8vcs8._.js:776
[ 3405327ms] [LOG] [Fast Refresh] done in 99ms @ http://localhost:5173/_next/static/chunks/node_modules_next_dist_1e8vcs8._.js:776
[ 3405383ms] [LOG] [Fast Refresh] done in 99ms @ http://localhost:5173/_next/static/chunks/node_modules_next_dist_1e8vcs8._.js:776
[ 3405445ms] [LOG] [Fast Refresh] done in 99ms @ http://localhost:5173/_next/static/chunks/node_modules_next_dist_1e8vcs8._.js:776
[ 3405494ms] [LOG] [Fast Refresh] done in 99ms @ http://localhost:5173/_next/static/chunks/node_modules_next_dist_1e8vcs8._.js:776
[ 3405555ms] [LOG] [Fast Refresh] done in 99ms @ http://localhost:5173/_next/static/chunks/node_modules_next_dist_1e8vcs8._.js:776
[ 3405619ms] [LOG] [Fast Refresh] done in 99ms @ http://localhost:5173/_next/static/chunks/node_modules_next_dist_1e8vcs8._.js:776
[ 3405680ms] [LOG] [Fast Refresh] done in 99ms @ http://localhost:5173/_next/static/chunks/node_modules_next_dist_1e8vcs8._.js:776
[ 3405728ms] [LOG] [Fast Refresh] done in 99ms @ http://localhost:5173/_next/static/chunks/node_modules_next_dist_1e8vcs8._.js:776
[ 3405779ms] [LOG] [Fast Refresh] done in 99ms @ http://localhost:5173/_next/static/chunks/node_modules_next_dist_1e8vcs8._.js:776
[ 3405841ms] [LOG] [Fast Refresh] done in 99ms @ http://localhost:5173/_next/static/chunks/node_modules_next_dist_1e8vcs8._.js:776
[ 3405893ms] [LOG] [Fast Refresh] done in 99ms @ http://localhost:5173/_next/static/chunks/node_modules_next_dist_1e8vcs8._.js:776
[ 3405951ms] [LOG] [Fast Refresh] done in 99ms @ http://localhost:5173/_next/static/chunks/node_modules_next_dist_1e8vcs8._.js:776
[ 3406002ms] [LOG] [Fast Refresh] done in 99ms @ http://localhost:5173/_next/static/chunks/node_modules_next_dist_1e8vcs8._.js:776
[ 3406066ms] [LOG] [Fast Refresh] done in 99ms @ http://localhost:5173/_next/static/chunks/node_modules_next_dist_1e8vcs8._.js:776
[ 3406119ms] [LOG] [Fast Refresh] done in 99ms @ http://localhost:5173/_next/static/chunks/node_modules_next_dist_1e8vcs8._.js:776
[ 3406174ms] [LOG] [Fast Refresh] done in 99ms @ http://localhost:5173/_next/static/chunks/node_modules_next_dist_1e8vcs8._.js:776
[ 3406213ms] [LOG] [Fast Refresh] done in 99ms @ http://localhost:5173/_next/static/chunks/node_modules_next_dist_1e8vcs8._.js:776
[ 3406260ms] [LOG] [Fast Refresh] done in 99ms @ http://localhost:5173/_next/static/chunks/node_modules_next_dist_1e8vcs8._.js:776
[ 3406326ms] [LOG] [Fast Refresh] done in 99ms @ http://localhost:5173/_next/static/chunks/node_modules_next_dist_1e8vcs8._.js:776
[ 3406378ms] [LOG] [Fast Refresh] done in 99ms @ http://localhost:5173/_next/static/chunks/node_modules_next_dist_1e8vcs8._.js:776
[ 3406425ms] [LOG] [Fast Refresh] done in 99ms @ http://localhost:5173/_next/static/chunks/node_modules_next_dist_1e8vcs8._.js:776
[ 3406478ms] [LOG] [Fast Refresh] done in 99ms @ http://localhost:5173/_next/static/chunks/node_modules_next_dist_1e8vcs8._.js:776
[ 3406540ms] [LOG] [Fast Refresh] done in 99ms @ http://localhost:5173/_next/static/chunks/node_modules_next_dist_1e8vcs8._.js:776
[ 3406601ms] [LOG] [Fast Refresh] done in 99ms @ http://localhost:5173/_next/static/chunks/node_modules_next_dist_1e8vcs8._.js:776
[ 3406649ms] [LOG] [Fast Refresh] done in 99ms @ http://localhost:5173/_next/static/chunks/node_modules_next_dist_1e8vcs8._.js:776
[ 3406699ms] [LOG] [Fast Refresh] done in 99ms @ http://localhost:5173/_next/static/chunks/node_modules_next_dist_1e8vcs8._.js:776
[ 3406747ms] [LOG] [Fast Refresh] done in 99ms @ http://localhost:5173/_next/static/chunks/node_modules_next_dist_1e8vcs8._.js:776
[ 3406810ms] [LOG] [Fast Refresh] done in 99ms @ http://localhost:5173/_next/static/chunks/node_modules_next_dist_1e8vcs8._.js:776
[ 3406871ms] [LOG] [Fast Refresh] done in 99ms @ http://localhost:5173/_next/static/chunks/node_modules_next_dist_1e8vcs8._.js:776
[ 3406929ms] [LOG] [Fast Refresh] done in 99ms @ http://localhost:5173/_next/static/chunks/node_modules_next_dist_1e8vcs8._.js:776
[ 3406978ms] [LOG] [Fast Refresh] done in 99ms @ http://localhost:5173/_next/static/chunks/node_modules_next_dist_1e8vcs8._.js:776
[ 3407028ms] [LOG] [Fast Refresh] done in 99ms @ http://localhost:5173/_next/static/chunks/node_modules_next_dist_1e8vcs8._.js:776
[ 3407079ms] [LOG] [Fast Refresh] done in 99ms @ http://localhost:5173/_next/static/chunks/node_modules_next_dist_1e8vcs8._.js:776
[ 3407126ms] [LOG] [Fast Refresh] done in 99ms @ http://localhost:5173/_next/static/chunks/node_modules_next_dist_1e8vcs8._.js:776
[ 3407178ms] [LOG] [Fast Refresh] done in 99ms @ http://localhost:5173/_next/static/chunks/node_modules_next_dist_1e8vcs8._.js:776
[ 3407240ms] [LOG] [Fast Refresh] done in 99ms @ http://localhost:5173/_next/static/chunks/node_modules_next_dist_1e8vcs8._.js:776
[ 3407293ms] [LOG] [Fast Refresh] done in 99ms @ http://localhost:5173/_next/static/chunks/node_modules_next_dist_1e8vcs8._.js:776
[ 3407358ms] [LOG] [Fast Refresh] done in 99ms @ http://localhost:5173/_next/static/chunks/node_modules_next_dist_1e8vcs8._.js:776
[ 3407423ms] [LOG] [Fast Refresh] done in 99ms @ http://localhost:5173/_next/static/chunks/node_modules_next_dist_1e8vcs8._.js:776
[ 3407471ms] [LOG] [Fast Refresh] done in 99ms @ http://localhost:5173/_next/static/chunks/node_modules_next_dist_1e8vcs8._.js:776
[ 3407524ms] [LOG] [Fast Refresh] done in 99ms @ http://localhost:5173/_next/static/chunks/node_modules_next_dist_1e8vcs8._.js:776
[ 3407578ms] [LOG] [Fast Refresh] done in 99ms @ http://localhost:5173/_next/static/chunks/node_modules_next_dist_1e8vcs8._.js:776
[ 3407640ms] [LOG] [Fast Refresh] done in 99ms @ http://localhost:5173/_next/static/chunks/node_modules_next_dist_1e8vcs8._.js:776
[ 3407693ms] [LOG] [Fast Refresh] done in 99ms @ http://localhost:5173/_next/static/chunks/node_modules_next_dist_1e8vcs8._.js:776
[ 3407758ms] [LOG] [Fast Refresh] done in 99ms @ http://localhost:5173/_next/static/chunks/node_modules_next_dist_1e8vcs8._.js:776
[ 3407825ms] [LOG] [Fast Refresh] done in 99ms @ http://localhost:5173/_next/static/chunks/node_modules_next_dist_1e8vcs8._.js:776
[ 3407886ms] [LOG] [Fast Refresh] done in 99ms @ http://localhost:5173/_next/static/chunks/node_modules_next_dist_1e8vcs8._.js:776
[ 3407948ms] [LOG] [Fast Refresh] done in 99ms @ http://localhost:5173/_next/static/chunks/node_modules_next_dist_1e8vcs8._.js:776
[ 3407994ms] [LOG] [Fast Refresh] done in 99ms @ http://localhost:5173/_next/static/chunks/node_modules_next_dist_1e8vcs8._.js:776
[ 3408059ms] [LOG] [Fast Refresh] done in 99ms @ http://localhost:5173/_next/static/chunks/node_modules_next_dist_1e8vcs8._.js:776
[ 3408126ms] [LOG] [Fast Refresh] done in 99ms @ http://localhost:5173/_next/static/chunks/node_modules_next_dist_1e8vcs8._.js:776
[ 3408179ms] [LOG] [Fast Refresh] done in 99ms @ http://localhost:5173/_next/static/chunks/node_modules_next_dist_1e8vcs8._.js:776
[ 3408226ms] [LOG] [Fast Refresh] done in 99ms @ http://localhost:5173/_next/static/chunks/node_modules_next_dist_1e8vcs8._.js:776
[ 3408279ms] [LOG] [Fast Refresh] done in 99ms @ http://localhost:5173/_next/static/chunks/node_modules_next_dist_1e8vcs8._.js:776
[ 3408341ms] [LOG] [Fast Refresh] done in 99ms @ http://localhost:5173/_next/static/chunks/node_modules_next_dist_1e8vcs8._.js:776
[ 3408394ms] [LOG] [Fast Refresh] done in 99ms @ http://localhost:5173/_next/static/chunks/node_modules_next_dist_1e8vcs8._.js:776
[ 3408456ms] [LOG] [Fast Refresh] done in 99ms @ http://localhost:5173/_next/static/chunks/node_modules_next_dist_1e8vcs8._.js:776
[ 3408518ms] [LOG] [Fast Refresh] done in 99ms @ http://localhost:5173/_next/static/chunks/node_modules_next_dist_1e8vcs8._.js:776
[ 3408586ms] [LOG] [Fast Refresh] done in 99ms @ http://localhost:5173/_next/static/chunks/node_modules_next_dist_1e8vcs8._.js:776
[ 3408655ms] [LOG] [Fast Refresh] done in 99ms @ http://localhost:5173/_next/static/chunks/node_modules_next_dist_1e8vcs8._.js:776
[ 3408725ms] [LOG] [Fast Refresh] done in 99ms @ http://localhost:5173/_next/static/chunks/node_modules_next_dist_1e8vcs8._.js:776
[ 3408787ms] [LOG] [Fast Refresh] done in 99ms @ http://localhost:5173/_next/static/chunks/node_modules_next_dist_1e8vcs8._.js:776
[ 3408855ms] [LOG] [Fast Refresh] done in 99ms @ http://localhost:5173/_next/static/chunks/node_modules_next_dist_1e8vcs8._.js:776
[ 3408901ms] [LOG] [Fast Refresh] done in 99ms @ http://localhost:5173/_next/static/chunks/node_modules_next_dist_1e8vcs8._.js:776
[ 3408963ms] [LOG] [Fast Refresh] done in 99ms @ http://localhost:5173/_next/static/chunks/node_modules_next_dist_1e8vcs8._.js:776
[ 3409026ms] [LOG] [Fast Refresh] done in 99ms @ http://localhost:5173/_next/static/chunks/node_modules_next_dist_1e8vcs8._.js:776
[ 3409080ms] [LOG] [Fast Refresh] done in 99ms @ http://localhost:5173/_next/static/chunks/node_modules_next_dist_1e8vcs8._.js:776
[ 3409129ms] [LOG] [Fast Refresh] done in 99ms @ http://localhost:5173/_next/static/chunks/node_modules_next_dist_1e8vcs8._.js:776
[ 3409178ms] [LOG] [Fast Refresh] done in 99ms @ http://localhost:5173/_next/static/chunks/node_modules_next_dist_1e8vcs8._.js:776
[ 3409240ms] [LOG] [Fast Refresh] done in 99ms @ http://localhost:5173/_next/static/chunks/node_modules_next_dist_1e8vcs8._.js:776
[ 3409293ms] [LOG] [Fast Refresh] done in 99ms @ http://localhost:5173/_next/static/chunks/node_modules_next_dist_1e8vcs8._.js:776
[ 3409356ms] [LOG] [Fast Refresh] done in 99ms @ http://localhost:5173/_next/static/chunks/node_modules_next_dist_1e8vcs8._.js:776
[ 3409429ms] [LOG] [Fast Refresh] done in 99ms @ http://localhost:5173/_next/static/chunks/node_modules_next_dist_1e8vcs8._.js:776
[ 3409478ms] [LOG] [Fast Refresh] done in 99ms @ http://localhost:5173/_next/static/chunks/node_modules_next_dist_1e8vcs8._.js:776
[ 3409541ms] [LOG] [Fast Refresh] done in 99ms @ http://localhost:5173/_next/static/chunks/node_modules_next_dist_1e8vcs8._.js:776
[ 3409598ms] [LOG] [Fast Refresh] done in 99ms @ http://localhost:5173/_next/static/chunks/node_modules_next_dist_1e8vcs8._.js:776
[ 3409661ms] [LOG] [Fast Refresh] done in 99ms @ http://localhost:5173/_next/static/chunks/node_modules_next_dist_1e8vcs8._.js:776
[ 3409725ms] [LOG] [Fast Refresh] done in 99ms @ http://localhost:5173/_next/static/chunks/node_modules_next_dist_1e8vcs8._.js:776
[ 3409779ms] [LOG] [Fast Refresh] done in 99ms @ http://localhost:5173/_next/static/chunks/node_modules_next_dist_1e8vcs8._.js:776
[ 3409840ms] [LOG] [Fast Refresh] done in 99ms @ http://localhost:5173/_next/static/chunks/node_modules_next_dist_1e8vcs8._.js:776
[ 3409893ms] [LOG] [Fast Refresh] done in 99ms @ http://localhost:5173/_next/static/chunks/node_modules_next_dist_1e8vcs8._.js:776
[ 3409930ms] [LOG] [Fast Refresh] done in 99ms @ http://localhost:5173/_next/static/chunks/node_modules_next_dist_1e8vcs8._.js:776
[ 3409978ms] [LOG] [Fast Refresh] done in 99ms @ http://localhost:5173/_next/static/chunks/node_modules_next_dist_1e8vcs8._.js:776
[ 3410040ms] [LOG] [Fast Refresh] done in 99ms @ http://localhost:5173/_next/static/chunks/node_modules_next_dist_1e8vcs8._.js:776
[ 3410094ms] [LOG] [Fast Refresh] done in 99ms @ http://localhost:5173/_next/static/chunks/node_modules_next_dist_1e8vcs8._.js:776
[ 3410159ms] [LOG] [Fast Refresh] done in 99ms @ http://localhost:5173/_next/static/chunks/node_modules_next_dist_1e8vcs8._.js:776
[ 3410223ms] [LOG] [Fast Refresh] done in 99ms @ http://localhost:5173/_next/static/chunks/node_modules_next_dist_1e8vcs8._.js:776
[ 3410278ms] [LOG] [Fast Refresh] done in 99ms @ http://localhost:5173/_next/static/chunks/node_modules_next_dist_1e8vcs8._.js:776
[ 3410341ms] [LOG] [Fast Refresh] done in 99ms @ http://localhost:5173/_next/static/chunks/node_modules_next_dist_1e8vcs8._.js:776
[ 3410394ms] [LOG] [Fast Refresh] done in 99ms @ http://localhost:5173/_next/static/chunks/node_modules_next_dist_1e8vcs8._.js:776
[ 3410457ms] [LOG] [Fast Refresh] done in 99ms @ http://localhost:5173/_next/static/chunks/node_modules_next_dist_1e8vcs8._.js:776
[ 3410525ms] [LOG] [Fast Refresh] done in 99ms @ http://localhost:5173/_next/static/chunks/node_modules_next_dist_1e8vcs8._.js:776
[ 3410579ms] [LOG] [Fast Refresh] done in 99ms @ http://localhost:5173/_next/static/chunks/node_modules_next_dist_1e8vcs8._.js:776
[ 3410640ms] [LOG] [Fast Refresh] done in 99ms @ http://localhost:5173/_next/static/chunks/node_modules_next_dist_1e8vcs8._.js:776
[ 3410694ms] [LOG] [Fast Refresh] done in 99ms @ http://localhost:5173/_next/static/chunks/node_modules_next_dist_1e8vcs8._.js:776
[ 3410758ms] [LOG] [Fast Refresh] done in 99ms @ http://localhost:5173/_next/static/chunks/node_modules_next_dist_1e8vcs8._.js:776
[ 3410825ms] [LOG] [Fast Refresh] done in 99ms @ http://localhost:5173/_next/static/chunks/node_modules_next_dist_1e8vcs8._.js:776
[ 3410879ms] [LOG] [Fast Refresh] done in 99ms @ http://localhost:5173/_next/static/chunks/node_modules_next_dist_1e8vcs8._.js:776
[ 3410941ms] [LOG] [Fast Refresh] done in 99ms @ http://localhost:5173/_next/static/chunks/node_modules_next_dist_1e8vcs8._.js:776
[ 3410993ms] [LOG] [Fast Refresh] done in 99ms @ http://localhost:5173/_next/static/chunks/node_modules_next_dist_1e8vcs8._.js:776
[ 3411055ms] [LOG] [Fast Refresh] done in 99ms @ http://localhost:5173/_next/static/chunks/node_modules_next_dist_1e8vcs8._.js:776
[ 3411125ms] [LOG] [Fast Refresh] done in 99ms @ http://localhost:5173/_next/static/chunks/node_modules_next_dist_1e8vcs8._.js:776
[ 3411187ms] [LOG] [Fast Refresh] done in 99ms @ http://localhost:5173/_next/static/chunks/node_modules_next_dist_1e8vcs8._.js:776
[ 3411249ms] [LOG] [Fast Refresh] done in 99ms @ http://localhost:5173/_next/static/chunks/node_modules_next_dist_1e8vcs8._.js:776
[ 3411297ms] [LOG] [Fast Refresh] done in 99ms @ http://localhost:5173/_next/static/chunks/node_modules_next_dist_1e8vcs8._.js:776
[ 3411360ms] [LOG] [Fast Refresh] done in 99ms @ http://localhost:5173/_next/static/chunks/node_modules_next_dist_1e8vcs8._.js:776
[ 3411426ms] [LOG] [Fast Refresh] done in 99ms @ http://localhost:5173/_next/static/chunks/node_modules_next_dist_1e8vcs8._.js:776
[ 3411479ms] [LOG] [Fast Refresh] done in 99ms @ http://localhost:5173/_next/static/chunks/node_modules_next_dist_1e8vcs8._.js:776
[ 3411529ms] [LOG] [Fast Refresh] done in 99ms @ http://localhost:5173/_next/static/chunks/node_modules_next_dist_1e8vcs8._.js:776
[ 3411578ms] [LOG] [Fast Refresh] done in 99ms @ http://localhost:5173/_next/static/chunks/node_modules_next_dist_1e8vcs8._.js:776
[ 3411640ms] [LOG] [Fast Refresh] done in 99ms @ http://localhost:5173/_next/static/chunks/node_modules_next_dist_1e8vcs8._.js:776
[ 3411779ms] [LOG] [Fast Refresh] done in 99ms @ http://localhost:5173/_next/static/chunks/node_modules_next_dist_1e8vcs8._.js:776
[ 3411825ms] [LOG] [Fast Refresh] done in 99ms @ http://localhost:5173/_next/static/chunks/node_modules_next_dist_1e8vcs8._.js:776
[ 3411879ms] [LOG] [Fast Refresh] done in 99ms @ http://localhost:5173/_next/static/chunks/node_modules_next_dist_1e8vcs8._.js:776
[ 3411940ms] [LOG] [Fast Refresh] done in 99ms @ http://localhost:5173/_next/static/chunks/node_modules_next_dist_1e8vcs8._.js:776
[ 3411994ms] [LOG] [Fast Refresh] done in 99ms @ http://localhost:5173/_next/static/chunks/node_modules_next_dist_1e8vcs8._.js:776
[ 3412055ms] [LOG] [Fast Refresh] done in 99ms @ http://localhost:5173/_next/static/chunks/node_modules_next_dist_1e8vcs8._.js:776
[ 3412119ms] [LOG] [Fast Refresh] done in 99ms @ http://localhost:5173/_next/static/chunks/node_modules_next_dist_1e8vcs8._.js:776
[ 3412176ms] [LOG] [Fast Refresh] done in 99ms @ http://localhost:5173/_next/static/chunks/node_modules_next_dist_1e8vcs8._.js:776
[ 3412239ms] [LOG] [Fast Refresh] done in 99ms @ http://localhost:5173/_next/static/chunks/node_modules_next_dist_1e8vcs8._.js:776
[ 3412292ms] [LOG] [Fast Refresh] done in 99ms @ http://localhost:5173/_next/static/chunks/node_modules_next_dist_1e8vcs8._.js:776
[ 3412340ms] [LOG] [Fast Refresh] done in 99ms @ http://localhost:5173/_next/static/chunks/node_modules_next_dist_1e8vcs8._.js:776
[ 3412402ms] [LOG] [Fast Refresh] done in 99ms @ http://localhost:5173/_next/static/chunks/node_modules_next_dist_1e8vcs8._.js:776
[ 3412449ms] [LOG] [Fast Refresh] done in 99ms @ http://localhost:5173/_next/static/chunks/node_modules_next_dist_1e8vcs8._.js:776
[ 3412510ms] [LOG] [Fast Refresh] done in 99ms @ http://localhost:5173/_next/static/chunks/node_modules_next_dist_1e8vcs8._.js:776
[ 3412579ms] [LOG] [Fast Refresh] done in 99ms @ http://localhost:5173/_next/static/chunks/node_modules_next_dist_1e8vcs8._.js:776
[ 3412639ms] [LOG] [Fast Refresh] done in 99ms @ http://localhost:5173/_next/static/chunks/node_modules_next_dist_1e8vcs8._.js:776
[ 3412693ms] [LOG] [Fast Refresh] done in 99ms @ http://localhost:5173/_next/static/chunks/node_modules_next_dist_1e8vcs8._.js:776
[ 3412739ms] [LOG] [Fast Refresh] done in 99ms @ http://localhost:5173/_next/static/chunks/node_modules_next_dist_1e8vcs8._.js:776
[ 3412794ms] [LOG] [Fast Refresh] done in 99ms @ http://localhost:5173/_next/static/chunks/node_modules_next_dist_1e8vcs8._.js:776
[ 3412847ms] [LOG] [Fast Refresh] done in 99ms @ http://localhost:5173/_next/static/chunks/node_modules_next_dist_1e8vcs8._.js:776
[ 3412894ms] [LOG] [Fast Refresh] done in 99ms @ http://localhost:5173/_next/static/chunks/node_modules_next_dist_1e8vcs8._.js:776
[ 3412956ms] [LOG] [Fast Refresh] done in 99ms @ http://localhost:5173/_next/static/chunks/node_modules_next_dist_1e8vcs8._.js:776
[ 3413025ms] [LOG] [Fast Refresh] done in 99ms @ http://localhost:5173/_next/static/chunks/node_modules_next_dist_1e8vcs8._.js:776
[ 3413079ms] [LOG] [Fast Refresh] done in 99ms @ http://localhost:5173/_next/static/chunks/node_modules_next_dist_1e8vcs8._.js:776
[ 3413126ms] [LOG] [Fast Refresh] done in 99ms @ http://localhost:5173/_next/static/chunks/node_modules_next_dist_1e8vcs8._.js:776
[ 3413178ms] [LOG] [Fast Refresh] done in 99ms @ http://localhost:5173/_next/static/chunks/node_modules_next_dist_1e8vcs8._.js:776
[ 3413240ms] [LOG] [Fast Refresh] done in 99ms @ http://localhost:5173/_next/static/chunks/node_modules_next_dist_1e8vcs8._.js:776
[ 3413294ms] [LOG] [Fast Refresh] done in 99ms @ http://localhost:5173/_next/static/chunks/node_modules_next_dist_1e8vcs8._.js:776
[ 3413355ms] [LOG] [Fast Refresh] done in 99ms @ http://localhost:5173/_next/static/chunks/node_modules_next_dist_1e8vcs8._.js:776
[ 3413416ms] [LOG] [Fast Refresh] done in 99ms @ http://localhost:5173/_next/static/chunks/node_modules_next_dist_1e8vcs8._.js:776
[ 3413463ms] [LOG] [Fast Refresh] done in 99ms @ http://localhost:5173/_next/static/chunks/node_modules_next_dist_1e8vcs8._.js:776
[ 3413525ms] [LOG] [Fast Refresh] done in 99ms @ http://localhost:5173/_next/static/chunks/node_modules_next_dist_1e8vcs8._.js:776
[ 3413579ms] [LOG] [Fast Refresh] done in 99ms @ http://localhost:5173/_next/static/chunks/node_modules_next_dist_1e8vcs8._.js:776
[ 3413628ms] [LOG] [Fast Refresh] done in 99ms @ http://localhost:5173/_next/static/chunks/node_modules_next_dist_1e8vcs8._.js:776
[ 3413678ms] [LOG] [Fast Refresh] done in 99ms @ http://localhost:5173/_next/static/chunks/node_modules_next_dist_1e8vcs8._.js:776
[ 3413725ms] [LOG] [Fast Refresh] done in 99ms @ http://localhost:5173/_next/static/chunks/node_modules_next_dist_1e8vcs8._.js:776
[ 3413778ms] [LOG] [Fast Refresh] done in 99ms @ http://localhost:5173/_next/static/chunks/node_modules_next_dist_1e8vcs8._.js:776
[ 3413841ms] [LOG] [Fast Refresh] done in 99ms @ http://localhost:5173/_next/static/chunks/node_modules_next_dist_1e8vcs8._.js:776
[ 3413894ms] [LOG] [Fast Refresh] done in 99ms @ http://localhost:5173/_next/static/chunks/node_modules_next_dist_1e8vcs8._.js:776
[ 3413955ms] [LOG] [Fast Refresh] done in 99ms @ http://localhost:5173/_next/static/chunks/node_modules_next_dist_1e8vcs8._.js:776
[ 3414018ms] [LOG] [Fast Refresh] done in 99ms @ http://localhost:5173/_next/static/chunks/node_modules_next_dist_1e8vcs8._.js:776
[ 3414086ms] [LOG] [Fast Refresh] done in 99ms @ http://localhost:5173/_next/static/chunks/node_modules_next_dist_1e8vcs8._.js:776
[ 3414133ms] [LOG] [Fast Refresh] done in 99ms @ http://localhost:5173/_next/static/chunks/node_modules_next_dist_1e8vcs8._.js:776
[ 3414195ms] [LOG] [Fast Refresh] done in 99ms @ http://localhost:5173/_next/static/chunks/node_modules_next_dist_1e8vcs8._.js:776
[ 3414244ms] [LOG] [Fast Refresh] done in 99ms @ http://localhost:5173/_next/static/chunks/node_modules_next_dist_1e8vcs8._.js:776
[ 3414293ms] [LOG] [Fast Refresh] done in 99ms @ http://localhost:5173/_next/static/chunks/node_modules_next_dist_1e8vcs8._.js:776
[ 3414354ms] [LOG] [Fast Refresh] done in 99ms @ http://localhost:5173/_next/static/chunks/node_modules_next_dist_1e8vcs8._.js:776
[ 3414418ms] [LOG] [Fast Refresh] done in 99ms @ http://localhost:5173/_next/static/chunks/node_modules_next_dist_1e8vcs8._.js:776
[ 3414465ms] [LOG] [Fast Refresh] done in 99ms @ http://localhost:5173/_next/static/chunks/node_modules_next_dist_1e8vcs8._.js:776
[ 3414533ms] [LOG] [Fast Refresh] done in 99ms @ http://localhost:5173/_next/static/chunks/node_modules_next_dist_1e8vcs8._.js:776
[ 3414595ms] [LOG] [Fast Refresh] done in 99ms @ http://localhost:5173/_next/static/chunks/node_modules_next_dist_1e8vcs8._.js:776
[ 3414658ms] [LOG] [Fast Refresh] done in 99ms @ http://localhost:5173/_next/static/chunks/node_modules_next_dist_1e8vcs8._.js:776
[ 3414710ms] [LOG] [Fast Refresh] done in 99ms @ http://localhost:5173/_next/static/chunks/node_modules_next_dist_1e8vcs8._.js:776
[ 3414770ms] [LOG] [Fast Refresh] done in 99ms @ http://localhost:5173/_next/static/chunks/node_modules_next_dist_1e8vcs8._.js:776
[ 3414816ms] [LOG] [Fast Refresh] done in 99ms @ http://localhost:5173/_next/static/chunks/node_modules_next_dist_1e8vcs8._.js:776
[ 3414885ms] [LOG] [Fast Refresh] done in 99ms @ http://localhost:5173/_next/static/chunks/node_modules_next_dist_1e8vcs8._.js:776
[ 3414947ms] [LOG] [Fast Refresh] done in 99ms @ http://localhost:5173/_next/static/chunks/node_modules_next_dist_1e8vcs8._.js:776
[ 3415010ms] [LOG] [Fast Refresh] done in 99ms @ http://localhost:5173/_next/static/chunks/node_modules_next_dist_1e8vcs8._.js:776
[ 3415078ms] [LOG] [Fast Refresh] done in 99ms @ http://localhost:5173/_next/static/chunks/node_modules_next_dist_1e8vcs8._.js:776
[ 3415143ms] [LOG] [Fast Refresh] done in 99ms @ http://localhost:5173/_next/static/chunks/node_modules_next_dist_1e8vcs8._.js:776
[ 3415194ms] [LOG] [Fast Refresh] done in 99ms @ http://localhost:5173/_next/static/chunks/node_modules_next_dist_1e8vcs8._.js:776
[ 3415257ms] [LOG] [Fast Refresh] done in 99ms @ http://localhost:5173/_next/static/chunks/node_modules_next_dist_1e8vcs8._.js:776
[ 3415325ms] [LOG] [Fast Refresh] done in 99ms @ http://localhost:5173/_next/static/chunks/node_modules_next_dist_1e8vcs8._.js:776
[ 3415379ms] [LOG] [Fast Refresh] done in 99ms @ http://localhost:5173/_next/static/chunks/node_modules_next_dist_1e8vcs8._.js:776
[ 3415440ms] [LOG] [Fast Refresh] done in 99ms @ http://localhost:5173/_next/static/chunks/node_modules_next_dist_1e8vcs8._.js:776
[ 3415502ms] [LOG] [Fast Refresh] done in 99ms @ http://localhost:5173/_next/static/chunks/node_modules_next_dist_1e8vcs8._.js:776
[ 3415551ms] [LOG] [Fast Refresh] done in 99ms @ http://localhost:5173/_next/static/chunks/node_modules_next_dist_1e8vcs8._.js:776
[ 3415601ms] [LOG] [Fast Refresh] done in 99ms @ http://localhost:5173/_next/static/chunks/node_modules_next_dist_1e8vcs8._.js:776
[ 3415664ms] [LOG] [Fast Refresh] done in 99ms @ http://localhost:5173/_next/static/chunks/node_modules_next_dist_1e8vcs8._.js:776
[ 3415726ms] [LOG] [Fast Refresh] done in 99ms @ http://localhost:5173/_next/static/chunks/node_modules_next_dist_1e8vcs8._.js:776
[ 3415779ms] [LOG] [Fast Refresh] done in 99ms @ http://localhost:5173/_next/static/chunks/node_modules_next_dist_1e8vcs8._.js:776
[ 3415840ms] [LOG] [Fast Refresh] done in 99ms @ http://localhost:5173/_next/static/chunks/node_modules_next_dist_1e8vcs8._.js:776
[ 3415894ms] [LOG] [Fast Refresh] done in 99ms @ http://localhost:5173/_next/static/chunks/node_modules_next_dist_1e8vcs8._.js:776
[ 3415956ms] [LOG] [Fast Refresh] done in 99ms @ http://localhost:5173/_next/static/chunks/node_modules_next_dist_1e8vcs8._.js:776
[ 3416004ms] [LOG] [Fast Refresh] done in 99ms @ http://localhost:5173/_next/static/chunks/node_modules_next_dist_1e8vcs8._.js:776
[ 3416066ms] [LOG] [Fast Refresh] done in 99ms @ http://localhost:5173/_next/static/chunks/node_modules_next_dist_1e8vcs8._.js:776
[ 3416133ms] [LOG] [Fast Refresh] done in 99ms @ http://localhost:5173/_next/static/chunks/node_modules_next_dist_1e8vcs8._.js:776
[ 3416192ms] [LOG] [Fast Refresh] done in 99ms @ http://localhost:5173/_next/static/chunks/node_modules_next_dist_1e8vcs8._.js:776
[ 3416254ms] [LOG] [Fast Refresh] done in 99ms @ http://localhost:5173/_next/static/chunks/node_modules_next_dist_1e8vcs8._.js:776
[ 3416302ms] [LOG] [Fast Refresh] done in 99ms @ http://localhost:5173/_next/static/chunks/node_modules_next_dist_1e8vcs8._.js:776
[ 3416359ms] [LOG] [Fast Refresh] done in 99ms @ http://localhost:5173/_next/static/chunks/node_modules_next_dist_1e8vcs8._.js:776
[ 3416427ms] [LOG] [Fast Refresh] done in 99ms @ http://localhost:5173/_next/static/chunks/node_modules_next_dist_1e8vcs8._.js:776
[ 3416479ms] [LOG] [Fast Refresh] done in 99ms @ http://localhost:5173/_next/static/chunks/node_modules_next_dist_1e8vcs8._.js:776
[ 3416526ms] [LOG] [Fast Refresh] done in 99ms @ http://localhost:5173/_next/static/chunks/node_modules_next_dist_1e8vcs8._.js:776
[ 3416579ms] [LOG] [Fast Refresh] done in 99ms @ http://localhost:5173/_next/static/chunks/node_modules_next_dist_1e8vcs8._.js:776
[ 3416640ms] [LOG] [Fast Refresh] done in 99ms @ http://localhost:5173/_next/static/chunks/node_modules_next_dist_1e8vcs8._.js:776
[ 3416694ms] [LOG] [Fast Refresh] done in 99ms @ http://localhost:5173/_next/static/chunks/node_modules_next_dist_1e8vcs8._.js:776
[ 3416756ms] [LOG] [Fast Refresh] done in 99ms @ http://localhost:5173/_next/static/chunks/node_modules_next_dist_1e8vcs8._.js:776
[ 3416816ms] [LOG] [Fast Refresh] done in 99ms @ http://localhost:5173/_next/static/chunks/node_modules_next_dist_1e8vcs8._.js:776
[ 3416864ms] [LOG] [Fast Refresh] done in 99ms @ http://localhost:5173/_next/static/chunks/node_modules_next_dist_1e8vcs8._.js:776
[ 3416925ms] [LOG] [Fast Refresh] done in 99ms @ http://localhost:5173/_next/static/chunks/node_modules_next_dist_1e8vcs8._.js:776
[ 3416986ms] [LOG] [Fast Refresh] done in 99ms @ http://localhost:5173/_next/static/chunks/node_modules_next_dist_1e8vcs8._.js:776
[ 3417048ms] [LOG] [Fast Refresh] done in 99ms @ http://localhost:5173/_next/static/chunks/node_modules_next_dist_1e8vcs8._.js:776
[ 3417095ms] [LOG] [Fast Refresh] done in 99ms @ http://localhost:5173/_next/static/chunks/node_modules_next_dist_1e8vcs8._.js:776
[ 3417158ms] [LOG] [Fast Refresh] done in 99ms @ http://localhost:5173/_next/static/chunks/node_modules_next_dist_1e8vcs8._.js:776
[ 3417227ms] [LOG] [Fast Refresh] done in 99ms @ http://localhost:5173/_next/static/chunks/node_modules_next_dist_1e8vcs8._.js:776
[ 3417268ms] [LOG] [Fast Refresh] done in 99ms @ http://localhost:5173/_next/static/chunks/node_modules_next_dist_1e8vcs8._.js:776
[ 3417332ms] [LOG] [Fast Refresh] done in 99ms @ http://localhost:5173/_next/static/chunks/node_modules_next_dist_1e8vcs8._.js:776
[ 3417375ms] [LOG] [Fast Refresh] done in 99ms @ http://localhost:5173/_next/static/chunks/node_modules_next_dist_1e8vcs8._.js:776
[ 3417428ms] [LOG] [Fast Refresh] done in 99ms @ http://localhost:5173/_next/static/chunks/node_modules_next_dist_1e8vcs8._.js:776
[ 3417479ms] [LOG] [Fast Refresh] done in 99ms @ http://localhost:5173/_next/static/chunks/node_modules_next_dist_1e8vcs8._.js:776
[ 3417540ms] [LOG] [Fast Refresh] done in 99ms @ http://localhost:5173/_next/static/chunks/node_modules_next_dist_1e8vcs8._.js:776
[ 3417594ms] [LOG] [Fast Refresh] done in 99ms @ http://localhost:5173/_next/static/chunks/node_modules_next_dist_1e8vcs8._.js:776
[ 3417657ms] [LOG] [Fast Refresh] done in 99ms @ http://localhost:5173/_next/static/chunks/node_modules_next_dist_1e8vcs8._.js:776
[ 3417725ms] [LOG] [Fast Refresh] done in 99ms @ http://localhost:5173/_next/static/chunks/node_modules_next_dist_1e8vcs8._.js:776
[ 3417779ms] [LOG] [Fast Refresh] done in 99ms @ http://localhost:5173/_next/static/chunks/node_modules_next_dist_1e8vcs8._.js:776
[ 3417841ms] [LOG] [Fast Refresh] done in 99ms @ http://localhost:5173/_next/static/chunks/node_modules_next_dist_1e8vcs8._.js:776
[ 3417894ms] [LOG] [Fast Refresh] done in 99ms @ http://localhost:5173/_next/static/chunks/node_modules_next_dist_1e8vcs8._.js:776
[ 3417956ms] [LOG] [Fast Refresh] done in 99ms @ http://localhost:5173/_next/static/chunks/node_modules_next_dist_1e8vcs8._.js:776
[ 3418019ms] [LOG] [Fast Refresh] done in 99ms @ http://localhost:5173/_next/static/chunks/node_modules_next_dist_1e8vcs8._.js:776
[ 3418073ms] [LOG] [Fast Refresh] done in 99ms @ http://localhost:5173/_next/static/chunks/node_modules_next_dist_1e8vcs8._.js:776
[ 3418133ms] [LOG] [Fast Refresh] done in 99ms @ http://localhost:5173/_next/static/chunks/node_modules_next_dist_1e8vcs8._.js:776
[ 3418191ms] [LOG] [Fast Refresh] done in 99ms @ http://localhost:5173/_next/static/chunks/node_modules_next_dist_1e8vcs8._.js:776
[ 3418244ms] [LOG] [Fast Refresh] done in 99ms @ http://localhost:5173/_next/static/chunks/node_modules_next_dist_1e8vcs8._.js:776
[ 3418294ms] [LOG] [Fast Refresh] done in 99ms @ http://localhost:5173/_next/static/chunks/node_modules_next_dist_1e8vcs8._.js:776
[ 3418356ms] [LOG] [Fast Refresh] done in 99ms @ http://localhost:5173/_next/static/chunks/node_modules_next_dist_1e8vcs8._.js:776
[ 3418425ms] [LOG] [Fast Refresh] done in 99ms @ http://localhost:5173/_next/static/chunks/node_modules_next_dist_1e8vcs8._.js:776
[ 3418474ms] [LOG] [Fast Refresh] done in 99ms @ http://localhost:5173/_next/static/chunks/node_modules_next_dist_1e8vcs8._.js:776
[ 3418523ms] [LOG] [Fast Refresh] done in 99ms @ http://localhost:5173/_next/static/chunks/node_modules_next_dist_1e8vcs8._.js:776
[ 3418586ms] [LOG] [Fast Refresh] done in 99ms @ http://localhost:5173/_next/static/chunks/node_modules_next_dist_1e8vcs8._.js:776
[ 3418633ms] [LOG] [Fast Refresh] done in 99ms @ http://localhost:5173/_next/static/chunks/node_modules_next_dist_1e8vcs8._.js:776
[ 3418686ms] [LOG] [Fast Refresh] done in 99ms @ http://localhost:5173/_next/static/chunks/node_modules_next_dist_1e8vcs8._.js:776
[ 3418749ms] [LOG] [Fast Refresh] done in 99ms @ http://localhost:5173/_next/static/chunks/node_modules_next_dist_1e8vcs8._.js:776
[ 3418802ms] [LOG] [Fast Refresh] done in 99ms @ http://localhost:5173/_next/static/chunks/node_modules_next_dist_1e8vcs8._.js:776
[ 3418861ms] [LOG] [Fast Refresh] done in 99ms @ http://localhost:5173/_next/static/chunks/node_modules_next_dist_1e8vcs8._.js:776
[ 3418910ms] [LOG] [Fast Refresh] done in 99ms @ http://localhost:5173/_next/static/chunks/node_modules_next_dist_1e8vcs8._.js:776
[ 3418978ms] [LOG] [Fast Refresh] done in 99ms @ http://localhost:5173/_next/static/chunks/node_modules_next_dist_1e8vcs8._.js:776
[ 3419040ms] [LOG] [Fast Refresh] done in 99ms @ http://localhost:5173/_next/static/chunks/node_modules_next_dist_1e8vcs8._.js:776
[ 3419094ms] [LOG] [Fast Refresh] done in 99ms @ http://localhost:5173/_next/static/chunks/node_modules_next_dist_1e8vcs8._.js:776
[ 3419155ms] [LOG] [Fast Refresh] done in 99ms @ http://localhost:5173/_next/static/chunks/node_modules_next_dist_1e8vcs8._.js:776
[ 3419225ms] [LOG] [Fast Refresh] done in 99ms @ http://localhost:5173/_next/static/chunks/node_modules_next_dist_1e8vcs8._.js:776
[ 3419279ms] [LOG] [Fast Refresh] done in 99ms @ http://localhost:5173/_next/static/chunks/node_modules_next_dist_1e8vcs8._.js:776
[ 3419341ms] [LOG] [Fast Refresh] done in 99ms @ http://localhost:5173/_next/static/chunks/node_modules_next_dist_1e8vcs8._.js:776
[ 3419393ms] [LOG] [Fast Refresh] done in 99ms @ http://localhost:5173/_next/static/chunks/node_modules_next_dist_1e8vcs8._.js:776
[ 3419455ms] [LOG] [Fast Refresh] done in 99ms @ http://localhost:5173/_next/static/chunks/node_modules_next_dist_1e8vcs8._.js:776
[ 3419525ms] [LOG] [Fast Refresh] done in 99ms @ http://localhost:5173/_next/static/chunks/node_modules_next_dist_1e8vcs8._.js:776
[ 3419578ms] [LOG] [Fast Refresh] done in 99ms @ http://localhost:5173/_next/static/chunks/node_modules_next_dist_1e8vcs8._.js:776
[ 3419642ms] [LOG] [Fast Refresh] done in 99ms @ http://localhost:5173/_next/static/chunks/node_modules_next_dist_1e8vcs8._.js:776
[ 3419704ms] [LOG] [Fast Refresh] done in 99ms @ http://localhost:5173/_next/static/chunks/node_modules_next_dist_1e8vcs8._.js:776
[ 3419752ms] [LOG] [Fast Refresh] done in 99ms @ http://localhost:5173/_next/static/chunks/node_modules_next_dist_1e8vcs8._.js:776
[ 3419802ms] [LOG] [Fast Refresh] done in 99ms @ http://localhost:5173/_next/static/chunks/node_modules_next_dist_1e8vcs8._.js:776
[ 3419861ms] [LOG] [Fast Refresh] done in 99ms @ http://localhost:5173/_next/static/chunks/node_modules_next_dist_1e8vcs8._.js:776
[ 3419925ms] [LOG] [Fast Refresh] done in 99ms @ http://localhost:5173/_next/static/chunks/node_modules_next_dist_1e8vcs8._.js:776
[ 3419979ms] [LOG] [Fast Refresh] done in 99ms @ http://localhost:5173/_next/static/chunks/node_modules_next_dist_1e8vcs8._.js:776
[ 3420041ms] [LOG] [Fast Refresh] done in 99ms @ http://localhost:5173/_next/static/chunks/node_modules_next_dist_1e8vcs8._.js:776
[ 3420094ms] [LOG] [Fast Refresh] done in 99ms @ http://localhost:5173/_next/static/chunks/node_modules_next_dist_1e8vcs8._.js:776
[ 3420156ms] [LOG] [Fast Refresh] done in 99ms @ http://localhost:5173/_next/static/chunks/node_modules_next_dist_1e8vcs8._.js:776
[ 3420209ms] [LOG] [Fast Refresh] done in 99ms @ http://localhost:5173/_next/static/chunks/node_modules_next_dist_1e8vcs8._.js:776
[ 3420270ms] [LOG] [Fast Refresh] done in 99ms @ http://localhost:5173/_next/static/chunks/node_modules_next_dist_1e8vcs8._.js:776
[ 3420318ms] [LOG] [Fast Refresh] done in 99ms @ http://localhost:5173/_next/static/chunks/node_modules_next_dist_1e8vcs8._.js:776
[ 3420386ms] [LOG] [Fast Refresh] done in 99ms @ http://localhost:5173/_next/static/chunks/node_modules_next_dist_1e8vcs8._.js:776
[ 3420448ms] [LOG] [Fast Refresh] done in 99ms @ http://localhost:5173/_next/static/chunks/node_modules_next_dist_1e8vcs8._.js:776
[ 3420500ms] [LOG] [Fast Refresh] done in 99ms @ http://localhost:5173/_next/static/chunks/node_modules_next_dist_1e8vcs8._.js:776
[ 3420552ms] [LOG] [Fast Refresh] done in 99ms @ http://localhost:5173/_next/static/chunks/node_modules_next_dist_1e8vcs8._.js:776
[ 3420601ms] [LOG] [Fast Refresh] done in 99ms @ http://localhost:5173/_next/static/chunks/node_modules_next_dist_1e8vcs8._.js:776
[ 3420665ms] [LOG] [Fast Refresh] done in 99ms @ http://localhost:5173/_next/static/chunks/node_modules_next_dist_1e8vcs8._.js:776
[ 3420724ms] [LOG] [Fast Refresh] done in 99ms @ http://localhost:5173/_next/static/chunks/node_modules_next_dist_1e8vcs8._.js:776
[ 3420778ms] [LOG] [Fast Refresh] done in 99ms @ http://localhost:5173/_next/static/chunks/node_modules_next_dist_1e8vcs8._.js:776
[ 3420841ms] [LOG] [Fast Refresh] done in 99ms @ http://localhost:5173/_next/static/chunks/node_modules_next_dist_1e8vcs8._.js:776
[ 3420895ms] [LOG] [Fast Refresh] done in 99ms @ http://localhost:5173/_next/static/chunks/node_modules_next_dist_1e8vcs8._.js:776
[ 3420957ms] [LOG] [Fast Refresh] done in 99ms @ http://localhost:5173/_next/static/chunks/node_modules_next_dist_1e8vcs8._.js:776
[ 3421025ms] [LOG] [Fast Refresh] done in 99ms @ http://localhost:5173/_next/static/chunks/node_modules_next_dist_1e8vcs8._.js:776
[ 3421078ms] [LOG] [Fast Refresh] done in 99ms @ http://localhost:5173/_next/static/chunks/node_modules_next_dist_1e8vcs8._.js:776
[ 3421126ms] [LOG] [Fast Refresh] done in 99ms @ http://localhost:5173/_next/static/chunks/node_modules_next_dist_1e8vcs8._.js:776
[ 3421179ms] [LOG] [Fast Refresh] done in 99ms @ http://localhost:5173/_next/static/chunks/node_modules_next_dist_1e8vcs8._.js:776
[ 3421240ms] [LOG] [Fast Refresh] done in 99ms @ http://localhost:5173/_next/static/chunks/node_modules_next_dist_1e8vcs8._.js:776
[ 3421288ms] [LOG] [Fast Refresh] done in 99ms @ http://localhost:5173/_next/static/chunks/node_modules_next_dist_1e8vcs8._.js:776
[ 3421359ms] [LOG] [Fast Refresh] done in 99ms @ http://localhost:5173/_next/static/chunks/node_modules_next_dist_1e8vcs8._.js:776
[ 3421425ms] [LOG] [Fast Refresh] done in 99ms @ http://localhost:5173/_next/static/chunks/node_modules_next_dist_1e8vcs8._.js:776
[ 3421478ms] [LOG] [Fast Refresh] done in 99ms @ http://localhost:5173/_next/static/chunks/node_modules_next_dist_1e8vcs8._.js:776
[ 3421527ms] [LOG] [Fast Refresh] done in 99ms @ http://localhost:5173/_next/static/chunks/node_modules_next_dist_1e8vcs8._.js:776
[ 3421578ms] [LOG] [Fast Refresh] done in 99ms @ http://localhost:5173/_next/static/chunks/node_modules_next_dist_1e8vcs8._.js:776
[ 3421640ms] [LOG] [Fast Refresh] done in 99ms @ http://localhost:5173/_next/static/chunks/node_modules_next_dist_1e8vcs8._.js:776
[ 3421701ms] [LOG] [Fast Refresh] done in 99ms @ http://localhost:5173/_next/static/chunks/node_modules_next_dist_1e8vcs8._.js:776
[ 3421762ms] [LOG] [Fast Refresh] done in 99ms @ http://localhost:5173/_next/static/chunks/node_modules_next_dist_1e8vcs8._.js:776
[ 3421818ms] [LOG] [Fast Refresh] done in 99ms @ http://localhost:5173/_next/static/chunks/node_modules_next_dist_1e8vcs8._.js:776
[ 3421886ms] [LOG] [Fast Refresh] done in 99ms @ http://localhost:5173/_next/static/chunks/node_modules_next_dist_1e8vcs8._.js:776
[ 3421949ms] [LOG] [Fast Refresh] done in 99ms @ http://localhost:5173/_next/static/chunks/node_modules_next_dist_1e8vcs8._.js:776
[ 3421996ms] [LOG] [Fast Refresh] done in 99ms @ http://localhost:5173/_next/static/chunks/node_modules_next_dist_1e8vcs8._.js:776
[ 3422044ms] [LOG] [Fast Refresh] done in 99ms @ http://localhost:5173/_next/static/chunks/node_modules_next_dist_1e8vcs8._.js:776
[ 3422094ms] [LOG] [Fast Refresh] done in 99ms @ http://localhost:5173/_next/static/chunks/node_modules_next_dist_1e8vcs8._.js:776
[ 3422155ms] [LOG] [Fast Refresh] done in 99ms @ http://localhost:5173/_next/static/chunks/node_modules_next_dist_1e8vcs8._.js:776
[ 3422214ms] [LOG] [Fast Refresh] done in 99ms @ http://localhost:5173/_next/static/chunks/node_modules_next_dist_1e8vcs8._.js:776
[ 3422260ms] [LOG] [Fast Refresh] done in 99ms @ http://localhost:5173/_next/static/chunks/node_modules_next_dist_1e8vcs8._.js:776
[ 3422324ms] [LOG] [Fast Refresh] done in 99ms @ http://localhost:5173/_next/static/chunks/node_modules_next_dist_1e8vcs8._.js:776
[ 3422372ms] [LOG] [Fast Refresh] done in 99ms @ http://localhost:5173/_next/static/chunks/node_modules_next_dist_1e8vcs8._.js:776
[ 3422423ms] [LOG] [Fast Refresh] done in 99ms @ http://localhost:5173/_next/static/chunks/node_modules_next_dist_1e8vcs8._.js:776
[ 3422486ms] [LOG] [Fast Refresh] done in 99ms @ http://localhost:5173/_next/static/chunks/node_modules_next_dist_1e8vcs8._.js:776
[ 3422550ms] [LOG] [Fast Refresh] done in 99ms @ http://localhost:5173/_next/static/chunks/node_modules_next_dist_1e8vcs8._.js:776
[ 3422601ms] [LOG] [Fast Refresh] done in 99ms @ http://localhost:5173/_next/static/chunks/node_modules_next_dist_1e8vcs8._.js:776
[ 3422637ms] [LOG] [Fast Refresh] done in 99ms @ http://localhost:5173/_next/static/chunks/node_modules_next_dist_1e8vcs8._.js:776
[ 3422686ms] [LOG] [Fast Refresh] done in 99ms @ http://localhost:5173/_next/static/chunks/node_modules_next_dist_1e8vcs8._.js:776
[ 3422748ms] [LOG] [Fast Refresh] done in 99ms @ http://localhost:5173/_next/static/chunks/node_modules_next_dist_1e8vcs8._.js:776
[ 3422795ms] [LOG] [Fast Refresh] done in 99ms @ http://localhost:5173/_next/static/chunks/node_modules_next_dist_1e8vcs8._.js:776
[ 3422844ms] [LOG] [Fast Refresh] done in 99ms @ http://localhost:5173/_next/static/chunks/node_modules_next_dist_1e8vcs8._.js:776
[ 3422893ms] [LOG] [Fast Refresh] done in 99ms @ http://localhost:5173/_next/static/chunks/node_modules_next_dist_1e8vcs8._.js:776
[ 3422956ms] [LOG] [Fast Refresh] done in 99ms @ http://localhost:5173/_next/static/chunks/node_modules_next_dist_1e8vcs8._.js:776
[ 3423018ms] [LOG] [Fast Refresh] done in 99ms @ http://localhost:5173/_next/static/chunks/node_modules_next_dist_1e8vcs8._.js:776
[ 3423079ms] [LOG] [Fast Refresh] done in 99ms @ http://localhost:5173/_next/static/chunks/node_modules_next_dist_1e8vcs8._.js:776
[ 3423127ms] [LOG] [Fast Refresh] done in 99ms @ http://localhost:5173/_next/static/chunks/node_modules_next_dist_1e8vcs8._.js:776
[ 3423186ms] [LOG] [Fast Refresh] done in 99ms @ http://localhost:5173/_next/static/chunks/node_modules_next_dist_1e8vcs8._.js:776
[ 3423248ms] [LOG] [Fast Refresh] done in 99ms @ http://localhost:5173/_next/static/chunks/node_modules_next_dist_1e8vcs8._.js:776
[ 3423296ms] [LOG] [Fast Refresh] done in 99ms @ http://localhost:5173/_next/static/chunks/node_modules_next_dist_1e8vcs8._.js:776
[ 3423358ms] [LOG] [Fast Refresh] done in 99ms @ http://localhost:5173/_next/static/chunks/node_modules_next_dist_1e8vcs8._.js:776
[ 3423411ms] [LOG] [Fast Refresh] done in 99ms @ http://localhost:5173/_next/static/chunks/node_modules_next_dist_1e8vcs8._.js:776
[ 3423459ms] [LOG] [Fast Refresh] done in 99ms @ http://localhost:5173/_next/static/chunks/node_modules_next_dist_1e8vcs8._.js:776
[ 3423517ms] [LOG] [Fast Refresh] done in 99ms @ http://localhost:5173/_next/static/chunks/node_modules_next_dist_1e8vcs8._.js:776
[ 3423564ms] [LOG] [Fast Refresh] done in 99ms @ http://localhost:5173/_next/static/chunks/node_modules_next_dist_1e8vcs8._.js:776
[ 3423625ms] [LOG] [Fast Refresh] done in 99ms @ http://localhost:5173/_next/static/chunks/node_modules_next_dist_1e8vcs8._.js:776
[ 3423674ms] [LOG] [Fast Refresh] done in 99ms @ http://localhost:5173/_next/static/chunks/node_modules_next_dist_1e8vcs8._.js:776
[ 3423732ms] [LOG] [Fast Refresh] done in 99ms @ http://localhost:5173/_next/static/chunks/node_modules_next_dist_1e8vcs8._.js:776
[ 3423795ms] [LOG] [Fast Refresh] done in 99ms @ http://localhost:5173/_next/static/chunks/node_modules_next_dist_1e8vcs8._.js:776
[ 3423843ms] [LOG] [Fast Refresh] done in 99ms @ http://localhost:5173/_next/static/chunks/node_modules_next_dist_1e8vcs8._.js:776
[ 3423908ms] [LOG] [Fast Refresh] done in 99ms @ http://localhost:5173/_next/static/chunks/node_modules_next_dist_1e8vcs8._.js:776
[ 3423956ms] [LOG] [Fast Refresh] done in 99ms @ http://localhost:5173/_next/static/chunks/node_modules_next_dist_1e8vcs8._.js:776
[ 3424018ms] [LOG] [Fast Refresh] done in 99ms @ http://localhost:5173/_next/static/chunks/node_modules_next_dist_1e8vcs8._.js:776
[ 3424085ms] [LOG] [Fast Refresh] done in 99ms @ http://localhost:5173/_next/static/chunks/node_modules_next_dist_1e8vcs8._.js:776
[ 3424148ms] [LOG] [Fast Refresh] done in 99ms @ http://localhost:5173/_next/static/chunks/node_modules_next_dist_1e8vcs8._.js:776
[ 3424208ms] [LOG] [Fast Refresh] done in 99ms @ http://localhost:5173/_next/static/chunks/node_modules_next_dist_1e8vcs8._.js:776
[ 3424270ms] [LOG] [Fast Refresh] done in 99ms @ http://localhost:5173/_next/static/chunks/node_modules_next_dist_1e8vcs8._.js:776
[ 3424336ms] [LOG] [Fast Refresh] done in 99ms @ http://localhost:5173/_next/static/chunks/node_modules_next_dist_1e8vcs8._.js:776
[ 3424391ms] [LOG] [Fast Refresh] done in 99ms @ http://localhost:5173/_next/static/chunks/node_modules_next_dist_1e8vcs8._.js:776
[ 3424458ms] [LOG] [Fast Refresh] done in 99ms @ http://localhost:5173/_next/static/chunks/node_modules_next_dist_1e8vcs8._.js:776
[ 3424523ms] [LOG] [Fast Refresh] done in 99ms @ http://localhost:5173/_next/static/chunks/node_modules_next_dist_1e8vcs8._.js:776
[ 3424586ms] [LOG] [Fast Refresh] done in 99ms @ http://localhost:5173/_next/static/chunks/node_modules_next_dist_1e8vcs8._.js:776
[ 3424656ms] [LOG] [Fast Refresh] done in 99ms @ http://localhost:5173/_next/static/chunks/node_modules_next_dist_1e8vcs8._.js:776
[ 3424723ms] [LOG] [Fast Refresh] done in 99ms @ http://localhost:5173/_next/static/chunks/node_modules_next_dist_1e8vcs8._.js:776
[ 3424786ms] [LOG] [Fast Refresh] done in 99ms @ http://localhost:5173/_next/static/chunks/node_modules_next_dist_1e8vcs8._.js:776
[ 3424849ms] [LOG] [Fast Refresh] done in 99ms @ http://localhost:5173/_next/static/chunks/node_modules_next_dist_1e8vcs8._.js:776
[ 3424911ms] [LOG] [Fast Refresh] done in 99ms @ http://localhost:5173/_next/static/chunks/node_modules_next_dist_1e8vcs8._.js:776
[ 3424972ms] [LOG] [Fast Refresh] done in 99ms @ http://localhost:5173/_next/static/chunks/node_modules_next_dist_1e8vcs8._.js:776
[ 3425035ms] [LOG] [Fast Refresh] done in 99ms @ http://localhost:5173/_next/static/chunks/node_modules_next_dist_1e8vcs8._.js:776
[ 3425087ms] [LOG] [Fast Refresh] done in 99ms @ http://localhost:5173/_next/static/chunks/node_modules_next_dist_1e8vcs8._.js:776
[ 3425144ms] [LOG] [Fast Refresh] done in 99ms @ http://localhost:5173/_next/static/chunks/node_modules_next_dist_1e8vcs8._.js:776
[ 3425194ms] [LOG] [Fast Refresh] done in 99ms @ http://localhost:5173/_next/static/chunks/node_modules_next_dist_1e8vcs8._.js:776
[ 3425259ms] [LOG] [Fast Refresh] done in 99ms @ http://localhost:5173/_next/static/chunks/node_modules_next_dist_1e8vcs8._.js:776
[ 3425325ms] [LOG] [Fast Refresh] done in 99ms @ http://localhost:5173/_next/static/chunks/node_modules_next_dist_1e8vcs8._.js:776
[ 3425379ms] [LOG] [Fast Refresh] done in 99ms @ http://localhost:5173/_next/static/chunks/node_modules_next_dist_1e8vcs8._.js:776
[ 3425440ms] [LOG] [Fast Refresh] done in 99ms @ http://localhost:5173/_next/static/chunks/node_modules_next_dist_1e8vcs8._.js:776
[ 3425494ms] [LOG] [Fast Refresh] done in 99ms @ http://localhost:5173/_next/static/chunks/node_modules_next_dist_1e8vcs8._.js:776
[ 3425543ms] [LOG] [Fast Refresh] done in 99ms @ http://localhost:5173/_next/static/chunks/node_modules_next_dist_1e8vcs8._.js:776
[ 3425594ms] [LOG] [Fast Refresh] done in 99ms @ http://localhost:5173/_next/static/chunks/node_modules_next_dist_1e8vcs8._.js:776
[ 3425659ms] [LOG] [Fast Refresh] done in 99ms @ http://localhost:5173/_next/static/chunks/node_modules_next_dist_1e8vcs8._.js:776
[ 3425724ms] [LOG] [Fast Refresh] done in 99ms @ http://localhost:5173/_next/static/chunks/node_modules_next_dist_1e8vcs8._.js:776
[ 3425779ms] [LOG] [Fast Refresh] done in 99ms @ http://localhost:5173/_next/static/chunks/node_modules_next_dist_1e8vcs8._.js:776
[ 3425826ms] [LOG] [Fast Refresh] done in 99ms @ http://localhost:5173/_next/static/chunks/node_modules_next_dist_1e8vcs8._.js:776
[ 3425879ms] [LOG] [Fast Refresh] done in 99ms @ http://localhost:5173/_next/static/chunks/node_modules_next_dist_1e8vcs8._.js:776
[ 3425940ms] [LOG] [Fast Refresh] done in 99ms @ http://localhost:5173/_next/static/chunks/node_modules_next_dist_1e8vcs8._.js:776
[ 3425994ms] [LOG] [Fast Refresh] done in 99ms @ http://localhost:5173/_next/static/chunks/node_modules_next_dist_1e8vcs8._.js:776
[ 3426058ms] [LOG] [Fast Refresh] done in 99ms @ http://localhost:5173/_next/static/chunks/node_modules_next_dist_1e8vcs8._.js:776
[ 3426126ms] [LOG] [Fast Refresh] done in 99ms @ http://localhost:5173/_next/static/chunks/node_modules_next_dist_1e8vcs8._.js:776
[ 3426174ms] [LOG] [Fast Refresh] done in 99ms @ http://localhost:5173/_next/static/chunks/node_modules_next_dist_1e8vcs8._.js:776
[ 3426229ms] [LOG] [Fast Refresh] done in 99ms @ http://localhost:5173/_next/static/chunks/node_modules_next_dist_1e8vcs8._.js:776
[ 3426279ms] [LOG] [Fast Refresh] done in 99ms @ http://localhost:5173/_next/static/chunks/node_modules_next_dist_1e8vcs8._.js:776
[ 3426325ms] [LOG] [Fast Refresh] done in 99ms @ http://localhost:5173/_next/static/chunks/node_modules_next_dist_1e8vcs8._.js:776
[ 3426378ms] [LOG] [Fast Refresh] done in 99ms @ http://localhost:5173/_next/static/chunks/node_modules_next_dist_1e8vcs8._.js:776
[ 3426429ms] [LOG] [Fast Refresh] done in 99ms @ http://localhost:5173/_next/static/chunks/node_modules_next_dist_1e8vcs8._.js:776
[ 3426479ms] [LOG] [Fast Refresh] done in 99ms @ http://localhost:5173/_next/static/chunks/node_modules_next_dist_1e8vcs8._.js:776
[ 3426526ms] [LOG] [Fast Refresh] done in 99ms @ http://localhost:5173/_next/static/chunks/node_modules_next_dist_1e8vcs8._.js:776
[ 3426589ms] [LOG] [Fast Refresh] done in 99ms @ http://localhost:5173/_next/static/chunks/node_modules_next_dist_1e8vcs8._.js:776
[ 3426650ms] [LOG] [Fast Refresh] done in 99ms @ http://localhost:5173/_next/static/chunks/node_modules_next_dist_1e8vcs8._.js:776
[ 3426699ms] [LOG] [Fast Refresh] done in 99ms @ http://localhost:5173/_next/static/chunks/node_modules_next_dist_1e8vcs8._.js:776
[ 3426761ms] [LOG] [Fast Refresh] done in 99ms @ http://localhost:5173/_next/static/chunks/node_modules_next_dist_1e8vcs8._.js:776
[ 3426824ms] [LOG] [Fast Refresh] done in 99ms @ http://localhost:5173/_next/static/chunks/node_modules_next_dist_1e8vcs8._.js:776
[ 3426887ms] [LOG] [Fast Refresh] done in 99ms @ http://localhost:5173/_next/static/chunks/node_modules_next_dist_1e8vcs8._.js:776
[ 3426935ms] [LOG] [Fast Refresh] done in 99ms @ http://localhost:5173/_next/static/chunks/node_modules_next_dist_1e8vcs8._.js:776
[ 3426985ms] [LOG] [Fast Refresh] done in 99ms @ http://localhost:5173/_next/static/chunks/node_modules_next_dist_1e8vcs8._.js:776
[ 3427037ms] [LOG] [Fast Refresh] done in 99ms @ http://localhost:5173/_next/static/chunks/node_modules_next_dist_1e8vcs8._.js:776
[ 3427085ms] [LOG] [Fast Refresh] done in 99ms @ http://localhost:5173/_next/static/chunks/node_modules_next_dist_1e8vcs8._.js:776
[ 3427146ms] [LOG] [Fast Refresh] done in 99ms @ http://localhost:5173/_next/static/chunks/node_modules_next_dist_1e8vcs8._.js:776
[ 3427209ms] [LOG] [Fast Refresh] done in 99ms @ http://localhost:5173/_next/static/chunks/node_modules_next_dist_1e8vcs8._.js:776
[ 3427278ms] [LOG] [Fast Refresh] done in 99ms @ http://localhost:5173/_next/static/chunks/node_modules_next_dist_1e8vcs8._.js:776
[ 3427339ms] [LOG] [Fast Refresh] done in 99ms @ http://localhost:5173/_next/static/chunks/node_modules_next_dist_1e8vcs8._.js:776
[ 3427386ms] [LOG] [Fast Refresh] done in 99ms @ http://localhost:5173/_next/static/chunks/node_modules_next_dist_1e8vcs8._.js:776
[ 3427448ms] [LOG] [Fast Refresh] done in 99ms @ http://localhost:5173/_next/static/chunks/node_modules_next_dist_1e8vcs8._.js:776
[ 3427509ms] [LOG] [Fast Refresh] done in 99ms @ http://localhost:5173/_next/static/chunks/node_modules_next_dist_1e8vcs8._.js:776
[ 3427556ms] [LOG] [Fast Refresh] done in 99ms @ http://localhost:5173/_next/static/chunks/node_modules_next_dist_1e8vcs8._.js:776
[ 3427623ms] [LOG] [Fast Refresh] done in 99ms @ http://localhost:5173/_next/static/chunks/node_modules_next_dist_1e8vcs8._.js:776
[ 3427686ms] [LOG] [Fast Refresh] done in 99ms @ http://localhost:5173/_next/static/chunks/node_modules_next_dist_1e8vcs8._.js:776
[ 3427734ms] [LOG] [Fast Refresh] done in 99ms @ http://localhost:5173/_next/static/chunks/node_modules_next_dist_1e8vcs8._.js:776
[ 3427786ms] [LOG] [Fast Refresh] done in 99ms @ http://localhost:5173/_next/static/chunks/node_modules_next_dist_1e8vcs8._.js:776
[ 3427848ms] [LOG] [Fast Refresh] done in 99ms @ http://localhost:5173/_next/static/chunks/node_modules_next_dist_1e8vcs8._.js:776
[ 3427911ms] [LOG] [Fast Refresh] done in 99ms @ http://localhost:5173/_next/static/chunks/node_modules_next_dist_1e8vcs8._.js:776
[ 3427959ms] [LOG] [Fast Refresh] done in 99ms @ http://localhost:5173/_next/static/chunks/node_modules_next_dist_1e8vcs8._.js:776
[ 3428026ms] [LOG] [Fast Refresh] done in 99ms @ http://localhost:5173/_next/static/chunks/node_modules_next_dist_1e8vcs8._.js:776
[ 3428079ms] [LOG] [Fast Refresh] done in 99ms @ http://localhost:5173/_next/static/chunks/node_modules_next_dist_1e8vcs8._.js:776
[ 3428140ms] [LOG] [Fast Refresh] done in 99ms @ http://localhost:5173/_next/static/chunks/node_modules_next_dist_1e8vcs8._.js:776
[ 3428200ms] [LOG] [Fast Refresh] done in 99ms @ http://localhost:5173/_next/static/chunks/node_modules_next_dist_1e8vcs8._.js:776
[ 3428249ms] [LOG] [Fast Refresh] done in 99ms @ http://localhost:5173/_next/static/chunks/node_modules_next_dist_1e8vcs8._.js:776
[ 3428295ms] [LOG] [Fast Refresh] done in 99ms @ http://localhost:5173/_next/static/chunks/node_modules_next_dist_1e8vcs8._.js:776
[ 3428345ms] [LOG] [Fast Refresh] done in 99ms @ http://localhost:5173/_next/static/chunks/node_modules_next_dist_1e8vcs8._.js:776
[ 3428394ms] [LOG] [Fast Refresh] done in 99ms @ http://localhost:5173/_next/static/chunks/node_modules_next_dist_1e8vcs8._.js:776
[ 3428444ms] [LOG] [Fast Refresh] done in 99ms @ http://localhost:5173/_next/static/chunks/node_modules_next_dist_1e8vcs8._.js:776
[ 3428494ms] [LOG] [Fast Refresh] done in 99ms @ http://localhost:5173/_next/static/chunks/node_modules_next_dist_1e8vcs8._.js:776
[ 3428556ms] [LOG] [Fast Refresh] done in 99ms @ http://localhost:5173/_next/static/chunks/node_modules_next_dist_1e8vcs8._.js:776
[ 3428625ms] [LOG] [Fast Refresh] done in 99ms @ http://localhost:5173/_next/static/chunks/node_modules_next_dist_1e8vcs8._.js:776
[ 3428674ms] [LOG] [Fast Refresh] done in 99ms @ http://localhost:5173/_next/static/chunks/node_modules_next_dist_1e8vcs8._.js:776
[ 3428717ms] [LOG] [Fast Refresh] done in 99ms @ http://localhost:5173/_next/static/chunks/node_modules_next_dist_1e8vcs8._.js:776
[ 3428763ms] [LOG] [Fast Refresh] done in 99ms @ http://localhost:5173/_next/static/chunks/node_modules_next_dist_1e8vcs8._.js:776
[ 3428810ms] [LOG] [Fast Refresh] done in 99ms @ http://localhost:5173/_next/static/chunks/node_modules_next_dist_1e8vcs8._.js:776
[ 3428878ms] [LOG] [Fast Refresh] done in 99ms @ http://localhost:5173/_next/static/chunks/node_modules_next_dist_1e8vcs8._.js:776
[ 3428940ms] [LOG] [Fast Refresh] done in 99ms @ http://localhost:5173/_next/static/chunks/node_modules_next_dist_1e8vcs8._.js:776
[ 3428993ms] [LOG] [Fast Refresh] done in 99ms @ http://localhost:5173/_next/static/chunks/node_modules_next_dist_1e8vcs8._.js:776
[ 3429058ms] [LOG] [Fast Refresh] done in 99ms @ http://localhost:5173/_next/static/chunks/node_modules_next_dist_1e8vcs8._.js:776
[ 3429123ms] [LOG] [Fast Refresh] done in 99ms @ http://localhost:5173/_next/static/chunks/node_modules_next_dist_1e8vcs8._.js:776
[ 3429178ms] [LOG] [Fast Refresh] done in 99ms @ http://localhost:5173/_next/static/chunks/node_modules_next_dist_1e8vcs8._.js:776
[ 3429241ms] [LOG] [Fast Refresh] done in 99ms @ http://localhost:5173/_next/static/chunks/node_modules_next_dist_1e8vcs8._.js:776
[ 3429292ms] [LOG] [Fast Refresh] done in 99ms @ http://localhost:5173/_next/static/chunks/node_modules_next_dist_1e8vcs8._.js:776
[ 3429339ms] [LOG] [Fast Refresh] done in 99ms @ http://localhost:5173/_next/static/chunks/node_modules_next_dist_1e8vcs8._.js:776
[ 3429400ms] [LOG] [Fast Refresh] done in 99ms @ http://localhost:5173/_next/static/chunks/node_modules_next_dist_1e8vcs8._.js:776
[ 3429448ms] [LOG] [Fast Refresh] done in 99ms @ http://localhost:5173/_next/static/chunks/node_modules_next_dist_1e8vcs8._.js:776
[ 3429510ms] [LOG] [Fast Refresh] done in 99ms @ http://localhost:5173/_next/static/chunks/node_modules_next_dist_1e8vcs8._.js:776
[ 3429558ms] [LOG] [Fast Refresh] done in 99ms @ http://localhost:5173/_next/static/chunks/node_modules_next_dist_1e8vcs8._.js:776
[ 3429612ms] [LOG] [Fast Refresh] done in 99ms @ http://localhost:5173/_next/static/chunks/node_modules_next_dist_1e8vcs8._.js:776
[ 3429678ms] [LOG] [Fast Refresh] done in 99ms @ http://localhost:5173/_next/static/chunks/node_modules_next_dist_1e8vcs8._.js:776
[ 3429735ms] [LOG] [Fast Refresh] done in 99ms @ http://localhost:5173/_next/static/chunks/node_modules_next_dist_1e8vcs8._.js:776
[ 3429784ms] [LOG] [Fast Refresh] done in 99ms @ http://localhost:5173/_next/static/chunks/node_modules_next_dist_1e8vcs8._.js:776
[ 3429836ms] [LOG] [Fast Refresh] done in 99ms @ http://localhost:5173/_next/static/chunks/node_modules_next_dist_1e8vcs8._.js:776
[ 3429885ms] [LOG] [Fast Refresh] done in 99ms @ http://localhost:5173/_next/static/chunks/node_modules_next_dist_1e8vcs8._.js:776
[ 3429940ms] [LOG] [Fast Refresh] done in 99ms @ http://localhost:5173/_next/static/chunks/node_modules_next_dist_1e8vcs8._.js:776
[ 3430002ms] [LOG] [Fast Refresh] done in 99ms @ http://localhost:5173/_next/static/chunks/node_modules_next_dist_1e8vcs8._.js:776
[ 3430065ms] [LOG] [Fast Refresh] done in 99ms @ http://localhost:5173/_next/static/chunks/node_modules_next_dist_1e8vcs8._.js:776
[ 3430111ms] [LOG] [Fast Refresh] done in 99ms @ http://localhost:5173/_next/static/chunks/node_modules_next_dist_1e8vcs8._.js:776
[ 3430170ms] [LOG] [Fast Refresh] done in 99ms @ http://localhost:5173/_next/static/chunks/node_modules_next_dist_1e8vcs8._.js:776
[ 3430223ms] [LOG] [Fast Refresh] done in 99ms @ http://localhost:5173/_next/static/chunks/node_modules_next_dist_1e8vcs8._.js:776
[ 3430288ms] [LOG] [Fast Refresh] done in 99ms @ http://localhost:5173/_next/static/chunks/node_modules_next_dist_1e8vcs8._.js:776
[ 3430354ms] [LOG] [Fast Refresh] done in 99ms @ http://localhost:5173/_next/static/chunks/node_modules_next_dist_1e8vcs8._.js:776
[ 3430415ms] [LOG] [Fast Refresh] done in 99ms @ http://localhost:5173/_next/static/chunks/node_modules_next_dist_1e8vcs8._.js:776
[ 3430478ms] [LOG] [Fast Refresh] done in 99ms @ http://localhost:5173/_next/static/chunks/node_modules_next_dist_1e8vcs8._.js:776
[ 3430540ms] [LOG] [Fast Refresh] done in 99ms @ http://localhost:5173/_next/static/chunks/node_modules_next_dist_1e8vcs8._.js:776
[ 3430593ms] [LOG] [Fast Refresh] done in 99ms @ http://localhost:5173/_next/static/chunks/node_modules_next_dist_1e8vcs8._.js:776
[ 3430654ms] [LOG] [Fast Refresh] done in 99ms @ http://localhost:5173/_next/static/chunks/node_modules_next_dist_1e8vcs8._.js:776
[ 3430712ms] [LOG] [Fast Refresh] done in 99ms @ http://localhost:5173/_next/static/chunks/node_modules_next_dist_1e8vcs8._.js:776
[ 3430774ms] [LOG] [Fast Refresh] done in 99ms @ http://localhost:5173/_next/static/chunks/node_modules_next_dist_1e8vcs8._.js:776
[ 3430835ms] [LOG] [Fast Refresh] done in 99ms @ http://localhost:5173/_next/static/chunks/node_modules_next_dist_1e8vcs8._.js:776
[ 3430886ms] [LOG] [Fast Refresh] done in 99ms @ http://localhost:5173/_next/static/chunks/node_modules_next_dist_1e8vcs8._.js:776
[ 3430935ms] [LOG] [Fast Refresh] done in 99ms @ http://localhost:5173/_next/static/chunks/node_modules_next_dist_1e8vcs8._.js:776
[ 3430986ms] [LOG] [Fast Refresh] done in 99ms @ http://localhost:5173/_next/static/chunks/node_modules_next_dist_1e8vcs8._.js:776
[ 3431036ms] [LOG] [Fast Refresh] done in 99ms @ http://localhost:5173/_next/static/chunks/node_modules_next_dist_1e8vcs8._.js:776
[ 3431080ms] [LOG] [Fast Refresh] done in 99ms @ http://localhost:5173/_next/static/chunks/node_modules_next_dist_1e8vcs8._.js:776
[ 3431142ms] [LOG] [Fast Refresh] done in 99ms @ http://localhost:5173/_next/static/chunks/node_modules_next_dist_1e8vcs8._.js:776
[ 3431194ms] [LOG] [Fast Refresh] done in 99ms @ http://localhost:5173/_next/static/chunks/node_modules_next_dist_1e8vcs8._.js:776
[ 3431257ms] [LOG] [Fast Refresh] done in 99ms @ http://localhost:5173/_next/static/chunks/node_modules_next_dist_1e8vcs8._.js:776
[ 3431325ms] [LOG] [Fast Refresh] done in 99ms @ http://localhost:5173/_next/static/chunks/node_modules_next_dist_1e8vcs8._.js:776
[ 3431378ms] [LOG] [Fast Refresh] done in 99ms @ http://localhost:5173/_next/static/chunks/node_modules_next_dist_1e8vcs8._.js:776
[ 3431426ms] [LOG] [Fast Refresh] done in 99ms @ http://localhost:5173/_next/static/chunks/node_modules_next_dist_1e8vcs8._.js:776
[ 3431479ms] [LOG] [Fast Refresh] done in 99ms @ http://localhost:5173/_next/static/chunks/node_modules_next_dist_1e8vcs8._.js:776
[ 3431540ms] [LOG] [Fast Refresh] done in 99ms @ http://localhost:5173/_next/static/chunks/node_modules_next_dist_1e8vcs8._.js:776
[ 3431589ms] [LOG] [Fast Refresh] done in 99ms @ http://localhost:5173/_next/static/chunks/node_modules_next_dist_1e8vcs8._.js:776
[ 3431651ms] [LOG] [Fast Refresh] done in 99ms @ http://localhost:5173/_next/static/chunks/node_modules_next_dist_1e8vcs8._.js:776
[ 3431700ms] [LOG] [Fast Refresh] done in 99ms @ http://localhost:5173/_next/static/chunks/node_modules_next_dist_1e8vcs8._.js:776
[ 3431763ms] [LOG] [Fast Refresh] done in 99ms @ http://localhost:5173/_next/static/chunks/node_modules_next_dist_1e8vcs8._.js:776
[ 3431828ms] [LOG] [Fast Refresh] done in 99ms @ http://localhost:5173/_next/static/chunks/node_modules_next_dist_1e8vcs8._.js:776
[ 3431878ms] [LOG] [Fast Refresh] done in 99ms @ http://localhost:5173/_next/static/chunks/node_modules_next_dist_1e8vcs8._.js:776
[ 3431940ms] [LOG] [Fast Refresh] done in 99ms @ http://localhost:5173/_next/static/chunks/node_modules_next_dist_1e8vcs8._.js:776
[ 3431994ms] [LOG] [Fast Refresh] done in 99ms @ http://localhost:5173/_next/static/chunks/node_modules_next_dist_1e8vcs8._.js:776
[ 3432055ms] [LOG] [Fast Refresh] done in 99ms @ http://localhost:5173/_next/static/chunks/node_modules_next_dist_1e8vcs8._.js:776
[ 3432125ms] [LOG] [Fast Refresh] done in 99ms @ http://localhost:5173/_next/static/chunks/node_modules_next_dist_1e8vcs8._.js:776
[ 3432174ms] [LOG] [Fast Refresh] done in 99ms @ http://localhost:5173/_next/static/chunks/node_modules_next_dist_1e8vcs8._.js:776
[ 3432228ms] [LOG] [Fast Refresh] done in 99ms @ http://localhost:5173/_next/static/chunks/node_modules_next_dist_1e8vcs8._.js:776
[ 3432278ms] [LOG] [Fast Refresh] done in 99ms @ http://localhost:5173/_next/static/chunks/node_modules_next_dist_1e8vcs8._.js:776
[ 3432325ms] [LOG] [Fast Refresh] done in 99ms @ http://localhost:5173/_next/static/chunks/node_modules_next_dist_1e8vcs8._.js:776
[ 3432386ms] [LOG] [Fast Refresh] done in 99ms @ http://localhost:5173/_next/static/chunks/node_modules_next_dist_1e8vcs8._.js:776
[ 3432449ms] [LOG] [Fast Refresh] done in 99ms @ http://localhost:5173/_next/static/chunks/node_modules_next_dist_1e8vcs8._.js:776
[ 3432498ms] [LOG] [Fast Refresh] done in 99ms @ http://localhost:5173/_next/static/chunks/node_modules_next_dist_1e8vcs8._.js:776
[ 3432546ms] [LOG] [Fast Refresh] done in 99ms @ http://localhost:5173/_next/static/chunks/node_modules_next_dist_1e8vcs8._.js:776
[ 3432600ms] [LOG] [Fast Refresh] done in 99ms @ http://localhost:5173/_next/static/chunks/node_modules_next_dist_1e8vcs8._.js:776
[ 3432652ms] [LOG] [Fast Refresh] done in 99ms @ http://localhost:5173/_next/static/chunks/node_modules_next_dist_1e8vcs8._.js:776
[ 3432702ms] [LOG] [Fast Refresh] done in 99ms @ http://localhost:5173/_next/static/chunks/node_modules_next_dist_1e8vcs8._.js:776
[ 3432765ms] [LOG] [Fast Refresh] done in 99ms @ http://localhost:5173/_next/static/chunks/node_modules_next_dist_1e8vcs8._.js:776
[ 3432828ms] [LOG] [Fast Refresh] done in 99ms @ http://localhost:5173/_next/static/chunks/node_modules_next_dist_1e8vcs8._.js:776
[ 3432878ms] [LOG] [Fast Refresh] done in 99ms @ http://localhost:5173/_next/static/chunks/node_modules_next_dist_1e8vcs8._.js:776
[ 3432940ms] [LOG] [Fast Refresh] done in 99ms @ http://localhost:5173/_next/static/chunks/node_modules_next_dist_1e8vcs8._.js:776
[ 3432994ms] [LOG] [Fast Refresh] done in 99ms @ http://localhost:5173/_next/static/chunks/node_modules_next_dist_1e8vcs8._.js:776
[ 3433044ms] [LOG] [Fast Refresh] done in 99ms @ http://localhost:5173/_next/static/chunks/node_modules_next_dist_1e8vcs8._.js:776
[ 3433094ms] [LOG] [Fast Refresh] done in 99ms @ http://localhost:5173/_next/static/chunks/node_modules_next_dist_1e8vcs8._.js:776
[ 3433159ms] [LOG] [Fast Refresh] done in 99ms @ http://localhost:5173/_next/static/chunks/node_modules_next_dist_1e8vcs8._.js:776
[ 3433225ms] [LOG] [Fast Refresh] done in 99ms @ http://localhost:5173/_next/static/chunks/node_modules_next_dist_1e8vcs8._.js:776
[ 3433287ms] [LOG] [Fast Refresh] done in 99ms @ http://localhost:5173/_next/static/chunks/node_modules_next_dist_1e8vcs8._.js:776
[ 3433349ms] [LOG] [Fast Refresh] done in 99ms @ http://localhost:5173/_next/static/chunks/node_modules_next_dist_1e8vcs8._.js:776
[ 3433396ms] [LOG] [Fast Refresh] done in 99ms @ http://localhost:5173/_next/static/chunks/node_modules_next_dist_1e8vcs8._.js:776
[ 3433458ms] [LOG] [Fast Refresh] done in 99ms @ http://localhost:5173/_next/static/chunks/node_modules_next_dist_1e8vcs8._.js:776
[ 3433524ms] [LOG] [Fast Refresh] done in 99ms @ http://localhost:5173/_next/static/chunks/node_modules_next_dist_1e8vcs8._.js:776
[ 3433578ms] [LOG] [Fast Refresh] done in 99ms @ http://localhost:5173/_next/static/chunks/node_modules_next_dist_1e8vcs8._.js:776
[ 3433625ms] [LOG] [Fast Refresh] done in 99ms @ http://localhost:5173/_next/static/chunks/node_modules_next_dist_1e8vcs8._.js:776
[ 3433678ms] [LOG] [Fast Refresh] done in 99ms @ http://localhost:5173/_next/static/chunks/node_modules_next_dist_1e8vcs8._.js:776
[ 3433740ms] [LOG] [Fast Refresh] done in 99ms @ http://localhost:5173/_next/static/chunks/node_modules_next_dist_1e8vcs8._.js:776
[ 3433794ms] [LOG] [Fast Refresh] done in 99ms @ http://localhost:5173/_next/static/chunks/node_modules_next_dist_1e8vcs8._.js:776
[ 3433860ms] [LOG] [Fast Refresh] done in 99ms @ http://localhost:5173/_next/static/chunks/node_modules_next_dist_1e8vcs8._.js:776
[ 3433925ms] [LOG] [Fast Refresh] done in 99ms @ http://localhost:5173/_next/static/chunks/node_modules_next_dist_1e8vcs8._.js:776
[ 3433979ms] [LOG] [Fast Refresh] done in 99ms @ http://localhost:5173/_next/static/chunks/node_modules_next_dist_1e8vcs8._.js:776
[ 3434041ms] [LOG] [Fast Refresh] done in 99ms @ http://localhost:5173/_next/static/chunks/node_modules_next_dist_1e8vcs8._.js:776
[ 3434094ms] [LOG] [Fast Refresh] done in 99ms @ http://localhost:5173/_next/static/chunks/node_modules_next_dist_1e8vcs8._.js:776
[ 3434156ms] [LOG] [Fast Refresh] done in 99ms @ http://localhost:5173/_next/static/chunks/node_modules_next_dist_1e8vcs8._.js:776
[ 3434214ms] [LOG] [Fast Refresh] done in 99ms @ http://localhost:5173/_next/static/chunks/node_modules_next_dist_1e8vcs8._.js:776
[ 3434278ms] [LOG] [Fast Refresh] done in 99ms @ http://localhost:5173/_next/static/chunks/node_modules_next_dist_1e8vcs8._.js:776
[ 3434341ms] [LOG] [Fast Refresh] done in 99ms @ http://localhost:5173/_next/static/chunks/node_modules_next_dist_1e8vcs8._.js:776
[ 3434401ms] [LOG] [Fast Refresh] done in 99ms @ http://localhost:5173/_next/static/chunks/node_modules_next_dist_1e8vcs8._.js:776
[ 3434460ms] [LOG] [Fast Refresh] done in 99ms @ http://localhost:5173/_next/static/chunks/node_modules_next_dist_1e8vcs8._.js:776
[ 3434525ms] [LOG] [Fast Refresh] done in 99ms @ http://localhost:5173/_next/static/chunks/node_modules_next_dist_1e8vcs8._.js:776
[ 3434579ms] [LOG] [Fast Refresh] done in 99ms @ http://localhost:5173/_next/static/chunks/node_modules_next_dist_1e8vcs8._.js:776
[ 3434626ms] [LOG] [Fast Refresh] done in 99ms @ http://localhost:5173/_next/static/chunks/node_modules_next_dist_1e8vcs8._.js:776
[ 3434679ms] [LOG] [Fast Refresh] done in 99ms @ http://localhost:5173/_next/static/chunks/node_modules_next_dist_1e8vcs8._.js:776
[ 3434739ms] [LOG] [Fast Refresh] done in 99ms @ http://localhost:5173/_next/static/chunks/node_modules_next_dist_1e8vcs8._.js:776
[ 3434802ms] [LOG] [Fast Refresh] done in 99ms @ http://localhost:5173/_next/static/chunks/node_modules_next_dist_1e8vcs8._.js:776
[ 3434864ms] [LOG] [Fast Refresh] done in 99ms @ http://localhost:5173/_next/static/chunks/node_modules_next_dist_1e8vcs8._.js:776
[ 3434911ms] [LOG] [Fast Refresh] done in 99ms @ http://localhost:5173/_next/static/chunks/node_modules_next_dist_1e8vcs8._.js:776
[ 3434959ms] [LOG] [Fast Refresh] done in 99ms @ http://localhost:5173/_next/static/chunks/node_modules_next_dist_1e8vcs8._.js:776
[ 3435028ms] [LOG] [Fast Refresh] done in 99ms @ http://localhost:5173/_next/static/chunks/node_modules_next_dist_1e8vcs8._.js:776
[ 3435079ms] [LOG] [Fast Refresh] done in 99ms @ http://localhost:5173/_next/static/chunks/node_modules_next_dist_1e8vcs8._.js:776
[ 3435140ms] [LOG] [Fast Refresh] done in 99ms @ http://localhost:5173/_next/static/chunks/node_modules_next_dist_1e8vcs8._.js:776
[ 3435194ms] [LOG] [Fast Refresh] done in 99ms @ http://localhost:5173/_next/static/chunks/node_modules_next_dist_1e8vcs8._.js:776
[ 3435258ms] [LOG] [Fast Refresh] done in 99ms @ http://localhost:5173/_next/static/chunks/node_modules_next_dist_1e8vcs8._.js:776
[ 3435328ms] [LOG] [Fast Refresh] done in 99ms @ http://localhost:5173/_next/static/chunks/node_modules_next_dist_1e8vcs8._.js:776
[ 3435379ms] [LOG] [Fast Refresh] done in 99ms @ http://localhost:5173/_next/static/chunks/node_modules_next_dist_1e8vcs8._.js:776
[ 3435439ms] [LOG] [Fast Refresh] done in 99ms @ http://localhost:5173/_next/static/chunks/node_modules_next_dist_1e8vcs8._.js:776
[ 3435494ms] [LOG] [Fast Refresh] done in 99ms @ http://localhost:5173/_next/static/chunks/node_modules_next_dist_1e8vcs8._.js:776
[ 3435542ms] [LOG] [Fast Refresh] done in 99ms @ http://localhost:5173/_next/static/chunks/node_modules_next_dist_1e8vcs8._.js:776
[ 3435596ms] [LOG] [Fast Refresh] done in 99ms @ http://localhost:5173/_next/static/chunks/node_modules_next_dist_1e8vcs8._.js:776
[ 3435659ms] [LOG] [Fast Refresh] done in 99ms @ http://localhost:5173/_next/static/chunks/node_modules_next_dist_1e8vcs8._.js:776
[ 3435726ms] [LOG] [Fast Refresh] done in 99ms @ http://localhost:5173/_next/static/chunks/node_modules_next_dist_1e8vcs8._.js:776
[ 3435779ms] [LOG] [Fast Refresh] done in 99ms @ http://localhost:5173/_next/static/chunks/node_modules_next_dist_1e8vcs8._.js:776
[ 3435841ms] [LOG] [Fast Refresh] done in 99ms @ http://localhost:5173/_next/static/chunks/node_modules_next_dist_1e8vcs8._.js:776
[ 3435894ms] [LOG] [Fast Refresh] done in 99ms @ http://localhost:5173/_next/static/chunks/node_modules_next_dist_1e8vcs8._.js:776
[ 3435957ms] [LOG] [Fast Refresh] done in 99ms @ http://localhost:5173/_next/static/chunks/node_modules_next_dist_1e8vcs8._.js:776
[ 3436026ms] [LOG] [Fast Refresh] done in 99ms @ http://localhost:5173/_next/static/chunks/node_modules_next_dist_1e8vcs8._.js:776
[ 3436079ms] [LOG] [Fast Refresh] done in 99ms @ http://localhost:5173/_next/static/chunks/node_modules_next_dist_1e8vcs8._.js:776
[ 3436140ms] [LOG] [Fast Refresh] done in 99ms @ http://localhost:5173/_next/static/chunks/node_modules_next_dist_1e8vcs8._.js:776
[ 3436202ms] [LOG] [Fast Refresh] done in 99ms @ http://localhost:5173/_next/static/chunks/node_modules_next_dist_1e8vcs8._.js:776
[ 3436263ms] [LOG] [Fast Refresh] done in 99ms @ http://localhost:5173/_next/static/chunks/node_modules_next_dist_1e8vcs8._.js:776
[ 3436311ms] [LOG] [Fast Refresh] done in 99ms @ http://localhost:5173/_next/static/chunks/node_modules_next_dist_1e8vcs8._.js:776
[ 3436358ms] [LOG] [Fast Refresh] done in 99ms @ http://localhost:5173/_next/static/chunks/node_modules_next_dist_1e8vcs8._.js:776
[ 3436424ms] [LOG] [Fast Refresh] done in 99ms @ http://localhost:5173/_next/static/chunks/node_modules_next_dist_1e8vcs8._.js:776
[ 3436478ms] [LOG] [Fast Refresh] done in 99ms @ http://localhost:5173/_next/static/chunks/node_modules_next_dist_1e8vcs8._.js:776
[ 3436524ms] [LOG] [Fast Refresh] done in 99ms @ http://localhost:5173/_next/static/chunks/node_modules_next_dist_1e8vcs8._.js:776
[ 3436579ms] [LOG] [Fast Refresh] done in 99ms @ http://localhost:5173/_next/static/chunks/node_modules_next_dist_1e8vcs8._.js:776
[ 3436640ms] [LOG] [Fast Refresh] done in 99ms @ http://localhost:5173/_next/static/chunks/node_modules_next_dist_1e8vcs8._.js:776
[ 3436693ms] [LOG] [Fast Refresh] done in 99ms @ http://localhost:5173/_next/static/chunks/node_modules_next_dist_1e8vcs8._.js:776
[ 3436756ms] [LOG] [Fast Refresh] done in 99ms @ http://localhost:5173/_next/static/chunks/node_modules_next_dist_1e8vcs8._.js:776
[ 3436825ms] [LOG] [Fast Refresh] done in 99ms @ http://localhost:5173/_next/static/chunks/node_modules_next_dist_1e8vcs8._.js:776
[ 3436878ms] [LOG] [Fast Refresh] done in 99ms @ http://localhost:5173/_next/static/chunks/node_modules_next_dist_1e8vcs8._.js:776
[ 3436940ms] [LOG] [Fast Refresh] done in 99ms @ http://localhost:5173/_next/static/chunks/node_modules_next_dist_1e8vcs8._.js:776
[ 3436994ms] [LOG] [Fast Refresh] done in 99ms @ http://localhost:5173/_next/static/chunks/node_modules_next_dist_1e8vcs8._.js:776
[ 3437044ms] [LOG] [Fast Refresh] done in 99ms @ http://localhost:5173/_next/static/chunks/node_modules_next_dist_1e8vcs8._.js:776
[ 3437093ms] [LOG] [Fast Refresh] done in 99ms @ http://localhost:5173/_next/static/chunks/node_modules_next_dist_1e8vcs8._.js:776
[ 3437159ms] [LOG] [Fast Refresh] done in 99ms @ http://localhost:5173/_next/static/chunks/node_modules_next_dist_1e8vcs8._.js:776
[ 3437214ms] [LOG] [Fast Refresh] done in 99ms @ http://localhost:5173/_next/static/chunks/node_modules_next_dist_1e8vcs8._.js:776
[ 3437267ms] [LOG] [Fast Refresh] done in 99ms @ http://localhost:5173/_next/static/chunks/node_modules_next_dist_1e8vcs8._.js:776
[ 3437327ms] [LOG] [Fast Refresh] done in 99ms @ http://localhost:5173/_next/static/chunks/node_modules_next_dist_1e8vcs8._.js:776
[ 3437378ms] [LOG] [Fast Refresh] done in 99ms @ http://localhost:5173/_next/static/chunks/node_modules_next_dist_1e8vcs8._.js:776
[ 3437440ms] [LOG] [Fast Refresh] done in 99ms @ http://localhost:5173/_next/static/chunks/node_modules_next_dist_1e8vcs8._.js:776
[ 3437501ms] [LOG] [Fast Refresh] done in 99ms @ http://localhost:5173/_next/static/chunks/node_modules_next_dist_1e8vcs8._.js:776
[ 3437559ms] [LOG] [Fast Refresh] done in 99ms @ http://localhost:5173/_next/static/chunks/node_modules_next_dist_1e8vcs8._.js:776
[ 3437629ms] [LOG] [Fast Refresh] done in 99ms @ http://localhost:5173/_next/static/chunks/node_modules_next_dist_1e8vcs8._.js:776
[ 3437679ms] [LOG] [Fast Refresh] done in 99ms @ http://localhost:5173/_next/static/chunks/node_modules_next_dist_1e8vcs8._.js:776
[ 3437740ms] [LOG] [Fast Refresh] done in 99ms @ http://localhost:5173/_next/static/chunks/node_modules_next_dist_1e8vcs8._.js:776
[ 3437801ms] [LOG] [Fast Refresh] done in 99ms @ http://localhost:5173/_next/static/chunks/node_modules_next_dist_1e8vcs8._.js:776
[ 3437865ms] [LOG] [Fast Refresh] done in 99ms @ http://localhost:5173/_next/static/chunks/node_modules_next_dist_1e8vcs8._.js:776
[ 3437930ms] [LOG] [Fast Refresh] done in 99ms @ http://localhost:5173/_next/static/chunks/node_modules_next_dist_1e8vcs8._.js:776
[ 3437986ms] [LOG] [Fast Refresh] done in 99ms @ http://localhost:5173/_next/static/chunks/node_modules_next_dist_1e8vcs8._.js:776
[ 3438048ms] [LOG] [Fast Refresh] done in 99ms @ http://localhost:5173/_next/static/chunks/node_modules_next_dist_1e8vcs8._.js:776
[ 3438102ms] [LOG] [Fast Refresh] done in 99ms @ http://localhost:5173/_next/static/chunks/node_modules_next_dist_1e8vcs8._.js:776
[ 3438163ms] [LOG] [Fast Refresh] done in 99ms @ http://localhost:5173/_next/static/chunks/node_modules_next_dist_1e8vcs8._.js:776
[ 3438222ms] [LOG] [Fast Refresh] done in 99ms @ http://localhost:5173/_next/static/chunks/node_modules_next_dist_1e8vcs8._.js:776
[ 3438279ms] [LOG] [Fast Refresh] done in 99ms @ http://localhost:5173/_next/static/chunks/node_modules_next_dist_1e8vcs8._.js:776
[ 3438340ms] [LOG] [Fast Refresh] done in 99ms @ http://localhost:5173/_next/static/chunks/node_modules_next_dist_1e8vcs8._.js:776
[ 3438393ms] [LOG] [Fast Refresh] done in 99ms @ http://localhost:5173/_next/static/chunks/node_modules_next_dist_1e8vcs8._.js:776
[ 3438443ms] [LOG] [Fast Refresh] done in 99ms @ http://localhost:5173/_next/static/chunks/node_modules_next_dist_1e8vcs8._.js:776
[ 3438494ms] [LOG] [Fast Refresh] done in 99ms @ http://localhost:5173/_next/static/chunks/node_modules_next_dist_1e8vcs8._.js:776
[ 3438557ms] [LOG] [Fast Refresh] done in 99ms @ http://localhost:5173/_next/static/chunks/node_modules_next_dist_1e8vcs8._.js:776
[ 3438609ms] [LOG] [Fast Refresh] done in 99ms @ http://localhost:5173/_next/static/chunks/node_modules_next_dist_1e8vcs8._.js:776
[ 3438678ms] [LOG] [Fast Refresh] done in 99ms @ http://localhost:5173/_next/static/chunks/node_modules_next_dist_1e8vcs8._.js:776
[ 3438740ms] [LOG] [Fast Refresh] done in 99ms @ http://localhost:5173/_next/static/chunks/node_modules_next_dist_1e8vcs8._.js:776
[ 3438794ms] [LOG] [Fast Refresh] done in 99ms @ http://localhost:5173/_next/static/chunks/node_modules_next_dist_1e8vcs8._.js:776
[ 3438855ms] [LOG] [Fast Refresh] done in 99ms @ http://localhost:5173/_next/static/chunks/node_modules_next_dist_1e8vcs8._.js:776
[ 3438918ms] [LOG] [Fast Refresh] done in 99ms @ http://localhost:5173/_next/static/chunks/node_modules_next_dist_1e8vcs8._.js:776
[ 3438987ms] [LOG] [Fast Refresh] done in 99ms @ http://localhost:5173/_next/static/chunks/node_modules_next_dist_1e8vcs8._.js:776
[ 3439054ms] [LOG] [Fast Refresh] done in 99ms @ http://localhost:5173/_next/static/chunks/node_modules_next_dist_1e8vcs8._.js:776
[ 3439117ms] [LOG] [Fast Refresh] done in 99ms @ http://localhost:5173/_next/static/chunks/node_modules_next_dist_1e8vcs8._.js:776
[ 3439186ms] [LOG] [Fast Refresh] done in 99ms @ http://localhost:5173/_next/static/chunks/node_modules_next_dist_1e8vcs8._.js:776
[ 3439247ms] [LOG] [Fast Refresh] done in 99ms @ http://localhost:5173/_next/static/chunks/node_modules_next_dist_1e8vcs8._.js:776
[ 3439310ms] [LOG] [Fast Refresh] done in 99ms @ http://localhost:5173/_next/static/chunks/node_modules_next_dist_1e8vcs8._.js:776
[ 3439378ms] [LOG] [Fast Refresh] done in 99ms @ http://localhost:5173/_next/static/chunks/node_modules_next_dist_1e8vcs8._.js:776
[ 3439434ms] [LOG] [Fast Refresh] done in 99ms @ http://localhost:5173/_next/static/chunks/node_modules_next_dist_1e8vcs8._.js:776
[ 3439496ms] [LOG] [Fast Refresh] done in 99ms @ http://localhost:5173/_next/static/chunks/node_modules_next_dist_1e8vcs8._.js:776
[ 3439559ms] [LOG] [Fast Refresh] done in 99ms @ http://localhost:5173/_next/static/chunks/node_modules_next_dist_1e8vcs8._.js:776
[ 3439625ms] [LOG] [Fast Refresh] done in 99ms @ http://localhost:5173/_next/static/chunks/node_modules_next_dist_1e8vcs8._.js:776
[ 3439677ms] [LOG] [Fast Refresh] done in 99ms @ http://localhost:5173/_next/static/chunks/node_modules_next_dist_1e8vcs8._.js:776
[ 3439741ms] [LOG] [Fast Refresh] done in 99ms @ http://localhost:5173/_next/static/chunks/node_modules_next_dist_1e8vcs8._.js:776
[ 3439793ms] [LOG] [Fast Refresh] done in 99ms @ http://localhost:5173/_next/static/chunks/node_modules_next_dist_1e8vcs8._.js:776
[ 3439840ms] [LOG] [Fast Refresh] done in 99ms @ http://localhost:5173/_next/static/chunks/node_modules_next_dist_1e8vcs8._.js:776
[ 3439894ms] [LOG] [Fast Refresh] done in 99ms @ http://localhost:5173/_next/static/chunks/node_modules_next_dist_1e8vcs8._.js:776
[ 3439956ms] [LOG] [Fast Refresh] done in 99ms @ http://localhost:5173/_next/static/chunks/node_modules_next_dist_1e8vcs8._.js:776
[ 3440024ms] [LOG] [Fast Refresh] done in 99ms @ http://localhost:5173/_next/static/chunks/node_modules_next_dist_1e8vcs8._.js:776
[ 3440078ms] [LOG] [Fast Refresh] done in 99ms @ http://localhost:5173/_next/static/chunks/node_modules_next_dist_1e8vcs8._.js:776
[ 3440141ms] [LOG] [Fast Refresh] done in 99ms @ http://localhost:5173/_next/static/chunks/node_modules_next_dist_1e8vcs8._.js:776
[ 3440196ms] [LOG] [Fast Refresh] done in 99ms @ http://localhost:5173/_next/static/chunks/node_modules_next_dist_1e8vcs8._.js:776
[ 3440259ms] [LOG] [Fast Refresh] done in 99ms @ http://localhost:5173/_next/static/chunks/node_modules_next_dist_1e8vcs8._.js:776
[ 3440328ms] [LOG] [Fast Refresh] done in 99ms @ http://localhost:5173/_next/static/chunks/node_modules_next_dist_1e8vcs8._.js:776
[ 3440379ms] [LOG] [Fast Refresh] done in 99ms @ http://localhost:5173/_next/static/chunks/node_modules_next_dist_1e8vcs8._.js:776
[ 3440440ms] [LOG] [Fast Refresh] done in 99ms @ http://localhost:5173/_next/static/chunks/node_modules_next_dist_1e8vcs8._.js:776
[ 3440494ms] [LOG] [Fast Refresh] done in 99ms @ http://localhost:5173/_next/static/chunks/node_modules_next_dist_1e8vcs8._.js:776
[ 3440556ms] [LOG] [Fast Refresh] done in 99ms @ http://localhost:5173/_next/static/chunks/node_modules_next_dist_1e8vcs8._.js:776
[ 3440624ms] [LOG] [Fast Refresh] done in 99ms @ http://localhost:5173/_next/static/chunks/node_modules_next_dist_1e8vcs8._.js:776
[ 3440686ms] [LOG] [Fast Refresh] done in 99ms @ http://localhost:5173/_next/static/chunks/node_modules_next_dist_1e8vcs8._.js:776
[ 3440734ms] [LOG] [Fast Refresh] done in 99ms @ http://localhost:5173/_next/static/chunks/node_modules_next_dist_1e8vcs8._.js:776
[ 3440794ms] [LOG] [Fast Refresh] done in 99ms @ http://localhost:5173/_next/static/chunks/node_modules_next_dist_1e8vcs8._.js:776
[ 3440855ms] [LOG] [Fast Refresh] done in 99ms @ http://localhost:5173/_next/static/chunks/node_modules_next_dist_1e8vcs8._.js:776
[ 3440905ms] [LOG] [Fast Refresh] done in 99ms @ http://localhost:5173/_next/static/chunks/node_modules_next_dist_1e8vcs8._.js:776
[ 3440969ms] [LOG] [Fast Refresh] done in 99ms @ http://localhost:5173/_next/static/chunks/node_modules_next_dist_1e8vcs8._.js:776
[ 3441034ms] [LOG] [Fast Refresh] done in 99ms @ http://localhost:5173/_next/static/chunks/node_modules_next_dist_1e8vcs8._.js:776
[ 3441096ms] [LOG] [Fast Refresh] done in 99ms @ http://localhost:5173/_next/static/chunks/node_modules_next_dist_1e8vcs8._.js:776
[ 3441159ms] [LOG] [Fast Refresh] done in 99ms @ http://localhost:5173/_next/static/chunks/node_modules_next_dist_1e8vcs8._.js:776
[ 3441225ms] [LOG] [Fast Refresh] done in 99ms @ http://localhost:5173/_next/static/chunks/node_modules_next_dist_1e8vcs8._.js:776
[ 3441286ms] [LOG] [Fast Refresh] done in 99ms @ http://localhost:5173/_next/static/chunks/node_modules_next_dist_1e8vcs8._.js:776
[ 3441334ms] [LOG] [Fast Refresh] done in 99ms @ http://localhost:5173/_next/static/chunks/node_modules_next_dist_1e8vcs8._.js:776
[ 3441387ms] [LOG] [Fast Refresh] done in 99ms @ http://localhost:5173/_next/static/chunks/node_modules_next_dist_1e8vcs8._.js:776
[ 3441448ms] [LOG] [Fast Refresh] done in 99ms @ http://localhost:5173/_next/static/chunks/node_modules_next_dist_1e8vcs8._.js:776
[ 3441510ms] [LOG] [Fast Refresh] done in 99ms @ http://localhost:5173/_next/static/chunks/node_modules_next_dist_1e8vcs8._.js:776
[ 3441579ms] [LOG] [Fast Refresh] done in 99ms @ http://localhost:5173/_next/static/chunks/node_modules_next_dist_1e8vcs8._.js:776
[ 3441642ms] [LOG] [Fast Refresh] done in 99ms @ http://localhost:5173/_next/static/chunks/node_modules_next_dist_1e8vcs8._.js:776
[ 3441694ms] [LOG] [Fast Refresh] done in 99ms @ http://localhost:5173/_next/static/chunks/node_modules_next_dist_1e8vcs8._.js:776
[ 3441744ms] [LOG] [Fast Refresh] done in 99ms @ http://localhost:5173/_next/static/chunks/node_modules_next_dist_1e8vcs8._.js:776
[ 3441794ms] [LOG] [Fast Refresh] done in 99ms @ http://localhost:5173/_next/static/chunks/node_modules_next_dist_1e8vcs8._.js:776
[ 3441841ms] [LOG] [Fast Refresh] done in 99ms @ http://localhost:5173/_next/static/chunks/node_modules_next_dist_1e8vcs8._.js:776
[ 3441894ms] [LOG] [Fast Refresh] done in 99ms @ http://localhost:5173/_next/static/chunks/node_modules_next_dist_1e8vcs8._.js:776
[ 3441959ms] [LOG] [Fast Refresh] done in 99ms @ http://localhost:5173/_next/static/chunks/node_modules_next_dist_1e8vcs8._.js:776
[ 3442028ms] [LOG] [Fast Refresh] done in 99ms @ http://localhost:5173/_next/static/chunks/node_modules_next_dist_1e8vcs8._.js:776
[ 3442079ms] [LOG] [Fast Refresh] done in 99ms @ http://localhost:5173/_next/static/chunks/node_modules_next_dist_1e8vcs8._.js:776
[ 3442141ms] [LOG] [Fast Refresh] done in 99ms @ http://localhost:5173/_next/static/chunks/node_modules_next_dist_1e8vcs8._.js:776
[ 3442201ms] [LOG] [Fast Refresh] done in 99ms @ http://localhost:5173/_next/static/chunks/node_modules_next_dist_1e8vcs8._.js:776
[ 3442249ms] [LOG] [Fast Refresh] done in 99ms @ http://localhost:5173/_next/static/chunks/node_modules_next_dist_1e8vcs8._.js:776
[ 3442296ms] [LOG] [Fast Refresh] done in 99ms @ http://localhost:5173/_next/static/chunks/node_modules_next_dist_1e8vcs8._.js:776
[ 3442346ms] [LOG] [Fast Refresh] done in 99ms @ http://localhost:5173/_next/static/chunks/node_modules_next_dist_1e8vcs8._.js:776
[ 3442394ms] [LOG] [Fast Refresh] done in 99ms @ http://localhost:5173/_next/static/chunks/node_modules_next_dist_1e8vcs8._.js:776
[ 3442443ms] [LOG] [Fast Refresh] done in 99ms @ http://localhost:5173/_next/static/chunks/node_modules_next_dist_1e8vcs8._.js:776
[ 3442483ms] [LOG] [Fast Refresh] done in 99ms @ http://localhost:5173/_next/static/chunks/node_modules_next_dist_1e8vcs8._.js:776
[ 3442546ms] [LOG] [Fast Refresh] done in 99ms @ http://localhost:5173/_next/static/chunks/node_modules_next_dist_1e8vcs8._.js:776
[ 3442595ms] [LOG] [Fast Refresh] done in 99ms @ http://localhost:5173/_next/static/chunks/node_modules_next_dist_1e8vcs8._.js:776
[ 3442658ms] [LOG] [Fast Refresh] done in 99ms @ http://localhost:5173/_next/static/chunks/node_modules_next_dist_1e8vcs8._.js:776
[ 3442711ms] [LOG] [Fast Refresh] done in 99ms @ http://localhost:5173/_next/static/chunks/node_modules_next_dist_1e8vcs8._.js:776
[ 3442772ms] [LOG] [Fast Refresh] done in 99ms @ http://localhost:5173/_next/static/chunks/node_modules_next_dist_1e8vcs8._.js:776
[ 3442834ms] [LOG] [Fast Refresh] done in 99ms @ http://localhost:5173/_next/static/chunks/node_modules_next_dist_1e8vcs8._.js:776
[ 3442897ms] [LOG] [Fast Refresh] done in 99ms @ http://localhost:5173/_next/static/chunks/node_modules_next_dist_1e8vcs8._.js:776
[ 3442960ms] [LOG] [Fast Refresh] done in 99ms @ http://localhost:5173/_next/static/chunks/node_modules_next_dist_1e8vcs8._.js:776
[ 3443022ms] [LOG] [Fast Refresh] done in 99ms @ http://localhost:5173/_next/static/chunks/node_modules_next_dist_1e8vcs8._.js:776
[ 3443085ms] [LOG] [Fast Refresh] done in 99ms @ http://localhost:5173/_next/static/chunks/node_modules_next_dist_1e8vcs8._.js:776
[ 3443147ms] [LOG] [Fast Refresh] done in 99ms @ http://localhost:5173/_next/static/chunks/node_modules_next_dist_1e8vcs8._.js:776
[ 3443210ms] [LOG] [Fast Refresh] done in 99ms @ http://localhost:5173/_next/static/chunks/node_modules_next_dist_1e8vcs8._.js:776
[ 3443279ms] [LOG] [Fast Refresh] done in 99ms @ http://localhost:5173/_next/static/chunks/node_modules_next_dist_1e8vcs8._.js:776
[ 3443341ms] [LOG] [Fast Refresh] done in 99ms @ http://localhost:5173/_next/static/chunks/node_modules_next_dist_1e8vcs8._.js:776
[ 3443394ms] [LOG] [Fast Refresh] done in 99ms @ http://localhost:5173/_next/static/chunks/node_modules_next_dist_1e8vcs8._.js:776
[ 3443458ms] [LOG] [Fast Refresh] done in 99ms @ http://localhost:5173/_next/static/chunks/node_modules_next_dist_1e8vcs8._.js:776
[ 3443524ms] [LOG] [Fast Refresh] done in 99ms @ http://localhost:5173/_next/static/chunks/node_modules_next_dist_1e8vcs8._.js:776
[ 3443580ms] [LOG] [Fast Refresh] done in 99ms @ http://localhost:5173/_next/static/chunks/node_modules_next_dist_1e8vcs8._.js:776
[ 3443640ms] [LOG] [Fast Refresh] done in 99ms @ http://localhost:5173/_next/static/chunks/node_modules_next_dist_1e8vcs8._.js:776
[ 3443704ms] [LOG] [Fast Refresh] done in 99ms @ http://localhost:5173/_next/static/chunks/node_modules_next_dist_1e8vcs8._.js:776
[ 3443766ms] [LOG] [Fast Refresh] done in 99ms @ http://localhost:5173/_next/static/chunks/node_modules_next_dist_1e8vcs8._.js:776
[ 3443836ms] [LOG] [Fast Refresh] done in 99ms @ http://localhost:5173/_next/static/chunks/node_modules_next_dist_1e8vcs8._.js:776
[ 3443886ms] [LOG] [Fast Refresh] done in 99ms @ http://localhost:5173/_next/static/chunks/node_modules_next_dist_1e8vcs8._.js:776
[ 3443948ms] [LOG] [Fast Refresh] done in 99ms @ http://localhost:5173/_next/static/chunks/node_modules_next_dist_1e8vcs8._.js:776
[ 3443996ms] [LOG] [Fast Refresh] done in 99ms @ http://localhost:5173/_next/static/chunks/node_modules_next_dist_1e8vcs8._.js:776
[ 3444051ms] [LOG] [Fast Refresh] done in 99ms @ http://localhost:5173/_next/static/chunks/node_modules_next_dist_1e8vcs8._.js:776
[ 3444102ms] [LOG] [Fast Refresh] done in 99ms @ http://localhost:5173/_next/static/chunks/node_modules_next_dist_1e8vcs8._.js:776
[ 3444164ms] [LOG] [Fast Refresh] done in 99ms @ http://localhost:5173/_next/static/chunks/node_modules_next_dist_1e8vcs8._.js:776
[ 3444213ms] [LOG] [Fast Refresh] done in 99ms @ http://localhost:5173/_next/static/chunks/node_modules_next_dist_1e8vcs8._.js:776
[ 3444261ms] [LOG] [Fast Refresh] done in 99ms @ http://localhost:5173/_next/static/chunks/node_modules_next_dist_1e8vcs8._.js:776
[ 3444325ms] [LOG] [Fast Refresh] done in 99ms @ http://localhost:5173/_next/static/chunks/node_modules_next_dist_1e8vcs8._.js:776
[ 3444378ms] [LOG] [Fast Refresh] done in 99ms @ http://localhost:5173/_next/static/chunks/node_modules_next_dist_1e8vcs8._.js:776
[ 3444441ms] [LOG] [Fast Refresh] done in 99ms @ http://localhost:5173/_next/static/chunks/node_modules_next_dist_1e8vcs8._.js:776
[ 3444495ms] [LOG] [Fast Refresh] done in 99ms @ http://localhost:5173/_next/static/chunks/node_modules_next_dist_1e8vcs8._.js:776
[ 3444556ms] [LOG] [Fast Refresh] done in 99ms @ http://localhost:5173/_next/static/chunks/node_modules_next_dist_1e8vcs8._.js:776
[ 3444611ms] [LOG] [Fast Refresh] done in 99ms @ http://localhost:5173/_next/static/chunks/node_modules_next_dist_1e8vcs8._.js:776
[ 3444678ms] [LOG] [Fast Refresh] done in 99ms @ http://localhost:5173/_next/static/chunks/node_modules_next_dist_1e8vcs8._.js:776
[ 3444729ms] [LOG] [Fast Refresh] done in 99ms @ http://localhost:5173/_next/static/chunks/node_modules_next_dist_1e8vcs8._.js:776
[ 3444779ms] [LOG] [Fast Refresh] done in 99ms @ http://localhost:5173/_next/static/chunks/node_modules_next_dist_1e8vcs8._.js:776
[ 3444841ms] [LOG] [Fast Refresh] done in 99ms @ http://localhost:5173/_next/static/chunks/node_modules_next_dist_1e8vcs8._.js:776
[ 3444894ms] [LOG] [Fast Refresh] done in 99ms @ http://localhost:5173/_next/static/chunks/node_modules_next_dist_1e8vcs8._.js:776
[ 3444959ms] [LOG] [Fast Refresh] done in 99ms @ http://localhost:5173/_next/static/chunks/node_modules_next_dist_1e8vcs8._.js:776
[ 3445022ms] [LOG] [Fast Refresh] done in 99ms @ http://localhost:5173/_next/static/chunks/node_modules_next_dist_1e8vcs8._.js:776
[ 3445069ms] [LOG] [Fast Refresh] done in 99ms @ http://localhost:5173/_next/static/chunks/node_modules_next_dist_1e8vcs8._.js:776
[ 3445139ms] [LOG] [Fast Refresh] done in 99ms @ http://localhost:5173/_next/static/chunks/node_modules_next_dist_1e8vcs8._.js:776
[ 3445194ms] [LOG] [Fast Refresh] done in 99ms @ http://localhost:5173/_next/static/chunks/node_modules_next_dist_1e8vcs8._.js:776
[ 3445257ms] [LOG] [Fast Refresh] done in 99ms @ http://localhost:5173/_next/static/chunks/node_modules_next_dist_1e8vcs8._.js:776
[ 3445309ms] [LOG] [Fast Refresh] done in 99ms @ http://localhost:5173/_next/static/chunks/node_modules_next_dist_1e8vcs8._.js:776
[ 3445370ms] [LOG] [Fast Refresh] done in 99ms @ http://localhost:5173/_next/static/chunks/node_modules_next_dist_1e8vcs8._.js:776
[ 3445432ms] [LOG] [Fast Refresh] done in 99ms @ http://localhost:5173/_next/static/chunks/node_modules_next_dist_1e8vcs8._.js:776
[ 3445495ms] [LOG] [Fast Refresh] done in 99ms @ http://localhost:5173/_next/static/chunks/node_modules_next_dist_1e8vcs8._.js:776
[ 3445545ms] [LOG] [Fast Refresh] done in 99ms @ http://localhost:5173/_next/static/chunks/node_modules_next_dist_1e8vcs8._.js:776
[ 3445594ms] [LOG] [Fast Refresh] done in 99ms @ http://localhost:5173/_next/static/chunks/node_modules_next_dist_1e8vcs8._.js:776
[ 3445641ms] [LOG] [Fast Refresh] done in 99ms @ http://localhost:5173/_next/static/chunks/node_modules_next_dist_1e8vcs8._.js:776
[ 3445695ms] [LOG] [Fast Refresh] done in 99ms @ http://localhost:5173/_next/static/chunks/node_modules_next_dist_1e8vcs8._.js:776
[ 3445758ms] [LOG] [Fast Refresh] done in 99ms @ http://localhost:5173/_next/static/chunks/node_modules_next_dist_1e8vcs8._.js:776
[ 3445828ms] [LOG] [Fast Refresh] done in 99ms @ http://localhost:5173/_next/static/chunks/node_modules_next_dist_1e8vcs8._.js:776
[ 3445878ms] [LOG] [Fast Refresh] done in 99ms @ http://localhost:5173/_next/static/chunks/node_modules_next_dist_1e8vcs8._.js:776
[ 3445942ms] [LOG] [Fast Refresh] done in 99ms @ http://localhost:5173/_next/static/chunks/node_modules_next_dist_1e8vcs8._.js:776
[ 3445994ms] [LOG] [Fast Refresh] done in 99ms @ http://localhost:5173/_next/static/chunks/node_modules_next_dist_1e8vcs8._.js:776
[ 3446057ms] [LOG] [Fast Refresh] done in 99ms @ http://localhost:5173/_next/static/chunks/node_modules_next_dist_1e8vcs8._.js:776
[ 3446125ms] [LOG] [Fast Refresh] done in 99ms @ http://localhost:5173/_next/static/chunks/node_modules_next_dist_1e8vcs8._.js:776
[ 3446182ms] [LOG] [Fast Refresh] done in 99ms @ http://localhost:5173/_next/static/chunks/node_modules_next_dist_1e8vcs8._.js:776
[ 3446234ms] [LOG] [Fast Refresh] done in 99ms @ http://localhost:5173/_next/static/chunks/node_modules_next_dist_1e8vcs8._.js:776
[ 3446286ms] [LOG] [Fast Refresh] done in 99ms @ http://localhost:5173/_next/static/chunks/node_modules_next_dist_1e8vcs8._.js:776
[ 3446344ms] [LOG] [Fast Refresh] done in 99ms @ http://localhost:5173/_next/static/chunks/node_modules_next_dist_1e8vcs8._.js:776
[ 3446393ms] [LOG] [Fast Refresh] done in 99ms @ http://localhost:5173/_next/static/chunks/node_modules_next_dist_1e8vcs8._.js:776
[ 3446454ms] [LOG] [Fast Refresh] done in 99ms @ http://localhost:5173/_next/static/chunks/node_modules_next_dist_1e8vcs8._.js:776
[ 3446517ms] [LOG] [Fast Refresh] done in 99ms @ http://localhost:5173/_next/static/chunks/node_modules_next_dist_1e8vcs8._.js:776
[ 3446579ms] [LOG] [Fast Refresh] done in 99ms @ http://localhost:5173/_next/static/chunks/node_modules_next_dist_1e8vcs8._.js:776
[ 3446625ms] [LOG] [Fast Refresh] done in 99ms @ http://localhost:5173/_next/static/chunks/node_modules_next_dist_1e8vcs8._.js:776
[ 3446679ms] [LOG] [Fast Refresh] done in 99ms @ http://localhost:5173/_next/static/chunks/node_modules_next_dist_1e8vcs8._.js:776
[ 3446740ms] [LOG] [Fast Refresh] done in 99ms @ http://localhost:5173/_next/static/chunks/node_modules_next_dist_1e8vcs8._.js:776
[ 3446794ms] [LOG] [Fast Refresh] done in 99ms @ http://localhost:5173/_next/static/chunks/node_modules_next_dist_1e8vcs8._.js:776
[ 3446844ms] [LOG] [Fast Refresh] done in 99ms @ http://localhost:5173/_next/static/chunks/node_modules_next_dist_1e8vcs8._.js:776
[ 3446893ms] [LOG] [Fast Refresh] done in 99ms @ http://localhost:5173/_next/static/chunks/node_modules_next_dist_1e8vcs8._.js:776
[ 3446944ms] [LOG] [Fast Refresh] done in 99ms @ http://localhost:5173/_next/static/chunks/node_modules_next_dist_1e8vcs8._.js:776
[ 3446993ms] [LOG] [Fast Refresh] done in 99ms @ http://localhost:5173/_next/static/chunks/node_modules_next_dist_1e8vcs8._.js:776
[ 3447045ms] [LOG] [Fast Refresh] done in 99ms @ http://localhost:5173/_next/static/chunks/node_modules_next_dist_1e8vcs8._.js:776
[ 3447094ms] [LOG] [Fast Refresh] done in 99ms @ http://localhost:5173/_next/static/chunks/node_modules_next_dist_1e8vcs8._.js:776
[ 3447156ms] [LOG] [Fast Refresh] done in 99ms @ http://localhost:5173/_next/static/chunks/node_modules_next_dist_1e8vcs8._.js:776
[ 3447229ms] [LOG] [Fast Refresh] done in 99ms @ http://localhost:5173/_next/static/chunks/node_modules_next_dist_1e8vcs8._.js:776
[ 3447279ms] [LOG] [Fast Refresh] done in 99ms @ http://localhost:5173/_next/static/chunks/node_modules_next_dist_1e8vcs8._.js:776
[ 3447341ms] [LOG] [Fast Refresh] done in 99ms @ http://localhost:5173/_next/static/chunks/node_modules_next_dist_1e8vcs8._.js:776
[ 3447393ms] [LOG] [Fast Refresh] done in 99ms @ http://localhost:5173/_next/static/chunks/node_modules_next_dist_1e8vcs8._.js:776
[ 3447458ms] [LOG] [Fast Refresh] done in 99ms @ http://localhost:5173/_next/static/chunks/node_modules_next_dist_1e8vcs8._.js:776
[ 3447517ms] [LOG] [Fast Refresh] done in 99ms @ http://localhost:5173/_next/static/chunks/node_modules_next_dist_1e8vcs8._.js:776
[ 3447578ms] [LOG] [Fast Refresh] done in 99ms @ http://localhost:5173/_next/static/chunks/node_modules_next_dist_1e8vcs8._.js:776
[ 3447640ms] [LOG] [Fast Refresh] done in 99ms @ http://localhost:5173/_next/static/chunks/node_modules_next_dist_1e8vcs8._.js:776
[ 3447694ms] [LOG] [Fast Refresh] done in 99ms @ http://localhost:5173/_next/static/chunks/node_modules_next_dist_1e8vcs8._.js:776
[ 3447755ms] [LOG] [Fast Refresh] done in 99ms @ http://localhost:5173/_next/static/chunks/node_modules_next_dist_1e8vcs8._.js:776
[ 3447804ms] [LOG] [Fast Refresh] done in 99ms @ http://localhost:5173/_next/static/chunks/node_modules_next_dist_1e8vcs8._.js:776
[ 3447866ms] [LOG] [Fast Refresh] done in 99ms @ http://localhost:5173/_next/static/chunks/node_modules_next_dist_1e8vcs8._.js:776
[ 3447932ms] [LOG] [Fast Refresh] done in 99ms @ http://localhost:5173/_next/static/chunks/node_modules_next_dist_1e8vcs8._.js:776
[ 3447986ms] [LOG] [Fast Refresh] done in 99ms @ http://localhost:5173/_next/static/chunks/node_modules_next_dist_1e8vcs8._.js:776
[ 3448048ms] [LOG] [Fast Refresh] done in 99ms @ http://localhost:5173/_next/static/chunks/node_modules_next_dist_1e8vcs8._.js:776
[ 3448100ms] [LOG] [Fast Refresh] done in 99ms @ http://localhost:5173/_next/static/chunks/node_modules_next_dist_1e8vcs8._.js:776
[ 3448162ms] [LOG] [Fast Refresh] done in 99ms @ http://localhost:5173/_next/static/chunks/node_modules_next_dist_1e8vcs8._.js:776
[ 3448216ms] [LOG] [Fast Refresh] done in 99ms @ http://localhost:5173/_next/static/chunks/node_modules_next_dist_1e8vcs8._.js:776
[ 3448278ms] [LOG] [Fast Refresh] done in 99ms @ http://localhost:5173/_next/static/chunks/node_modules_next_dist_1e8vcs8._.js:776
[ 3448325ms] [LOG] [Fast Refresh] done in 99ms @ http://localhost:5173/_next/static/chunks/node_modules_next_dist_1e8vcs8._.js:776
[ 3448379ms] [LOG] [Fast Refresh] done in 99ms @ http://localhost:5173/_next/static/chunks/node_modules_next_dist_1e8vcs8._.js:776
[ 3448429ms] [LOG] [Fast Refresh] done in 99ms @ http://localhost:5173/_next/static/chunks/node_modules_next_dist_1e8vcs8._.js:776
[ 3448478ms] [LOG] [Fast Refresh] done in 99ms @ http://localhost:5173/_next/static/chunks/node_modules_next_dist_1e8vcs8._.js:776
[ 3448540ms] [LOG] [Fast Refresh] done in 99ms @ http://localhost:5173/_next/static/chunks/node_modules_next_dist_1e8vcs8._.js:776
[ 3448595ms] [LOG] [Fast Refresh] done in 99ms @ http://localhost:5173/_next/static/chunks/node_modules_next_dist_1e8vcs8._.js:776
[ 3448656ms] [LOG] [Fast Refresh] done in 99ms @ http://localhost:5173/_next/static/chunks/node_modules_next_dist_1e8vcs8._.js:776
[ 3448724ms] [LOG] [Fast Refresh] done in 99ms @ http://localhost:5173/_next/static/chunks/node_modules_next_dist_1e8vcs8._.js:776
[ 3448771ms] [LOG] [Fast Refresh] done in 99ms @ http://localhost:5173/_next/static/chunks/node_modules_next_dist_1e8vcs8._.js:776
[ 3448833ms] [LOG] [Fast Refresh] done in 99ms @ http://localhost:5173/_next/static/chunks/node_modules_next_dist_1e8vcs8._.js:776
[ 3448887ms] [LOG] [Fast Refresh] done in 99ms @ http://localhost:5173/_next/static/chunks/node_modules_next_dist_1e8vcs8._.js:776
[ 3448944ms] [LOG] [Fast Refresh] done in 99ms @ http://localhost:5173/_next/static/chunks/node_modules_next_dist_1e8vcs8._.js:776
[ 3448995ms] [LOG] [Fast Refresh] done in 99ms @ http://localhost:5173/_next/static/chunks/node_modules_next_dist_1e8vcs8._.js:776
[ 3449042ms] [LOG] [Fast Refresh] done in 99ms @ http://localhost:5173/_next/static/chunks/node_modules_next_dist_1e8vcs8._.js:776
[ 3449094ms] [LOG] [Fast Refresh] done in 99ms @ http://localhost:5173/_next/static/chunks/node_modules_next_dist_1e8vcs8._.js:776
[ 3449157ms] [LOG] [Fast Refresh] done in 99ms @ http://localhost:5173/_next/static/chunks/node_modules_next_dist_1e8vcs8._.js:776
[ 3449218ms] [LOG] [Fast Refresh] done in 99ms @ http://localhost:5173/_next/static/chunks/node_modules_next_dist_1e8vcs8._.js:776
[ 3449280ms] [LOG] [Fast Refresh] done in 99ms @ http://localhost:5173/_next/static/chunks/node_modules_next_dist_1e8vcs8._.js:776
[ 3449342ms] [LOG] [Fast Refresh] done in 99ms @ http://localhost:5173/_next/static/chunks/node_modules_next_dist_1e8vcs8._.js:776
[ 3449386ms] [LOG] [Fast Refresh] done in 99ms @ http://localhost:5173/_next/static/chunks/node_modules_next_dist_1e8vcs8._.js:776
[ 3449437ms] [LOG] [Fast Refresh] done in 99ms @ http://localhost:5173/_next/static/chunks/node_modules_next_dist_1e8vcs8._.js:776
[ 3449486ms] [LOG] [Fast Refresh] done in 99ms @ http://localhost:5173/_next/static/chunks/node_modules_next_dist_1e8vcs8._.js:776
[ 3449556ms] [LOG] [Fast Refresh] done in 99ms @ http://localhost:5173/_next/static/chunks/node_modules_next_dist_1e8vcs8._.js:776
[ 3449617ms] [LOG] [Fast Refresh] done in 99ms @ http://localhost:5173/_next/static/chunks/node_modules_next_dist_1e8vcs8._.js:776
[ 3449680ms] [LOG] [Fast Refresh] done in 99ms @ http://localhost:5173/_next/static/chunks/node_modules_next_dist_1e8vcs8._.js:776
[ 3449742ms] [LOG] [Fast Refresh] done in 99ms @ http://localhost:5173/_next/static/chunks/node_modules_next_dist_1e8vcs8._.js:776
[ 3449801ms] [LOG] [Fast Refresh] done in 99ms @ http://localhost:5173/_next/static/chunks/node_modules_next_dist_1e8vcs8._.js:776
[ 3449848ms] [LOG] [Fast Refresh] done in 99ms @ http://localhost:5173/_next/static/chunks/node_modules_next_dist_1e8vcs8._.js:776
[ 3449900ms] [LOG] [Fast Refresh] done in 99ms @ http://localhost:5173/_next/static/chunks/node_modules_next_dist_1e8vcs8._.js:776
[ 3449959ms] [LOG] [Fast Refresh] done in 99ms @ http://localhost:5173/_next/static/chunks/node_modules_next_dist_1e8vcs8._.js:776
[ 3450018ms] [LOG] [Fast Refresh] done in 99ms @ http://localhost:5173/_next/static/chunks/node_modules_next_dist_1e8vcs8._.js:776
[ 3450081ms] [LOG] [Fast Refresh] done in 99ms @ http://localhost:5173/_next/static/chunks/node_modules_next_dist_1e8vcs8._.js:776
[ 3450144ms] [LOG] [Fast Refresh] done in 99ms @ http://localhost:5173/_next/static/chunks/node_modules_next_dist_1e8vcs8._.js:776
[ 3450193ms] [LOG] [Fast Refresh] done in 99ms @ http://localhost:5173/_next/static/chunks/node_modules_next_dist_1e8vcs8._.js:776
[ 3450247ms] [LOG] [Fast Refresh] done in 99ms @ http://localhost:5173/_next/static/chunks/node_modules_next_dist_1e8vcs8._.js:776
[ 3450309ms] [LOG] [Fast Refresh] done in 99ms @ http://localhost:5173/_next/static/chunks/node_modules_next_dist_1e8vcs8._.js:776
[ 3450376ms] [LOG] [Fast Refresh] done in 99ms @ http://localhost:5173/_next/static/chunks/node_modules_next_dist_1e8vcs8._.js:776
[ 3450423ms] [LOG] [Fast Refresh] done in 99ms @ http://localhost:5173/_next/static/chunks/node_modules_next_dist_1e8vcs8._.js:776
[ 3450487ms] [LOG] [Fast Refresh] done in 99ms @ http://localhost:5173/_next/static/chunks/node_modules_next_dist_1e8vcs8._.js:776
[ 3450548ms] [LOG] [Fast Refresh] done in 99ms @ http://localhost:5173/_next/static/chunks/node_modules_next_dist_1e8vcs8._.js:776
[ 3450611ms] [LOG] [Fast Refresh] done in 99ms @ http://localhost:5173/_next/static/chunks/node_modules_next_dist_1e8vcs8._.js:776
[ 3450659ms] [LOG] [Fast Refresh] done in 99ms @ http://localhost:5173/_next/static/chunks/node_modules_next_dist_1e8vcs8._.js:776
[ 3450707ms] [LOG] [Fast Refresh] done in 99ms @ http://localhost:5173/_next/static/chunks/node_modules_next_dist_1e8vcs8._.js:776
[ 3450776ms] [LOG] [Fast Refresh] done in 99ms @ http://localhost:5173/_next/static/chunks/node_modules_next_dist_1e8vcs8._.js:776
[ 3450839ms] [LOG] [Fast Refresh] done in 99ms @ http://localhost:5173/_next/static/chunks/node_modules_next_dist_1e8vcs8._.js:776
[ 3450901ms] [LOG] [Fast Refresh] done in 99ms @ http://localhost:5173/_next/static/chunks/node_modules_next_dist_1e8vcs8._.js:776
[ 3450963ms] [LOG] [Fast Refresh] done in 99ms @ http://localhost:5173/_next/static/chunks/node_modules_next_dist_1e8vcs8._.js:776
[ 3451010ms] [LOG] [Fast Refresh] done in 99ms @ http://localhost:5173/_next/static/chunks/node_modules_next_dist_1e8vcs8._.js:776
[ 3451077ms] [LOG] [Fast Refresh] done in 99ms @ http://localhost:5173/_next/static/chunks/node_modules_next_dist_1e8vcs8._.js:776
[ 3451125ms] [LOG] [Fast Refresh] done in 99ms @ http://localhost:5173/_next/static/chunks/node_modules_next_dist_1e8vcs8._.js:776
[ 3451176ms] [LOG] [Fast Refresh] done in 99ms @ http://localhost:5173/_next/static/chunks/node_modules_next_dist_1e8vcs8._.js:776
[ 3451238ms] [LOG] [Fast Refresh] done in 99ms @ http://localhost:5173/_next/static/chunks/node_modules_next_dist_1e8vcs8._.js:776
[ 3451293ms] [LOG] [Fast Refresh] done in 99ms @ http://localhost:5173/_next/static/chunks/node_modules_next_dist_1e8vcs8._.js:776
[ 3451345ms] [LOG] [Fast Refresh] done in 99ms @ http://localhost:5173/_next/static/chunks/node_modules_next_dist_1e8vcs8._.js:776
[ 3451393ms] [LOG] [Fast Refresh] done in 99ms @ http://localhost:5173/_next/static/chunks/node_modules_next_dist_1e8vcs8._.js:776
[ 3451443ms] [LOG] [Fast Refresh] done in 99ms @ http://localhost:5173/_next/static/chunks/node_modules_next_dist_1e8vcs8._.js:776
[ 3451505ms] [LOG] [Fast Refresh] done in 99ms @ http://localhost:5173/_next/static/chunks/node_modules_next_dist_1e8vcs8._.js:776
[ 3451566ms] [LOG] [Fast Refresh] done in 99ms @ http://localhost:5173/_next/static/chunks/node_modules_next_dist_1e8vcs8._.js:776
[ 3451631ms] [LOG] [Fast Refresh] done in 99ms @ http://localhost:5173/_next/static/chunks/node_modules_next_dist_1e8vcs8._.js:776
[ 3451685ms] [LOG] [Fast Refresh] done in 99ms @ http://localhost:5173/_next/static/chunks/node_modules_next_dist_1e8vcs8._.js:776
[ 3451747ms] [LOG] [Fast Refresh] done in 99ms @ http://localhost:5173/_next/static/chunks/node_modules_next_dist_1e8vcs8._.js:776
[ 3451795ms] [LOG] [Fast Refresh] done in 99ms @ http://localhost:5173/_next/static/chunks/node_modules_next_dist_1e8vcs8._.js:776
[ 3451844ms] [LOG] [Fast Refresh] done in 99ms @ http://localhost:5173/_next/static/chunks/node_modules_next_dist_1e8vcs8._.js:776
[ 3451892ms] [LOG] [Fast Refresh] done in 99ms @ http://localhost:5173/_next/static/chunks/node_modules_next_dist_1e8vcs8._.js:776
[ 3451993ms] [LOG] [Fast Refresh] done in 99ms @ http://localhost:5173/_next/static/chunks/node_modules_next_dist_1e8vcs8._.js:776
[ 3452053ms] [LOG] [Fast Refresh] done in 99ms @ http://localhost:5173/_next/static/chunks/node_modules_next_dist_1e8vcs8._.js:776
[ 3452102ms] [LOG] [Fast Refresh] done in 99ms @ http://localhost:5173/_next/static/chunks/node_modules_next_dist_1e8vcs8._.js:776
[ 3452150ms] [LOG] [Fast Refresh] done in 99ms @ http://localhost:5173/_next/static/chunks/node_modules_next_dist_1e8vcs8._.js:776
[ 3452212ms] [LOG] [Fast Refresh] done in 99ms @ http://localhost:5173/_next/static/chunks/node_modules_next_dist_1e8vcs8._.js:776
[ 3452279ms] [LOG] [Fast Refresh] done in 99ms @ http://localhost:5173/_next/static/chunks/node_modules_next_dist_1e8vcs8._.js:776
[ 3452326ms] [LOG] [Fast Refresh] done in 99ms @ http://localhost:5173/_next/static/chunks/node_modules_next_dist_1e8vcs8._.js:776
[ 3452379ms] [LOG] [Fast Refresh] done in 99ms @ http://localhost:5173/_next/static/chunks/node_modules_next_dist_1e8vcs8._.js:776
[ 3452440ms] [LOG] [Fast Refresh] done in 99ms @ http://localhost:5173/_next/static/chunks/node_modules_next_dist_1e8vcs8._.js:776
[ 3452494ms] [LOG] [Fast Refresh] done in 99ms @ http://localhost:5173/_next/static/chunks/node_modules_next_dist_1e8vcs8._.js:776
[ 3452558ms] [LOG] [Fast Refresh] done in 99ms @ http://localhost:5173/_next/static/chunks/node_modules_next_dist_1e8vcs8._.js:776
[ 3452610ms] [LOG] [Fast Refresh] done in 99ms @ http://localhost:5173/_next/static/chunks/node_modules_next_dist_1e8vcs8._.js:776
[ 3452679ms] [LOG] [Fast Refresh] done in 99ms @ http://localhost:5173/_next/static/chunks/node_modules_next_dist_1e8vcs8._.js:776
[ 3452740ms] [LOG] [Fast Refresh] done in 99ms @ http://localhost:5173/_next/static/chunks/node_modules_next_dist_1e8vcs8._.js:776
[ 3452794ms] [LOG] [Fast Refresh] done in 99ms @ http://localhost:5173/_next/static/chunks/node_modules_next_dist_1e8vcs8._.js:776
[ 3452857ms] [LOG] [Fast Refresh] done in 99ms @ http://localhost:5173/_next/static/chunks/node_modules_next_dist_1e8vcs8._.js:776
[ 3452925ms] [LOG] [Fast Refresh] done in 99ms @ http://localhost:5173/_next/static/chunks/node_modules_next_dist_1e8vcs8._.js:776
[ 3452979ms] [LOG] [Fast Refresh] done in 99ms @ http://localhost:5173/_next/static/chunks/node_modules_next_dist_1e8vcs8._.js:776
[ 3453041ms] [LOG] [Fast Refresh] done in 99ms @ http://localhost:5173/_next/static/chunks/node_modules_next_dist_1e8vcs8._.js:776
[ 3453089ms] [LOG] [Fast Refresh] done in 99ms @ http://localhost:5173/_next/static/chunks/node_modules_next_dist_1e8vcs8._.js:776
[ 3453158ms] [LOG] [Fast Refresh] done in 99ms @ http://localhost:5173/_next/static/chunks/node_modules_next_dist_1e8vcs8._.js:776
[ 3453210ms] [LOG] [Fast Refresh] done in 99ms @ http://localhost:5173/_next/static/chunks/node_modules_next_dist_1e8vcs8._.js:776
[ 3453279ms] [LOG] [Fast Refresh] done in 99ms @ http://localhost:5173/_next/static/chunks/node_modules_next_dist_1e8vcs8._.js:776
[ 3453340ms] [LOG] [Fast Refresh] done in 99ms @ http://localhost:5173/_next/static/chunks/node_modules_next_dist_1e8vcs8._.js:776
[ 3453393ms] [LOG] [Fast Refresh] done in 99ms @ http://localhost:5173/_next/static/chunks/node_modules_next_dist_1e8vcs8._.js:776
[ 3453456ms] [LOG] [Fast Refresh] done in 99ms @ http://localhost:5173/_next/static/chunks/node_modules_next_dist_1e8vcs8._.js:776
[ 3453510ms] [LOG] [Fast Refresh] done in 99ms @ http://localhost:5173/_next/static/chunks/node_modules_next_dist_1e8vcs8._.js:776
[ 3453578ms] [LOG] [Fast Refresh] done in 99ms @ http://localhost:5173/_next/static/chunks/node_modules_next_dist_1e8vcs8._.js:776
[ 3453624ms] [LOG] [Fast Refresh] done in 99ms @ http://localhost:5173/_next/static/chunks/node_modules_next_dist_1e8vcs8._.js:776
[ 3453678ms] [LOG] [Fast Refresh] done in 99ms @ http://localhost:5173/_next/static/chunks/node_modules_next_dist_1e8vcs8._.js:776
[ 3453728ms] [LOG] [Fast Refresh] done in 99ms @ http://localhost:5173/_next/static/chunks/node_modules_next_dist_1e8vcs8._.js:776
[ 3453778ms] [LOG] [Fast Refresh] done in 99ms @ http://localhost:5173/_next/static/chunks/node_modules_next_dist_1e8vcs8._.js:776
[ 3453829ms] [LOG] [Fast Refresh] done in 99ms @ http://localhost:5173/_next/static/chunks/node_modules_next_dist_1e8vcs8._.js:776
[ 3453878ms] [LOG] [Fast Refresh] done in 99ms @ http://localhost:5173/_next/static/chunks/node_modules_next_dist_1e8vcs8._.js:776
[ 3453929ms] [LOG] [Fast Refresh] done in 99ms @ http://localhost:5173/_next/static/chunks/node_modules_next_dist_1e8vcs8._.js:776
[ 3453978ms] [LOG] [Fast Refresh] done in 99ms @ http://localhost:5173/_next/static/chunks/node_modules_next_dist_1e8vcs8._.js:776
[ 3454039ms] [LOG] [Fast Refresh] done in 99ms @ http://localhost:5173/_next/static/chunks/node_modules_next_dist_1e8vcs8._.js:776
[ 3454088ms] [LOG] [Fast Refresh] done in 99ms @ http://localhost:5173/_next/static/chunks/node_modules_next_dist_1e8vcs8._.js:776
[ 3454139ms] [LOG] [Fast Refresh] done in 99ms @ http://localhost:5173/_next/static/chunks/node_modules_next_dist_1e8vcs8._.js:776
[ 3454194ms] [LOG] [Fast Refresh] done in 99ms @ http://localhost:5173/_next/static/chunks/node_modules_next_dist_1e8vcs8._.js:776
[ 3454257ms] [LOG] [Fast Refresh] done in 99ms @ http://localhost:5173/_next/static/chunks/node_modules_next_dist_1e8vcs8._.js:776
[ 3454318ms] [LOG] [Fast Refresh] done in 99ms @ http://localhost:5173/_next/static/chunks/node_modules_next_dist_1e8vcs8._.js:776
[ 3454366ms] [LOG] [Fast Refresh] done in 99ms @ http://localhost:5173/_next/static/chunks/node_modules_next_dist_1e8vcs8._.js:776
[ 3454417ms] [LOG] [Fast Refresh] done in 99ms @ http://localhost:5173/_next/static/chunks/node_modules_next_dist_1e8vcs8._.js:776
[ 3454464ms] [LOG] [Fast Refresh] done in 99ms @ http://localhost:5173/_next/static/chunks/node_modules_next_dist_1e8vcs8._.js:776
[ 3454520ms] [LOG] [Fast Refresh] done in 99ms @ http://localhost:5173/_next/static/chunks/node_modules_next_dist_1e8vcs8._.js:776
[ 3454578ms] [LOG] [Fast Refresh] done in 99ms @ http://localhost:5173/_next/static/chunks/node_modules_next_dist_1e8vcs8._.js:776
[ 3454640ms] [LOG] [Fast Refresh] done in 99ms @ http://localhost:5173/_next/static/chunks/node_modules_next_dist_1e8vcs8._.js:776
[ 3454678ms] [LOG] [Fast Refresh] done in 99ms @ http://localhost:5173/_next/static/chunks/node_modules_next_dist_1e8vcs8._.js:776
[ 3454741ms] [LOG] [Fast Refresh] done in 99ms @ http://localhost:5173/_next/static/chunks/node_modules_next_dist_1e8vcs8._.js:776
[ 3454802ms] [LOG] [Fast Refresh] done in 99ms @ http://localhost:5173/_next/static/chunks/node_modules_next_dist_1e8vcs8._.js:776
[ 3454852ms] [LOG] [Fast Refresh] done in 99ms @ http://localhost:5173/_next/static/chunks/node_modules_next_dist_1e8vcs8._.js:776
[ 3454901ms] [LOG] [Fast Refresh] done in 99ms @ http://localhost:5173/_next/static/chunks/node_modules_next_dist_1e8vcs8._.js:776
[ 3454964ms] [LOG] [Fast Refresh] done in 99ms @ http://localhost:5173/_next/static/chunks/node_modules_next_dist_1e8vcs8._.js:776
[ 3455029ms] [LOG] [Fast Refresh] done in 99ms @ http://localhost:5173/_next/static/chunks/node_modules_next_dist_1e8vcs8._.js:776
[ 3455079ms] [LOG] [Fast Refresh] done in 99ms @ http://localhost:5173/_next/static/chunks/node_modules_next_dist_1e8vcs8._.js:776
[ 3455140ms] [LOG] [Fast Refresh] done in 99ms @ http://localhost:5173/_next/static/chunks/node_modules_next_dist_1e8vcs8._.js:776
[ 3455194ms] [LOG] [Fast Refresh] done in 99ms @ http://localhost:5173/_next/static/chunks/node_modules_next_dist_1e8vcs8._.js:776
[ 3455256ms] [LOG] [Fast Refresh] done in 99ms @ http://localhost:5173/_next/static/chunks/node_modules_next_dist_1e8vcs8._.js:776
[ 3455318ms] [LOG] [Fast Refresh] done in 99ms @ http://localhost:5173/_next/static/chunks/node_modules_next_dist_1e8vcs8._.js:776
[ 3455387ms] [LOG] [Fast Refresh] done in 99ms @ http://localhost:5173/_next/static/chunks/node_modules_next_dist_1e8vcs8._.js:776
[ 3455432ms] [LOG] [Fast Refresh] done in 99ms @ http://localhost:5173/_next/static/chunks/node_modules_next_dist_1e8vcs8._.js:776
[ 3455486ms] [LOG] [Fast Refresh] done in 99ms @ http://localhost:5173/_next/static/chunks/node_modules_next_dist_1e8vcs8._.js:776
[ 3455549ms] [LOG] [Fast Refresh] done in 99ms @ http://localhost:5173/_next/static/chunks/node_modules_next_dist_1e8vcs8._.js:776
[ 3455596ms] [LOG] [Fast Refresh] done in 99ms @ http://localhost:5173/_next/static/chunks/node_modules_next_dist_1e8vcs8._.js:776
[ 3455644ms] [LOG] [Fast Refresh] done in 99ms @ http://localhost:5173/_next/static/chunks/node_modules_next_dist_1e8vcs8._.js:776
[ 3455693ms] [LOG] [Fast Refresh] done in 99ms @ http://localhost:5173/_next/static/chunks/node_modules_next_dist_1e8vcs8._.js:776
[ 3455754ms] [LOG] [Fast Refresh] done in 99ms @ http://localhost:5173/_next/static/chunks/node_modules_next_dist_1e8vcs8._.js:776
[ 3455809ms] [LOG] [Fast Refresh] done in 99ms @ http://localhost:5173/_next/static/chunks/node_modules_next_dist_1e8vcs8._.js:776
[ 3455879ms] [LOG] [Fast Refresh] done in 99ms @ http://localhost:5173/_next/static/chunks/node_modules_next_dist_1e8vcs8._.js:776
[ 3455941ms] [LOG] [Fast Refresh] done in 99ms @ http://localhost:5173/_next/static/chunks/node_modules_next_dist_1e8vcs8._.js:776
[ 3455994ms] [LOG] [Fast Refresh] done in 99ms @ http://localhost:5173/_next/static/chunks/node_modules_next_dist_1e8vcs8._.js:776
[ 3456055ms] [LOG] [Fast Refresh] done in 99ms @ http://localhost:5173/_next/static/chunks/node_modules_next_dist_1e8vcs8._.js:776
[ 3456125ms] [LOG] [Fast Refresh] done in 99ms @ http://localhost:5173/_next/static/chunks/node_modules_next_dist_1e8vcs8._.js:776
[ 3456185ms] [LOG] [Fast Refresh] done in 99ms @ http://localhost:5173/_next/static/chunks/node_modules_next_dist_1e8vcs8._.js:776
[ 3456234ms] [LOG] [Fast Refresh] done in 99ms @ http://localhost:5173/_next/static/chunks/node_modules_next_dist_1e8vcs8._.js:776
[ 3456286ms] [LOG] [Fast Refresh] done in 99ms @ http://localhost:5173/_next/static/chunks/node_modules_next_dist_1e8vcs8._.js:776
[ 3456334ms] [LOG] [Fast Refresh] done in 99ms @ http://localhost:5173/_next/static/chunks/node_modules_next_dist_1e8vcs8._.js:776
[ 3456386ms] [LOG] [Fast Refresh] done in 99ms @ http://localhost:5173/_next/static/chunks/node_modules_next_dist_1e8vcs8._.js:776
[ 3456436ms] [LOG] [Fast Refresh] done in 99ms @ http://localhost:5173/_next/static/chunks/node_modules_next_dist_1e8vcs8._.js:776
[ 3456486ms] [LOG] [Fast Refresh] done in 99ms @ http://localhost:5173/_next/static/chunks/node_modules_next_dist_1e8vcs8._.js:776
[ 3456547ms] [LOG] [Fast Refresh] done in 99ms @ http://localhost:5173/_next/static/chunks/node_modules_next_dist_1e8vcs8._.js:776
[ 3456609ms] [LOG] [Fast Refresh] done in 99ms @ http://localhost:5173/_next/static/chunks/node_modules_next_dist_1e8vcs8._.js:776
[ 3456660ms] [LOG] [Fast Refresh] done in 99ms @ http://localhost:5173/_next/static/chunks/node_modules_next_dist_1e8vcs8._.js:776
[ 3456724ms] [LOG] [Fast Refresh] done in 99ms @ http://localhost:5173/_next/static/chunks/node_modules_next_dist_1e8vcs8._.js:776
[ 3456774ms] [LOG] [Fast Refresh] done in 99ms @ http://localhost:5173/_next/static/chunks/node_modules_next_dist_1e8vcs8._.js:776
[ 3456827ms] [LOG] [Fast Refresh] done in 99ms @ http://localhost:5173/_next/static/chunks/node_modules_next_dist_1e8vcs8._.js:776
[ 3456879ms] [LOG] [Fast Refresh] done in 99ms @ http://localhost:5173/_next/static/chunks/node_modules_next_dist_1e8vcs8._.js:776
[ 3456924ms] [LOG] [Fast Refresh] done in 99ms @ http://localhost:5173/_next/static/chunks/node_modules_next_dist_1e8vcs8._.js:776
[ 3456986ms] [LOG] [Fast Refresh] done in 99ms @ http://localhost:5173/_next/static/chunks/node_modules_next_dist_1e8vcs8._.js:776
[ 3457049ms] [LOG] [Fast Refresh] done in 99ms @ http://localhost:5173/_next/static/chunks/node_modules_next_dist_1e8vcs8._.js:776
[ 3457108ms] [LOG] [Fast Refresh] done in 99ms @ http://localhost:5173/_next/static/chunks/node_modules_next_dist_1e8vcs8._.js:776
[ 3457158ms] [LOG] [Fast Refresh] done in 99ms @ http://localhost:5173/_next/static/chunks/node_modules_next_dist_1e8vcs8._.js:776
[ 3457211ms] [LOG] [Fast Refresh] done in 99ms @ http://localhost:5173/_next/static/chunks/node_modules_next_dist_1e8vcs8._.js:776
[ 3457259ms] [LOG] [Fast Refresh] done in 99ms @ http://localhost:5173/_next/static/chunks/node_modules_next_dist_1e8vcs8._.js:776
[ 3457325ms] [LOG] [Fast Refresh] done in 99ms @ http://localhost:5173/_next/static/chunks/node_modules_next_dist_1e8vcs8._.js:776
[ 3457386ms] [LOG] [Fast Refresh] done in 99ms @ http://localhost:5173/_next/static/chunks/node_modules_next_dist_1e8vcs8._.js:776
[ 3457448ms] [LOG] [Fast Refresh] done in 99ms @ http://localhost:5173/_next/static/chunks/node_modules_next_dist_1e8vcs8._.js:776
[ 3457496ms] [LOG] [Fast Refresh] done in 99ms @ http://localhost:5173/_next/static/chunks/node_modules_next_dist_1e8vcs8._.js:776
[ 3457544ms] [LOG] [Fast Refresh] done in 99ms @ http://localhost:5173/_next/static/chunks/node_modules_next_dist_1e8vcs8._.js:776
[ 3457594ms] [LOG] [Fast Refresh] done in 99ms @ http://localhost:5173/_next/static/chunks/node_modules_next_dist_1e8vcs8._.js:776
[ 3457642ms] [LOG] [Fast Refresh] done in 99ms @ http://localhost:5173/_next/static/chunks/node_modules_next_dist_1e8vcs8._.js:776
[ 3457693ms] [LOG] [Fast Refresh] done in 99ms @ http://localhost:5173/_next/static/chunks/node_modules_next_dist_1e8vcs8._.js:776
[ 3457744ms] [LOG] [Fast Refresh] done in 99ms @ http://localhost:5173/_next/static/chunks/node_modules_next_dist_1e8vcs8._.js:776
[ 3457794ms] [LOG] [Fast Refresh] done in 99ms @ http://localhost:5173/_next/static/chunks/node_modules_next_dist_1e8vcs8._.js:776
[ 3457858ms] [LOG] [Fast Refresh] done in 99ms @ http://localhost:5173/_next/static/chunks/node_modules_next_dist_1e8vcs8._.js:776
[ 3457910ms] [LOG] [Fast Refresh] done in 99ms @ http://localhost:5173/_next/static/chunks/node_modules_next_dist_1e8vcs8._.js:776
[ 3457978ms] [LOG] [Fast Refresh] done in 99ms @ http://localhost:5173/_next/static/chunks/node_modules_next_dist_1e8vcs8._.js:776
[ 3458040ms] [LOG] [Fast Refresh] done in 99ms @ http://localhost:5173/_next/static/chunks/node_modules_next_dist_1e8vcs8._.js:776
[ 3458094ms] [LOG] [Fast Refresh] done in 99ms @ http://localhost:5173/_next/static/chunks/node_modules_next_dist_1e8vcs8._.js:776
[ 3458156ms] [LOG] [Fast Refresh] done in 99ms @ http://localhost:5173/_next/static/chunks/node_modules_next_dist_1e8vcs8._.js:776
[ 3458229ms] [LOG] [Fast Refresh] done in 99ms @ http://localhost:5173/_next/static/chunks/node_modules_next_dist_1e8vcs8._.js:776
[ 3458278ms] [LOG] [Fast Refresh] done in 99ms @ http://localhost:5173/_next/static/chunks/node_modules_next_dist_1e8vcs8._.js:776
[ 3458341ms] [LOG] [Fast Refresh] done in 99ms @ http://localhost:5173/_next/static/chunks/node_modules_next_dist_1e8vcs8._.js:776
[ 3458388ms] [LOG] [Fast Refresh] done in 99ms @ http://localhost:5173/_next/static/chunks/node_modules_next_dist_1e8vcs8._.js:776
[ 3458450ms] [LOG] [Fast Refresh] done in 99ms @ http://localhost:5173/_next/static/chunks/node_modules_next_dist_1e8vcs8._.js:776
[ 3458502ms] [LOG] [Fast Refresh] done in 99ms @ http://localhost:5173/_next/static/chunks/node_modules_next_dist_1e8vcs8._.js:776
[ 3458565ms] [LOG] [Fast Refresh] done in 99ms @ http://localhost:5173/_next/static/chunks/node_modules_next_dist_1e8vcs8._.js:776
[ 3458636ms] [LOG] [Fast Refresh] done in 99ms @ http://localhost:5173/_next/static/chunks/node_modules_next_dist_1e8vcs8._.js:776
[ 3458686ms] [LOG] [Fast Refresh] done in 99ms @ http://localhost:5173/_next/static/chunks/node_modules_next_dist_1e8vcs8._.js:776
[ 3458737ms] [LOG] [Fast Refresh] done in 99ms @ http://localhost:5173/_next/static/chunks/node_modules_next_dist_1e8vcs8._.js:776
[ 3458804ms] [LOG] [Fast Refresh] done in 99ms @ http://localhost:5173/_next/static/chunks/node_modules_next_dist_1e8vcs8._.js:776
[ 3458867ms] [LOG] [Fast Refresh] done in 99ms @ http://localhost:5173/_next/static/chunks/node_modules_next_dist_1e8vcs8._.js:776
[ 3458918ms] [LOG] [Fast Refresh] done in 99ms @ http://localhost:5173/_next/static/chunks/node_modules_next_dist_1e8vcs8._.js:776
[ 3458967ms] [LOG] [Fast Refresh] done in 99ms @ http://localhost:5173/_next/static/chunks/node_modules_next_dist_1e8vcs8._.js:776
[ 3459036ms] [LOG] [Fast Refresh] done in 99ms @ http://localhost:5173/_next/static/chunks/node_modules_next_dist_1e8vcs8._.js:776
[ 3459086ms] [LOG] [Fast Refresh] done in 99ms @ http://localhost:5173/_next/static/chunks/node_modules_next_dist_1e8vcs8._.js:776
[ 3459149ms] [LOG] [Fast Refresh] done in 99ms @ http://localhost:5173/_next/static/chunks/node_modules_next_dist_1e8vcs8._.js:776
[ 3459210ms] [LOG] [Fast Refresh] done in 99ms @ http://localhost:5173/_next/static/chunks/node_modules_next_dist_1e8vcs8._.js:776
[ 3459279ms] [LOG] [Fast Refresh] done in 99ms @ http://localhost:5173/_next/static/chunks/node_modules_next_dist_1e8vcs8._.js:776
[ 3459327ms] [LOG] [Fast Refresh] done in 99ms @ http://localhost:5173/_next/static/chunks/node_modules_next_dist_1e8vcs8._.js:776
[ 3459379ms] [LOG] [Fast Refresh] done in 99ms @ http://localhost:5173/_next/static/chunks/node_modules_next_dist_1e8vcs8._.js:776
[ 3459440ms] [LOG] [Fast Refresh] done in 99ms @ http://localhost:5173/_next/static/chunks/node_modules_next_dist_1e8vcs8._.js:776
[ 3459494ms] [LOG] [Fast Refresh] done in 99ms @ http://localhost:5173/_next/static/chunks/node_modules_next_dist_1e8vcs8._.js:776
[ 3459556ms] [LOG] [Fast Refresh] done in 99ms @ http://localhost:5173/_next/static/chunks/node_modules_next_dist_1e8vcs8._.js:776
[ 3459617ms] [LOG] [Fast Refresh] done in 99ms @ http://localhost:5173/_next/static/chunks/node_modules_next_dist_1e8vcs8._.js:776
[ 3459681ms] [LOG] [Fast Refresh] done in 99ms @ http://localhost:5173/_next/static/chunks/node_modules_next_dist_1e8vcs8._.js:776
[ 3459743ms] [LOG] [Fast Refresh] done in 99ms @ http://localhost:5173/_next/static/chunks/node_modules_next_dist_1e8vcs8._.js:776
[ 3459793ms] [LOG] [Fast Refresh] done in 99ms @ http://localhost:5173/_next/static/chunks/node_modules_next_dist_1e8vcs8._.js:776
[ 3459844ms] [LOG] [Fast Refresh] done in 99ms @ http://localhost:5173/_next/static/chunks/node_modules_next_dist_1e8vcs8._.js:776
[ 3459893ms] [LOG] [Fast Refresh] done in 99ms @ http://localhost:5173/_next/static/chunks/node_modules_next_dist_1e8vcs8._.js:776
[ 3459955ms] [LOG] [Fast Refresh] done in 99ms @ http://localhost:5173/_next/static/chunks/node_modules_next_dist_1e8vcs8._.js:776
[ 3460018ms] [LOG] [Fast Refresh] done in 99ms @ http://localhost:5173/_next/static/chunks/node_modules_next_dist_1e8vcs8._.js:776
[ 3460080ms] [LOG] [Fast Refresh] done in 99ms @ http://localhost:5173/_next/static/chunks/node_modules_next_dist_1e8vcs8._.js:776
[ 3460127ms] [LOG] [Fast Refresh] done in 99ms @ http://localhost:5173/_next/static/chunks/node_modules_next_dist_1e8vcs8._.js:776
[ 3460178ms] [LOG] [Fast Refresh] done in 99ms @ http://localhost:5173/_next/static/chunks/node_modules_next_dist_1e8vcs8._.js:776
[ 3460233ms] [LOG] [Fast Refresh] done in 99ms @ http://localhost:5173/_next/static/chunks/node_modules_next_dist_1e8vcs8._.js:776
[ 3460294ms] [LOG] [Fast Refresh] done in 99ms @ http://localhost:5173/_next/static/chunks/node_modules_next_dist_1e8vcs8._.js:776
[ 3460356ms] [LOG] [Fast Refresh] done in 99ms @ http://localhost:5173/_next/static/chunks/node_modules_next_dist_1e8vcs8._.js:776
[ 3460425ms] [LOG] [Fast Refresh] done in 99ms @ http://localhost:5173/_next/static/chunks/node_modules_next_dist_1e8vcs8._.js:776
[ 3460471ms] [LOG] [Fast Refresh] done in 99ms @ http://localhost:5173/_next/static/chunks/node_modules_next_dist_1e8vcs8._.js:776
[ 3460535ms] [LOG] [Fast Refresh] done in 99ms @ http://localhost:5173/_next/static/chunks/node_modules_next_dist_1e8vcs8._.js:776
[ 3460586ms] [LOG] [Fast Refresh] done in 99ms @ http://localhost:5173/_next/static/chunks/node_modules_next_dist_1e8vcs8._.js:776
[ 3460648ms] [LOG] [Fast Refresh] done in 99ms @ http://localhost:5173/_next/static/chunks/node_modules_next_dist_1e8vcs8._.js:776
[ 3460712ms] [LOG] [Fast Refresh] done in 99ms @ http://localhost:5173/_next/static/chunks/node_modules_next_dist_1e8vcs8._.js:776
[ 3460779ms] [LOG] [Fast Refresh] done in 99ms @ http://localhost:5173/_next/static/chunks/node_modules_next_dist_1e8vcs8._.js:776
[ 3460828ms] [LOG] [Fast Refresh] done in 99ms @ http://localhost:5173/_next/static/chunks/node_modules_next_dist_1e8vcs8._.js:776
[ 3460878ms] [LOG] [Fast Refresh] done in 99ms @ http://localhost:5173/_next/static/chunks/node_modules_next_dist_1e8vcs8._.js:776
[ 3460925ms] [LOG] [Fast Refresh] done in 99ms @ http://localhost:5173/_next/static/chunks/node_modules_next_dist_1e8vcs8._.js:776
[ 3460979ms] [LOG] [Fast Refresh] done in 99ms @ http://localhost:5173/_next/static/chunks/node_modules_next_dist_1e8vcs8._.js:776
[ 3461026ms] [LOG] [Fast Refresh] done in 99ms @ http://localhost:5173/_next/static/chunks/node_modules_next_dist_1e8vcs8._.js:776
[ 3461078ms] [LOG] [Fast Refresh] done in 99ms @ http://localhost:5173/_next/static/chunks/node_modules_next_dist_1e8vcs8._.js:776
[ 3461141ms] [LOG] [Fast Refresh] done in 99ms @ http://localhost:5173/_next/static/chunks/node_modules_next_dist_1e8vcs8._.js:776
[ 3461194ms] [LOG] [Fast Refresh] done in 99ms @ http://localhost:5173/_next/static/chunks/node_modules_next_dist_1e8vcs8._.js:776
[ 3461258ms] [LOG] [Fast Refresh] done in 99ms @ http://localhost:5173/_next/static/chunks/node_modules_next_dist_1e8vcs8._.js:776
[ 3461325ms] [LOG] [Fast Refresh] done in 99ms @ http://localhost:5173/_next/static/chunks/node_modules_next_dist_1e8vcs8._.js:776
[ 3461379ms] [LOG] [Fast Refresh] done in 99ms @ http://localhost:5173/_next/static/chunks/node_modules_next_dist_1e8vcs8._.js:776
[ 3461439ms] [LOG] [Fast Refresh] done in 99ms @ http://localhost:5173/_next/static/chunks/node_modules_next_dist_1e8vcs8._.js:776
[ 3461492ms] [LOG] [Fast Refresh] done in 99ms @ http://localhost:5173/_next/static/chunks/node_modules_next_dist_1e8vcs8._.js:776
[ 3461555ms] [LOG] [Fast Refresh] done in 99ms @ http://localhost:5173/_next/static/chunks/node_modules_next_dist_1e8vcs8._.js:776
[ 3461617ms] [LOG] [Fast Refresh] done in 99ms @ http://localhost:5173/_next/static/chunks/node_modules_next_dist_1e8vcs8._.js:776
[ 3461685ms] [LOG] [Fast Refresh] done in 99ms @ http://localhost:5173/_next/static/chunks/node_modules_next_dist_1e8vcs8._.js:776
[ 3461755ms] [LOG] [Fast Refresh] done in 99ms @ http://localhost:5173/_next/static/chunks/node_modules_next_dist_1e8vcs8._.js:776
[ 3461817ms] [LOG] [Fast Refresh] done in 99ms @ http://localhost:5173/_next/static/chunks/node_modules_next_dist_1e8vcs8._.js:776
[ 3461886ms] [LOG] [Fast Refresh] done in 99ms @ http://localhost:5173/_next/static/chunks/node_modules_next_dist_1e8vcs8._.js:776
[ 3461934ms] [LOG] [Fast Refresh] done in 99ms @ http://localhost:5173/_next/static/chunks/node_modules_next_dist_1e8vcs8._.js:776
[ 3461997ms] [LOG] [Fast Refresh] done in 99ms @ http://localhost:5173/_next/static/chunks/node_modules_next_dist_1e8vcs8._.js:776
[ 3462060ms] [LOG] [Fast Refresh] done in 99ms @ http://localhost:5173/_next/static/chunks/node_modules_next_dist_1e8vcs8._.js:776
[ 3462114ms] [LOG] [Fast Refresh] done in 99ms @ http://localhost:5173/_next/static/chunks/node_modules_next_dist_1e8vcs8._.js:776
[ 3462165ms] [LOG] [Fast Refresh] done in 99ms @ http://localhost:5173/_next/static/chunks/node_modules_next_dist_1e8vcs8._.js:776
[ 3462209ms] [LOG] [Fast Refresh] done in 99ms @ http://localhost:5173/_next/static/chunks/node_modules_next_dist_1e8vcs8._.js:776
[ 3462279ms] [LOG] [Fast Refresh] done in 99ms @ http://localhost:5173/_next/static/chunks/node_modules_next_dist_1e8vcs8._.js:776
[ 3462327ms] [LOG] [Fast Refresh] done in 99ms @ http://localhost:5173/_next/static/chunks/node_modules_next_dist_1e8vcs8._.js:776
[ 3462379ms] [LOG] [Fast Refresh] done in 99ms @ http://localhost:5173/_next/static/chunks/node_modules_next_dist_1e8vcs8._.js:776
[ 3462431ms] [LOG] [Fast Refresh] done in 99ms @ http://localhost:5173/_next/static/chunks/node_modules_next_dist_1e8vcs8._.js:776
[ 3462488ms] [LOG] [Fast Refresh] done in 99ms @ http://localhost:5173/_next/static/chunks/node_modules_next_dist_1e8vcs8._.js:776
[ 3462549ms] [LOG] [Fast Refresh] done in 99ms @ http://localhost:5173/_next/static/chunks/node_modules_next_dist_1e8vcs8._.js:776
[ 3462601ms] [LOG] [Fast Refresh] done in 99ms @ http://localhost:5173/_next/static/chunks/node_modules_next_dist_1e8vcs8._.js:776
[ 3462652ms] [LOG] [Fast Refresh] done in 99ms @ http://localhost:5173/_next/static/chunks/node_modules_next_dist_1e8vcs8._.js:776
[ 3462702ms] [LOG] [Fast Refresh] done in 99ms @ http://localhost:5173/_next/static/chunks/node_modules_next_dist_1e8vcs8._.js:776
[ 3462752ms] [LOG] [Fast Refresh] done in 99ms @ http://localhost:5173/_next/static/chunks/node_modules_next_dist_1e8vcs8._.js:776
[ 3462801ms] [LOG] [Fast Refresh] done in 99ms @ http://localhost:5173/_next/static/chunks/node_modules_next_dist_1e8vcs8._.js:776
[ 3462862ms] [LOG] [Fast Refresh] done in 99ms @ http://localhost:5173/_next/static/chunks/node_modules_next_dist_1e8vcs8._.js:776
[ 3462929ms] [LOG] [Fast Refresh] done in 99ms @ http://localhost:5173/_next/static/chunks/node_modules_next_dist_1e8vcs8._.js:776
[ 3462978ms] [LOG] [Fast Refresh] done in 99ms @ http://localhost:5173/_next/static/chunks/node_modules_next_dist_1e8vcs8._.js:776
[ 3463028ms] [LOG] [Fast Refresh] done in 99ms @ http://localhost:5173/_next/static/chunks/node_modules_next_dist_1e8vcs8._.js:776
[ 3463078ms] [LOG] [Fast Refresh] done in 99ms @ http://localhost:5173/_next/static/chunks/node_modules_next_dist_1e8vcs8._.js:776
[ 3463140ms] [LOG] [Fast Refresh] done in 99ms @ http://localhost:5173/_next/static/chunks/node_modules_next_dist_1e8vcs8._.js:776
[ 3463194ms] [LOG] [Fast Refresh] done in 99ms @ http://localhost:5173/_next/static/chunks/node_modules_next_dist_1e8vcs8._.js:776
[ 3463255ms] [LOG] [Fast Refresh] done in 99ms @ http://localhost:5173/_next/static/chunks/node_modules_next_dist_1e8vcs8._.js:776
[ 3463317ms] [LOG] [Fast Refresh] done in 99ms @ http://localhost:5173/_next/static/chunks/node_modules_next_dist_1e8vcs8._.js:776
[ 3463381ms] [LOG] [Fast Refresh] done in 99ms @ http://localhost:5173/_next/static/chunks/node_modules_next_dist_1e8vcs8._.js:776
[ 3463442ms] [LOG] [Fast Refresh] done in 99ms @ http://localhost:5173/_next/static/chunks/node_modules_next_dist_1e8vcs8._.js:776
[ 3463494ms] [LOG] [Fast Refresh] done in 99ms @ http://localhost:5173/_next/static/chunks/node_modules_next_dist_1e8vcs8._.js:776
[ 3463559ms] [LOG] [Fast Refresh] done in 99ms @ http://localhost:5173/_next/static/chunks/node_modules_next_dist_1e8vcs8._.js:776
[ 3463624ms] [LOG] [Fast Refresh] done in 99ms @ http://localhost:5173/_next/static/chunks/node_modules_next_dist_1e8vcs8._.js:776
[ 3463671ms] [LOG] [Fast Refresh] done in 99ms @ http://localhost:5173/_next/static/chunks/node_modules_next_dist_1e8vcs8._.js:776
[ 3463734ms] [LOG] [Fast Refresh] done in 99ms @ http://localhost:5173/_next/static/chunks/node_modules_next_dist_1e8vcs8._.js:776
[ 3463785ms] [LOG] [Fast Refresh] done in 99ms @ http://localhost:5173/_next/static/chunks/node_modules_next_dist_1e8vcs8._.js:776
[ 3463840ms] [LOG] [Fast Refresh] done in 99ms @ http://localhost:5173/_next/static/chunks/node_modules_next_dist_1e8vcs8._.js:776
[ 3463878ms] [LOG] [Fast Refresh] done in 99ms @ http://localhost:5173/_next/static/chunks/node_modules_next_dist_1e8vcs8._.js:776
[ 3463940ms] [LOG] [Fast Refresh] done in 99ms @ http://localhost:5173/_next/static/chunks/node_modules_next_dist_1e8vcs8._.js:776
[ 3463989ms] [LOG] [Fast Refresh] done in 99ms @ http://localhost:5173/_next/static/chunks/node_modules_next_dist_1e8vcs8._.js:776
[ 3464050ms] [LOG] [Fast Refresh] done in 99ms @ http://localhost:5173/_next/static/chunks/node_modules_next_dist_1e8vcs8._.js:776
[ 3464101ms] [LOG] [Fast Refresh] done in 99ms @ http://localhost:5173/_next/static/chunks/node_modules_next_dist_1e8vcs8._.js:776
[ 3464148ms] [LOG] [Fast Refresh] done in 99ms @ http://localhost:5173/_next/static/chunks/node_modules_next_dist_1e8vcs8._.js:776
[ 3464197ms] [LOG] [Fast Refresh] done in 99ms @ http://localhost:5173/_next/static/chunks/node_modules_next_dist_1e8vcs8._.js:776
[ 3464244ms] [LOG] [Fast Refresh] done in 99ms @ http://localhost:5173/_next/static/chunks/node_modules_next_dist_1e8vcs8._.js:776
[ 3464294ms] [LOG] [Fast Refresh] done in 99ms @ http://localhost:5173/_next/static/chunks/node_modules_next_dist_1e8vcs8._.js:776
[ 3464341ms] [LOG] [Fast Refresh] done in 99ms @ http://localhost:5173/_next/static/chunks/node_modules_next_dist_1e8vcs8._.js:776
[ 3464394ms] [LOG] [Fast Refresh] done in 99ms @ http://localhost:5173/_next/static/chunks/node_modules_next_dist_1e8vcs8._.js:776
[ 3464441ms] [LOG] [Fast Refresh] done in 99ms @ http://localhost:5173/_next/static/chunks/node_modules_next_dist_1e8vcs8._.js:776
[ 3464493ms] [LOG] [Fast Refresh] done in 99ms @ http://localhost:5173/_next/static/chunks/node_modules_next_dist_1e8vcs8._.js:776
[ 3464556ms] [LOG] [Fast Refresh] done in 99ms @ http://localhost:5173/_next/static/chunks/node_modules_next_dist_1e8vcs8._.js:776
[ 3464611ms] [LOG] [Fast Refresh] done in 99ms @ http://localhost:5173/_next/static/chunks/node_modules_next_dist_1e8vcs8._.js:776
[ 3464658ms] [LOG] [Fast Refresh] done in 99ms @ http://localhost:5173/_next/static/chunks/node_modules_next_dist_1e8vcs8._.js:776
[ 3464724ms] [LOG] [Fast Refresh] done in 99ms @ http://localhost:5173/_next/static/chunks/node_modules_next_dist_1e8vcs8._.js:776
[ 3464779ms] [LOG] [Fast Refresh] done in 99ms @ http://localhost:5173/_next/static/chunks/node_modules_next_dist_1e8vcs8._.js:776
[ 3464827ms] [LOG] [Fast Refresh] done in 99ms @ http://localhost:5173/_next/static/chunks/node_modules_next_dist_1e8vcs8._.js:776
[ 3464879ms] [LOG] [Fast Refresh] done in 99ms @ http://localhost:5173/_next/static/chunks/node_modules_next_dist_1e8vcs8._.js:776
[ 3464926ms] [LOG] [Fast Refresh] done in 99ms @ http://localhost:5173/_next/static/chunks/node_modules_next_dist_1e8vcs8._.js:776
[ 3464979ms] [LOG] [Fast Refresh] done in 99ms @ http://localhost:5173/_next/static/chunks/node_modules_next_dist_1e8vcs8._.js:776
[ 3465025ms] [LOG] [Fast Refresh] done in 99ms @ http://localhost:5173/_next/static/chunks/node_modules_next_dist_1e8vcs8._.js:776
[ 3465078ms] [LOG] [Fast Refresh] done in 99ms @ http://localhost:5173/_next/static/chunks/node_modules_next_dist_1e8vcs8._.js:776
[ 3465141ms] [LOG] [Fast Refresh] done in 99ms @ http://localhost:5173/_next/static/chunks/node_modules_next_dist_1e8vcs8._.js:776
[ 3465209ms] [LOG] [Fast Refresh] done in 99ms @ http://localhost:5173/_next/static/chunks/node_modules_next_dist_1e8vcs8._.js:776
[ 3465279ms] [LOG] [Fast Refresh] done in 99ms @ http://localhost:5173/_next/static/chunks/node_modules_next_dist_1e8vcs8._.js:776
[ 3465340ms] [LOG] [Fast Refresh] done in 99ms @ http://localhost:5173/_next/static/chunks/node_modules_next_dist_1e8vcs8._.js:776
[ 3465402ms] [LOG] [Fast Refresh] done in 99ms @ http://localhost:5173/_next/static/chunks/node_modules_next_dist_1e8vcs8._.js:776
[ 3465465ms] [LOG] [Fast Refresh] done in 99ms @ http://localhost:5173/_next/static/chunks/node_modules_next_dist_1e8vcs8._.js:776
[ 3465534ms] [LOG] [Fast Refresh] done in 99ms @ http://localhost:5173/_next/static/chunks/node_modules_next_dist_1e8vcs8._.js:776
[ 3465586ms] [LOG] [Fast Refresh] done in 99ms @ http://localhost:5173/_next/static/chunks/node_modules_next_dist_1e8vcs8._.js:776
[ 3465648ms] [LOG] [Fast Refresh] done in 99ms @ http://localhost:5173/_next/static/chunks/node_modules_next_dist_1e8vcs8._.js:776
[ 3465695ms] [LOG] [Fast Refresh] done in 99ms @ http://localhost:5173/_next/static/chunks/node_modules_next_dist_1e8vcs8._.js:776
[ 3465756ms] [LOG] [Fast Refresh] done in 99ms @ http://localhost:5173/_next/static/chunks/node_modules_next_dist_1e8vcs8._.js:776
[ 3465810ms] [LOG] [Fast Refresh] done in 99ms @ http://localhost:5173/_next/static/chunks/node_modules_next_dist_1e8vcs8._.js:776
[ 3465858ms] [LOG] [Fast Refresh] done in 99ms @ http://localhost:5173/_next/static/chunks/node_modules_next_dist_1e8vcs8._.js:776
[ 3465925ms] [LOG] [Fast Refresh] done in 99ms @ http://localhost:5173/_next/static/chunks/node_modules_next_dist_1e8vcs8._.js:776
[ 3465979ms] [LOG] [Fast Refresh] done in 99ms @ http://localhost:5173/_next/static/chunks/node_modules_next_dist_1e8vcs8._.js:776
[ 3466040ms] [LOG] [Fast Refresh] done in 99ms @ http://localhost:5173/_next/static/chunks/node_modules_next_dist_1e8vcs8._.js:776
[ 3466094ms] [LOG] [Fast Refresh] done in 99ms @ http://localhost:5173/_next/static/chunks/node_modules_next_dist_1e8vcs8._.js:776
[ 3466156ms] [LOG] [Fast Refresh] done in 99ms @ http://localhost:5173/_next/static/chunks/node_modules_next_dist_1e8vcs8._.js:776
[ 3466211ms] [LOG] [Fast Refresh] done in 99ms @ http://localhost:5173/_next/static/chunks/node_modules_next_dist_1e8vcs8._.js:776
[ 3466279ms] [LOG] [Fast Refresh] done in 99ms @ http://localhost:5173/_next/static/chunks/node_modules_next_dist_1e8vcs8._.js:776
[ 3466340ms] [LOG] [Fast Refresh] done in 99ms @ http://localhost:5173/_next/static/chunks/node_modules_next_dist_1e8vcs8._.js:776
[ 3466402ms] [LOG] [Fast Refresh] done in 99ms @ http://localhost:5173/_next/static/chunks/node_modules_next_dist_1e8vcs8._.js:776
[ 3466464ms] [LOG] [Fast Refresh] done in 99ms @ http://localhost:5173/_next/static/chunks/node_modules_next_dist_1e8vcs8._.js:776
[ 3466528ms] [LOG] [Fast Refresh] done in 99ms @ http://localhost:5173/_next/static/chunks/node_modules_next_dist_1e8vcs8._.js:776
[ 3466579ms] [LOG] [Fast Refresh] done in 99ms @ http://localhost:5173/_next/static/chunks/node_modules_next_dist_1e8vcs8._.js:776
[ 3466641ms] [LOG] [Fast Refresh] done in 99ms @ http://localhost:5173/_next/static/chunks/node_modules_next_dist_1e8vcs8._.js:776
[ 3466694ms] [LOG] [Fast Refresh] done in 99ms @ http://localhost:5173/_next/static/chunks/node_modules_next_dist_1e8vcs8._.js:776
[ 3466755ms] [LOG] [Fast Refresh] done in 99ms @ http://localhost:5173/_next/static/chunks/node_modules_next_dist_1e8vcs8._.js:776
[ 3466817ms] [LOG] [Fast Refresh] done in 99ms @ http://localhost:5173/_next/static/chunks/node_modules_next_dist_1e8vcs8._.js:776
[ 3466881ms] [LOG] [Fast Refresh] done in 99ms @ http://localhost:5173/_next/static/chunks/node_modules_next_dist_1e8vcs8._.js:776
[ 3466944ms] [LOG] [Fast Refresh] done in 99ms @ http://localhost:5173/_next/static/chunks/node_modules_next_dist_1e8vcs8._.js:776
[ 3466995ms] [LOG] [Fast Refresh] done in 99ms @ http://localhost:5173/_next/static/chunks/node_modules_next_dist_1e8vcs8._.js:776
[ 3467042ms] [LOG] [Fast Refresh] done in 99ms @ http://localhost:5173/_next/static/chunks/node_modules_next_dist_1e8vcs8._.js:776
[ 3467094ms] [LOG] [Fast Refresh] done in 99ms @ http://localhost:5173/_next/static/chunks/node_modules_next_dist_1e8vcs8._.js:776
[ 3467155ms] [LOG] [Fast Refresh] done in 99ms @ http://localhost:5173/_next/static/chunks/node_modules_next_dist_1e8vcs8._.js:776
[ 3467202ms] [LOG] [Fast Refresh] done in 99ms @ http://localhost:5173/_next/static/chunks/node_modules_next_dist_1e8vcs8._.js:776
[ 3467250ms] [LOG] [Fast Refresh] done in 99ms @ http://localhost:5173/_next/static/chunks/node_modules_next_dist_1e8vcs8._.js:776
[ 3467301ms] [LOG] [Fast Refresh] done in 99ms @ http://localhost:5173/_next/static/chunks/node_modules_next_dist_1e8vcs8._.js:776
[ 3467350ms] [LOG] [Fast Refresh] done in 99ms @ http://localhost:5173/_next/static/chunks/node_modules_next_dist_1e8vcs8._.js:776
[ 3467406ms] [LOG] [Fast Refresh] done in 99ms @ http://localhost:5173/_next/static/chunks/node_modules_next_dist_1e8vcs8._.js:776
[ 3467454ms] [LOG] [Fast Refresh] done in 99ms @ http://localhost:5173/_next/static/chunks/node_modules_next_dist_1e8vcs8._.js:776
[ 3467517ms] [LOG] [Fast Refresh] done in 99ms @ http://localhost:5173/_next/static/chunks/node_modules_next_dist_1e8vcs8._.js:776
[ 3467579ms] [LOG] [Fast Refresh] done in 99ms @ http://localhost:5173/_next/static/chunks/node_modules_next_dist_1e8vcs8._.js:776
[ 3467640ms] [LOG] [Fast Refresh] done in 99ms @ http://localhost:5173/_next/static/chunks/node_modules_next_dist_1e8vcs8._.js:776
[ 3467694ms] [LOG] [Fast Refresh] done in 99ms @ http://localhost:5173/_next/static/chunks/node_modules_next_dist_1e8vcs8._.js:776
[ 3467744ms] [LOG] [Fast Refresh] done in 99ms @ http://localhost:5173/_next/static/chunks/node_modules_next_dist_1e8vcs8._.js:776
[ 3467793ms] [LOG] [Fast Refresh] done in 99ms @ http://localhost:5173/_next/static/chunks/node_modules_next_dist_1e8vcs8._.js:776
[ 3467859ms] [LOG] [Fast Refresh] done in 99ms @ http://localhost:5173/_next/static/chunks/node_modules_next_dist_1e8vcs8._.js:776
[ 3467929ms] [LOG] [Fast Refresh] done in 99ms @ http://localhost:5173/_next/static/chunks/node_modules_next_dist_1e8vcs8._.js:776
[ 3467978ms] [LOG] [Fast Refresh] done in 99ms @ http://localhost:5173/_next/static/chunks/node_modules_next_dist_1e8vcs8._.js:776
[ 3468040ms] [LOG] [Fast Refresh] done in 99ms @ http://localhost:5173/_next/static/chunks/node_modules_next_dist_1e8vcs8._.js:776
[ 3468086ms] [LOG] [Fast Refresh] done in 99ms @ http://localhost:5173/_next/static/chunks/node_modules_next_dist_1e8vcs8._.js:776
[ 3468149ms] [LOG] [Fast Refresh] done in 99ms @ http://localhost:5173/_next/static/chunks/node_modules_next_dist_1e8vcs8._.js:776
[ 3468210ms] [LOG] [Fast Refresh] done in 99ms @ http://localhost:5173/_next/static/chunks/node_modules_next_dist_1e8vcs8._.js:776
[ 3468279ms] [LOG] [Fast Refresh] done in 99ms @ http://localhost:5173/_next/static/chunks/node_modules_next_dist_1e8vcs8._.js:776
[ 3468340ms] [LOG] [Fast Refresh] done in 99ms @ http://localhost:5173/_next/static/chunks/node_modules_next_dist_1e8vcs8._.js:776
[ 3468394ms] [LOG] [Fast Refresh] done in 99ms @ http://localhost:5173/_next/static/chunks/node_modules_next_dist_1e8vcs8._.js:776
[ 3468455ms] [LOG] [Fast Refresh] done in 99ms @ http://localhost:5173/_next/static/chunks/node_modules_next_dist_1e8vcs8._.js:776
[ 3468517ms] [LOG] [Fast Refresh] done in 99ms @ http://localhost:5173/_next/static/chunks/node_modules_next_dist_1e8vcs8._.js:776
[ 3468563ms] [LOG] [Fast Refresh] done in 99ms @ http://localhost:5173/_next/static/chunks/node_modules_next_dist_1e8vcs8._.js:776
[ 3468625ms] [LOG] [Fast Refresh] done in 99ms @ http://localhost:5173/_next/static/chunks/node_modules_next_dist_1e8vcs8._.js:776
[ 3468678ms] [LOG] [Fast Refresh] done in 99ms @ http://localhost:5173/_next/static/chunks/node_modules_next_dist_1e8vcs8._.js:776
[ 3468739ms] [LOG] [Fast Refresh] done in 99ms @ http://localhost:5173/_next/static/chunks/node_modules_next_dist_1e8vcs8._.js:776
[ 3468803ms] [LOG] [Fast Refresh] done in 99ms @ http://localhost:5173/_next/static/chunks/node_modules_next_dist_1e8vcs8._.js:776
[ 3468864ms] [LOG] [Fast Refresh] done in 99ms @ http://localhost:5173/_next/static/chunks/node_modules_next_dist_1e8vcs8._.js:776
[ 3468927ms] [LOG] [Fast Refresh] done in 99ms @ http://localhost:5173/_next/static/chunks/node_modules_next_dist_1e8vcs8._.js:776
[ 3468978ms] [LOG] [Fast Refresh] done in 99ms @ http://localhost:5173/_next/static/chunks/node_modules_next_dist_1e8vcs8._.js:776
[ 3469041ms] [LOG] [Fast Refresh] done in 99ms @ http://localhost:5173/_next/static/chunks/node_modules_next_dist_1e8vcs8._.js:776
[ 3469095ms] [LOG] [Fast Refresh] done in 99ms @ http://localhost:5173/_next/static/chunks/node_modules_next_dist_1e8vcs8._.js:776
[ 3469155ms] [LOG] [Fast Refresh] done in 99ms @ http://localhost:5173/_next/static/chunks/node_modules_next_dist_1e8vcs8._.js:776
[ 3469209ms] [LOG] [Fast Refresh] done in 99ms @ http://localhost:5173/_next/static/chunks/node_modules_next_dist_1e8vcs8._.js:776
[ 3469262ms] [LOG] [Fast Refresh] done in 99ms @ http://localhost:5173/_next/static/chunks/node_modules_next_dist_1e8vcs8._.js:776
[ 3469323ms] [LOG] [Fast Refresh] done in 99ms @ http://localhost:5173/_next/static/chunks/node_modules_next_dist_1e8vcs8._.js:776
[ 3469380ms] [LOG] [Fast Refresh] done in 99ms @ http://localhost:5173/_next/static/chunks/node_modules_next_dist_1e8vcs8._.js:776
[ 3469438ms] [LOG] [Fast Refresh] done in 99ms @ http://localhost:5173/_next/static/chunks/node_modules_next_dist_1e8vcs8._.js:776
[ 3469486ms] [LOG] [Fast Refresh] done in 99ms @ http://localhost:5173/_next/static/chunks/node_modules_next_dist_1e8vcs8._.js:776
[ 3469533ms] [LOG] [Fast Refresh] done in 99ms @ http://localhost:5173/_next/static/chunks/node_modules_next_dist_1e8vcs8._.js:776
[ 3469581ms] [LOG] [Fast Refresh] done in 99ms @ http://localhost:5173/_next/static/chunks/node_modules_next_dist_1e8vcs8._.js:776
[ 3469644ms] [LOG] [Fast Refresh] done in 99ms @ http://localhost:5173/_next/static/chunks/node_modules_next_dist_1e8vcs8._.js:776
[ 3469693ms] [LOG] [Fast Refresh] done in 99ms @ http://localhost:5173/_next/static/chunks/node_modules_next_dist_1e8vcs8._.js:776
[ 3469755ms] [LOG] [Fast Refresh] done in 99ms @ http://localhost:5173/_next/static/chunks/node_modules_next_dist_1e8vcs8._.js:776
[ 3469825ms] [LOG] [Fast Refresh] done in 99ms @ http://localhost:5173/_next/static/chunks/node_modules_next_dist_1e8vcs8._.js:776
[ 3469886ms] [LOG] [Fast Refresh] done in 99ms @ http://localhost:5173/_next/static/chunks/node_modules_next_dist_1e8vcs8._.js:776
[ 3469955ms] [LOG] [Fast Refresh] done in 99ms @ http://localhost:5173/_next/static/chunks/node_modules_next_dist_1e8vcs8._.js:776
[ 3470001ms] [LOG] [Fast Refresh] done in 99ms @ http://localhost:5173/_next/static/chunks/node_modules_next_dist_1e8vcs8._.js:776
[ 3470054ms] [LOG] [Fast Refresh] done in 99ms @ http://localhost:5173/_next/static/chunks/node_modules_next_dist_1e8vcs8._.js:776
[ 3470101ms] [LOG] [Fast Refresh] done in 99ms @ http://localhost:5173/_next/static/chunks/node_modules_next_dist_1e8vcs8._.js:776
[ 3470164ms] [LOG] [Fast Refresh] done in 99ms @ http://localhost:5173/_next/static/chunks/node_modules_next_dist_1e8vcs8._.js:776
[ 3470224ms] [LOG] [Fast Refresh] done in 99ms @ http://localhost:5173/_next/static/chunks/node_modules_next_dist_1e8vcs8._.js:776
[ 3470279ms] [LOG] [Fast Refresh] done in 99ms @ http://localhost:5173/_next/static/chunks/node_modules_next_dist_1e8vcs8._.js:776
[ 3470342ms] [LOG] [Fast Refresh] done in 99ms @ http://localhost:5173/_next/static/chunks/node_modules_next_dist_1e8vcs8._.js:776
[ 3470394ms] [LOG] [Fast Refresh] done in 99ms @ http://localhost:5173/_next/static/chunks/node_modules_next_dist_1e8vcs8._.js:776
[ 3470456ms] [LOG] [Fast Refresh] done in 99ms @ http://localhost:5173/_next/static/chunks/node_modules_next_dist_1e8vcs8._.js:776
[ 3470526ms] [LOG] [Fast Refresh] done in 99ms @ http://localhost:5173/_next/static/chunks/node_modules_next_dist_1e8vcs8._.js:776
[ 3470579ms] [LOG] [Fast Refresh] done in 99ms @ http://localhost:5173/_next/static/chunks/node_modules_next_dist_1e8vcs8._.js:776
[ 3470630ms] [LOG] [Fast Refresh] done in 99ms @ http://localhost:5173/_next/static/chunks/node_modules_next_dist_1e8vcs8._.js:776
[ 3470678ms] [LOG] [Fast Refresh] done in 99ms @ http://localhost:5173/_next/static/chunks/node_modules_next_dist_1e8vcs8._.js:776
[ 3470729ms] [LOG] [Fast Refresh] done in 99ms @ http://localhost:5173/_next/static/chunks/node_modules_next_dist_1e8vcs8._.js:776
[ 3470778ms] [LOG] [Fast Refresh] done in 99ms @ http://localhost:5173/_next/static/chunks/node_modules_next_dist_1e8vcs8._.js:776
[ 3470828ms] [LOG] [Fast Refresh] done in 99ms @ http://localhost:5173/_next/static/chunks/node_modules_next_dist_1e8vcs8._.js:776
[ 3470878ms] [LOG] [Fast Refresh] done in 99ms @ http://localhost:5173/_next/static/chunks/node_modules_next_dist_1e8vcs8._.js:776
[ 3470940ms] [LOG] [Fast Refresh] done in 99ms @ http://localhost:5173/_next/static/chunks/node_modules_next_dist_1e8vcs8._.js:776
[ 3471000ms] [LOG] [Fast Refresh] done in 99ms @ http://localhost:5173/_next/static/chunks/node_modules_next_dist_1e8vcs8._.js:776
[ 3471048ms] [LOG] [Fast Refresh] done in 99ms @ http://localhost:5173/_next/static/chunks/node_modules_next_dist_1e8vcs8._.js:776
[ 3471101ms] [LOG] [Fast Refresh] done in 99ms @ http://localhost:5173/_next/static/chunks/node_modules_next_dist_1e8vcs8._.js:776
[ 3471164ms] [LOG] [Fast Refresh] done in 99ms @ http://localhost:5173/_next/static/chunks/node_modules_next_dist_1e8vcs8._.js:776
[ 3471215ms] [LOG] [Fast Refresh] done in 99ms @ http://localhost:5173/_next/static/chunks/node_modules_next_dist_1e8vcs8._.js:776
[ 3471263ms] [LOG] [Fast Refresh] done in 99ms @ http://localhost:5173/_next/static/chunks/node_modules_next_dist_1e8vcs8._.js:776
[ 3471324ms] [LOG] [Fast Refresh] done in 99ms @ http://localhost:5173/_next/static/chunks/node_modules_next_dist_1e8vcs8._.js:776
[ 3471379ms] [LOG] [Fast Refresh] done in 99ms @ http://localhost:5173/_next/static/chunks/node_modules_next_dist_1e8vcs8._.js:776
[ 3471441ms] [LOG] [Fast Refresh] done in 99ms @ http://localhost:5173/_next/static/chunks/node_modules_next_dist_1e8vcs8._.js:776
[ 3471494ms] [LOG] [Fast Refresh] done in 99ms @ http://localhost:5173/_next/static/chunks/node_modules_next_dist_1e8vcs8._.js:776
[ 3471556ms] [LOG] [Fast Refresh] done in 99ms @ http://localhost:5173/_next/static/chunks/node_modules_next_dist_1e8vcs8._.js:776
[ 3471616ms] [LOG] [Fast Refresh] done in 99ms @ http://localhost:5173/_next/static/chunks/node_modules_next_dist_1e8vcs8._.js:776
[ 3471687ms] [LOG] [Fast Refresh] done in 99ms @ http://localhost:5173/_next/static/chunks/node_modules_next_dist_1e8vcs8._.js:776
[ 3471736ms] [LOG] [Fast Refresh] done in 99ms @ http://localhost:5173/_next/static/chunks/node_modules_next_dist_1e8vcs8._.js:776
[ 3471786ms] [LOG] [Fast Refresh] done in 99ms @ http://localhost:5173/_next/static/chunks/node_modules_next_dist_1e8vcs8._.js:776
[ 3471849ms] [LOG] [Fast Refresh] done in 99ms @ http://localhost:5173/_next/static/chunks/node_modules_next_dist_1e8vcs8._.js:776
[ 3471911ms] [LOG] [Fast Refresh] done in 99ms @ http://localhost:5173/_next/static/chunks/node_modules_next_dist_1e8vcs8._.js:776
[ 3471958ms] [LOG] [Fast Refresh] done in 99ms @ http://localhost:5173/_next/static/chunks/node_modules_next_dist_1e8vcs8._.js:776
[ 3472025ms] [LOG] [Fast Refresh] done in 99ms @ http://localhost:5173/_next/static/chunks/node_modules_next_dist_1e8vcs8._.js:776
[ 3472079ms] [LOG] [Fast Refresh] done in 99ms @ http://localhost:5173/_next/static/chunks/node_modules_next_dist_1e8vcs8._.js:776
[ 3472140ms] [LOG] [Fast Refresh] done in 99ms @ http://localhost:5173/_next/static/chunks/node_modules_next_dist_1e8vcs8._.js:776
[ 3472206ms] [LOG] [Fast Refresh] done in 99ms @ http://localhost:5173/_next/static/chunks/node_modules_next_dist_1e8vcs8._.js:776
[ 3472260ms] [LOG] [Fast Refresh] done in 99ms @ http://localhost:5173/_next/static/chunks/node_modules_next_dist_1e8vcs8._.js:776
[ 3472324ms] [LOG] [Fast Refresh] done in 99ms @ http://localhost:5173/_next/static/chunks/node_modules_next_dist_1e8vcs8._.js:776
[ 3472379ms] [LOG] [Fast Refresh] done in 99ms @ http://localhost:5173/_next/static/chunks/node_modules_next_dist_1e8vcs8._.js:776
[ 3472440ms] [LOG] [Fast Refresh] done in 99ms @ http://localhost:5173/_next/static/chunks/node_modules_next_dist_1e8vcs8._.js:776
[ 3472502ms] [LOG] [Fast Refresh] done in 99ms @ http://localhost:5173/_next/static/chunks/node_modules_next_dist_1e8vcs8._.js:776
[ 3472565ms] [LOG] [Fast Refresh] done in 99ms @ http://localhost:5173/_next/static/chunks/node_modules_next_dist_1e8vcs8._.js:776
[ 3472627ms] [LOG] [Fast Refresh] done in 99ms @ http://localhost:5173/_next/static/chunks/node_modules_next_dist_1e8vcs8._.js:776
[ 3472681ms] [LOG] [Fast Refresh] done in 99ms @ http://localhost:5173/_next/static/chunks/node_modules_next_dist_1e8vcs8._.js:776
[ 3472729ms] [LOG] [Fast Refresh] done in 99ms @ http://localhost:5173/_next/static/chunks/node_modules_next_dist_1e8vcs8._.js:776
[ 3472778ms] [LOG] [Fast Refresh] done in 99ms @ http://localhost:5173/_next/static/chunks/node_modules_next_dist_1e8vcs8._.js:776
[ 3472826ms] [LOG] [Fast Refresh] done in 99ms @ http://localhost:5173/_next/static/chunks/node_modules_next_dist_1e8vcs8._.js:776
[ 3472879ms] [LOG] [Fast Refresh] done in 99ms @ http://localhost:5173/_next/static/chunks/node_modules_next_dist_1e8vcs8._.js:776
[ 3472941ms] [LOG] [Fast Refresh] done in 99ms @ http://localhost:5173/_next/static/chunks/node_modules_next_dist_1e8vcs8._.js:776
[ 3472994ms] [LOG] [Fast Refresh] done in 99ms @ http://localhost:5173/_next/static/chunks/node_modules_next_dist_1e8vcs8._.js:776
[ 3473057ms] [LOG] [Fast Refresh] done in 99ms @ http://localhost:5173/_next/static/chunks/node_modules_next_dist_1e8vcs8._.js:776
[ 3473125ms] [LOG] [Fast Refresh] done in 99ms @ http://localhost:5173/_next/static/chunks/node_modules_next_dist_1e8vcs8._.js:776
[ 3473186ms] [LOG] [Fast Refresh] done in 99ms @ http://localhost:5173/_next/static/chunks/node_modules_next_dist_1e8vcs8._.js:776
[ 3473233ms] [LOG] [Fast Refresh] done in 99ms @ http://localhost:5173/_next/static/chunks/node_modules_next_dist_1e8vcs8._.js:776
[ 3473296ms] [LOG] [Fast Refresh] done in 99ms @ http://localhost:5173/_next/static/chunks/node_modules_next_dist_1e8vcs8._.js:776
[ 3473359ms] [LOG] [Fast Refresh] done in 99ms @ http://localhost:5173/_next/static/chunks/node_modules_next_dist_1e8vcs8._.js:776
[ 3473425ms] [LOG] [Fast Refresh] done in 99ms @ http://localhost:5173/_next/static/chunks/node_modules_next_dist_1e8vcs8._.js:776
[ 3473479ms] [LOG] [Fast Refresh] done in 99ms @ http://localhost:5173/_next/static/chunks/node_modules_next_dist_1e8vcs8._.js:776
[ 3473529ms] [LOG] [Fast Refresh] done in 99ms @ http://localhost:5173/_next/static/chunks/node_modules_next_dist_1e8vcs8._.js:776
[ 3473579ms] [LOG] [Fast Refresh] done in 99ms @ http://localhost:5173/_next/static/chunks/node_modules_next_dist_1e8vcs8._.js:776
[ 3473626ms] [LOG] [Fast Refresh] done in 99ms @ http://localhost:5173/_next/static/chunks/node_modules_next_dist_1e8vcs8._.js:776
[ 3473679ms] [LOG] [Fast Refresh] done in 99ms @ http://localhost:5173/_next/static/chunks/node_modules_next_dist_1e8vcs8._.js:776
[ 3473740ms] [LOG] [Fast Refresh] done in 99ms @ http://localhost:5173/_next/static/chunks/node_modules_next_dist_1e8vcs8._.js:776
[ 3473794ms] [LOG] [Fast Refresh] done in 99ms @ http://localhost:5173/_next/static/chunks/node_modules_next_dist_1e8vcs8._.js:776
[ 3473856ms] [LOG] [Fast Refresh] done in 99ms @ http://localhost:5173/_next/static/chunks/node_modules_next_dist_1e8vcs8._.js:776
[ 3473918ms] [LOG] [Fast Refresh] done in 99ms @ http://localhost:5173/_next/static/chunks/node_modules_next_dist_1e8vcs8._.js:776
[ 3473980ms] [LOG] [Fast Refresh] done in 99ms @ http://localhost:5173/_next/static/chunks/node_modules_next_dist_1e8vcs8._.js:776
[ 3474028ms] [LOG] [Fast Refresh] done in 99ms @ http://localhost:5173/_next/static/chunks/node_modules_next_dist_1e8vcs8._.js:776
[ 3474079ms] [LOG] [Fast Refresh] done in 99ms @ http://localhost:5173/_next/static/chunks/node_modules_next_dist_1e8vcs8._.js:776
[ 3474142ms] [LOG] [Fast Refresh] done in 99ms @ http://localhost:5173/_next/static/chunks/node_modules_next_dist_1e8vcs8._.js:776
[ 3474195ms] [LOG] [Fast Refresh] done in 99ms @ http://localhost:5173/_next/static/chunks/node_modules_next_dist_1e8vcs8._.js:776
[ 3474244ms] [LOG] [Fast Refresh] done in 99ms @ http://localhost:5173/_next/static/chunks/node_modules_next_dist_1e8vcs8._.js:776
[ 3474294ms] [LOG] [Fast Refresh] done in 99ms @ http://localhost:5173/_next/static/chunks/node_modules_next_dist_1e8vcs8._.js:776
[ 3474358ms] [LOG] [Fast Refresh] done in 99ms @ http://localhost:5173/_next/static/chunks/node_modules_next_dist_1e8vcs8._.js:776
[ 3474426ms] [LOG] [Fast Refresh] done in 99ms @ http://localhost:5173/_next/static/chunks/node_modules_next_dist_1e8vcs8._.js:776
[ 3474479ms] [LOG] [Fast Refresh] done in 99ms @ http://localhost:5173/_next/static/chunks/node_modules_next_dist_1e8vcs8._.js:776
[ 3474528ms] [LOG] [Fast Refresh] done in 99ms @ http://localhost:5173/_next/static/chunks/node_modules_next_dist_1e8vcs8._.js:776
[ 3474579ms] [LOG] [Fast Refresh] done in 99ms @ http://localhost:5173/_next/static/chunks/node_modules_next_dist_1e8vcs8._.js:776
[ 3474640ms] [LOG] [Fast Refresh] done in 99ms @ http://localhost:5173/_next/static/chunks/node_modules_next_dist_1e8vcs8._.js:776
[ 3474708ms] [LOG] [Fast Refresh] done in 99ms @ http://localhost:5173/_next/static/chunks/node_modules_next_dist_1e8vcs8._.js:776
[ 3474778ms] [LOG] [Fast Refresh] done in 99ms @ http://localhost:5173/_next/static/chunks/node_modules_next_dist_1e8vcs8._.js:776
[ 3474828ms] [LOG] [Fast Refresh] done in 99ms @ http://localhost:5173/_next/static/chunks/node_modules_next_dist_1e8vcs8._.js:776
[ 3474880ms] [LOG] [Fast Refresh] done in 99ms @ http://localhost:5173/_next/static/chunks/node_modules_next_dist_1e8vcs8._.js:776
[ 3474941ms] [LOG] [Fast Refresh] done in 99ms @ http://localhost:5173/_next/static/chunks/node_modules_next_dist_1e8vcs8._.js:776
[ 3474994ms] [LOG] [Fast Refresh] done in 99ms @ http://localhost:5173/_next/static/chunks/node_modules_next_dist_1e8vcs8._.js:776
[ 3475044ms] [LOG] [Fast Refresh] done in 99ms @ http://localhost:5173/_next/static/chunks/node_modules_next_dist_1e8vcs8._.js:776
[ 3475094ms] [LOG] [Fast Refresh] done in 99ms @ http://localhost:5173/_next/static/chunks/node_modules_next_dist_1e8vcs8._.js:776
[ 3475156ms] [LOG] [Fast Refresh] done in 99ms @ http://localhost:5173/_next/static/chunks/node_modules_next_dist_1e8vcs8._.js:776
[ 3475221ms] [LOG] [Fast Refresh] done in 99ms @ http://localhost:5173/_next/static/chunks/node_modules_next_dist_1e8vcs8._.js:776
[ 3475286ms] [LOG] [Fast Refresh] done in 99ms @ http://localhost:5173/_next/static/chunks/node_modules_next_dist_1e8vcs8._.js:776
[ 3475340ms] [LOG] [Fast Refresh] done in 99ms @ http://localhost:5173/_next/static/chunks/node_modules_next_dist_1e8vcs8._.js:776
[ 3475401ms] [LOG] [Fast Refresh] done in 99ms @ http://localhost:5173/_next/static/chunks/node_modules_next_dist_1e8vcs8._.js:776
[ 3475449ms] [LOG] [Fast Refresh] done in 99ms @ http://localhost:5173/_next/static/chunks/node_modules_next_dist_1e8vcs8._.js:776
[ 3475501ms] [LOG] [Fast Refresh] done in 99ms @ http://localhost:5173/_next/static/chunks/node_modules_next_dist_1e8vcs8._.js:776
[ 3475562ms] [LOG] [Fast Refresh] done in 99ms @ http://localhost:5173/_next/static/chunks/node_modules_next_dist_1e8vcs8._.js:776
[ 3475625ms] [LOG] [Fast Refresh] done in 99ms @ http://localhost:5173/_next/static/chunks/node_modules_next_dist_1e8vcs8._.js:776
[ 3475678ms] [LOG] [Fast Refresh] done in 99ms @ http://localhost:5173/_next/static/chunks/node_modules_next_dist_1e8vcs8._.js:776
[ 3475740ms] [LOG] [Fast Refresh] done in 99ms @ http://localhost:5173/_next/static/chunks/node_modules_next_dist_1e8vcs8._.js:776
[ 3475794ms] [LOG] [Fast Refresh] done in 99ms @ http://localhost:5173/_next/static/chunks/node_modules_next_dist_1e8vcs8._.js:776
[ 3475855ms] [LOG] [Fast Refresh] done in 99ms @ http://localhost:5173/_next/static/chunks/node_modules_next_dist_1e8vcs8._.js:776
[ 3475926ms] [LOG] [Fast Refresh] done in 99ms @ http://localhost:5173/_next/static/chunks/node_modules_next_dist_1e8vcs8._.js:776
[ 3475978ms] [LOG] [Fast Refresh] done in 99ms @ http://localhost:5173/_next/static/chunks/node_modules_next_dist_1e8vcs8._.js:776
[ 3476041ms] [LOG] [Fast Refresh] done in 99ms @ http://localhost:5173/_next/static/chunks/node_modules_next_dist_1e8vcs8._.js:776
[ 3476094ms] [LOG] [Fast Refresh] done in 99ms @ http://localhost:5173/_next/static/chunks/node_modules_next_dist_1e8vcs8._.js:776
[ 3476159ms] [LOG] [Fast Refresh] done in 99ms @ http://localhost:5173/_next/static/chunks/node_modules_next_dist_1e8vcs8._.js:776
[ 3476217ms] [LOG] [Fast Refresh] done in 99ms @ http://localhost:5173/_next/static/chunks/node_modules_next_dist_1e8vcs8._.js:776
[ 3476265ms] [LOG] [Fast Refresh] done in 99ms @ http://localhost:5173/_next/static/chunks/node_modules_next_dist_1e8vcs8._.js:776
[ 3476328ms] [LOG] [Fast Refresh] done in 99ms @ http://localhost:5173/_next/static/chunks/node_modules_next_dist_1e8vcs8._.js:776
[ 3476378ms] [LOG] [Fast Refresh] done in 99ms @ http://localhost:5173/_next/static/chunks/node_modules_next_dist_1e8vcs8._.js:776
[ 3476441ms] [LOG] [Fast Refresh] done in 99ms @ http://localhost:5173/_next/static/chunks/node_modules_next_dist_1e8vcs8._.js:776
[ 3476494ms] [LOG] [Fast Refresh] done in 99ms @ http://localhost:5173/_next/static/chunks/node_modules_next_dist_1e8vcs8._.js:776
[ 3476556ms] [LOG] [Fast Refresh] done in 99ms @ http://localhost:5173/_next/static/chunks/node_modules_next_dist_1e8vcs8._.js:776
[ 3476629ms] [LOG] [Fast Refresh] done in 99ms @ http://localhost:5173/_next/static/chunks/node_modules_next_dist_1e8vcs8._.js:776
[ 3476679ms] [LOG] [Fast Refresh] done in 99ms @ http://localhost:5173/_next/static/chunks/node_modules_next_dist_1e8vcs8._.js:776
[ 3476740ms] [LOG] [Fast Refresh] done in 99ms @ http://localhost:5173/_next/static/chunks/node_modules_next_dist_1e8vcs8._.js:776
[ 3476794ms] [LOG] [Fast Refresh] done in 99ms @ http://localhost:5173/_next/static/chunks/node_modules_next_dist_1e8vcs8._.js:776
[ 3476856ms] [LOG] [Fast Refresh] done in 99ms @ http://localhost:5173/_next/static/chunks/node_modules_next_dist_1e8vcs8._.js:776
[ 3476926ms] [LOG] [Fast Refresh] done in 99ms @ http://localhost:5173/_next/static/chunks/node_modules_next_dist_1e8vcs8._.js:776
[ 3476979ms] [LOG] [Fast Refresh] done in 99ms @ http://localhost:5173/_next/static/chunks/node_modules_next_dist_1e8vcs8._.js:776
[ 3477040ms] [LOG] [Fast Refresh] done in 99ms @ http://localhost:5173/_next/static/chunks/node_modules_next_dist_1e8vcs8._.js:776
[ 3477095ms] [LOG] [Fast Refresh] done in 99ms @ http://localhost:5173/_next/static/chunks/node_modules_next_dist_1e8vcs8._.js:776
[ 3477142ms] [LOG] [Fast Refresh] done in 99ms @ http://localhost:5173/_next/static/chunks/node_modules_next_dist_1e8vcs8._.js:776
[ 3477194ms] [LOG] [Fast Refresh] done in 99ms @ http://localhost:5173/_next/static/chunks/node_modules_next_dist_1e8vcs8._.js:776
[ 3477256ms] [LOG] [Fast Refresh] done in 99ms @ http://localhost:5173/_next/static/chunks/node_modules_next_dist_1e8vcs8._.js:776
[ 3477321ms] [LOG] [Fast Refresh] done in 99ms @ http://localhost:5173/_next/static/chunks/node_modules_next_dist_1e8vcs8._.js:776
[ 3477386ms] [LOG] [Fast Refresh] done in 99ms @ http://localhost:5173/_next/static/chunks/node_modules_next_dist_1e8vcs8._.js:776
[ 3477451ms] [LOG] [Fast Refresh] done in 99ms @ http://localhost:5173/_next/static/chunks/node_modules_next_dist_1e8vcs8._.js:776
[ 3477500ms] [LOG] [Fast Refresh] done in 99ms @ http://localhost:5173/_next/static/chunks/node_modules_next_dist_1e8vcs8._.js:776
[ 3477562ms] [LOG] [Fast Refresh] done in 99ms @ http://localhost:5173/_next/static/chunks/node_modules_next_dist_1e8vcs8._.js:776
[ 3477624ms] [LOG] [Fast Refresh] done in 99ms @ http://localhost:5173/_next/static/chunks/node_modules_next_dist_1e8vcs8._.js:776
[ 3477678ms] [LOG] [Fast Refresh] done in 99ms @ http://localhost:5173/_next/static/chunks/node_modules_next_dist_1e8vcs8._.js:776
[ 3477724ms] [LOG] [Fast Refresh] done in 99ms @ http://localhost:5173/_next/static/chunks/node_modules_next_dist_1e8vcs8._.js:776
[ 3477778ms] [LOG] [Fast Refresh] done in 99ms @ http://localhost:5173/_next/static/chunks/node_modules_next_dist_1e8vcs8._.js:776
[ 3477839ms] [LOG] [Fast Refresh] done in 99ms @ http://localhost:5173/_next/static/chunks/node_modules_next_dist_1e8vcs8._.js:776
[ 3477901ms] [LOG] [Fast Refresh] done in 99ms @ http://localhost:5173/_next/static/chunks/node_modules_next_dist_1e8vcs8._.js:776
[ 3477964ms] [LOG] [Fast Refresh] done in 99ms @ http://localhost:5173/_next/static/chunks/node_modules_next_dist_1e8vcs8._.js:776
[ 3478014ms] [LOG] [Fast Refresh] done in 99ms @ http://localhost:5173/_next/static/chunks/node_modules_next_dist_1e8vcs8._.js:776
[ 3478079ms] [LOG] [Fast Refresh] done in 99ms @ http://localhost:5173/_next/static/chunks/node_modules_next_dist_1e8vcs8._.js:776
[ 3478128ms] [LOG] [Fast Refresh] done in 99ms @ http://localhost:5173/_next/static/chunks/node_modules_next_dist_1e8vcs8._.js:776
[ 3478176ms] [LOG] [Fast Refresh] done in 99ms @ http://localhost:5173/_next/static/chunks/node_modules_next_dist_1e8vcs8._.js:776
[ 3478223ms] [LOG] [Fast Refresh] done in 99ms @ http://localhost:5173/_next/static/chunks/node_modules_next_dist_1e8vcs8._.js:776
[ 3478287ms] [LOG] [Fast Refresh] done in 99ms @ http://localhost:5173/_next/static/chunks/node_modules_next_dist_1e8vcs8._.js:776
[ 3478335ms] [LOG] [Fast Refresh] done in 99ms @ http://localhost:5173/_next/static/chunks/node_modules_next_dist_1e8vcs8._.js:776
[ 3478385ms] [LOG] [Fast Refresh] done in 99ms @ http://localhost:5173/_next/static/chunks/node_modules_next_dist_1e8vcs8._.js:776
[ 3478447ms] [LOG] [Fast Refresh] done in 99ms @ http://localhost:5173/_next/static/chunks/node_modules_next_dist_1e8vcs8._.js:776
[ 3478495ms] [LOG] [Fast Refresh] done in 99ms @ http://localhost:5173/_next/static/chunks/node_modules_next_dist_1e8vcs8._.js:776
[ 3478559ms] [LOG] [Fast Refresh] done in 99ms @ http://localhost:5173/_next/static/chunks/node_modules_next_dist_1e8vcs8._.js:776
[ 3478629ms] [LOG] [Fast Refresh] done in 99ms @ http://localhost:5173/_next/static/chunks/node_modules_next_dist_1e8vcs8._.js:776
[ 3478678ms] [LOG] [Fast Refresh] done in 99ms @ http://localhost:5173/_next/static/chunks/node_modules_next_dist_1e8vcs8._.js:776
[ 3478740ms] [LOG] [Fast Refresh] done in 99ms @ http://localhost:5173/_next/static/chunks/node_modules_next_dist_1e8vcs8._.js:776
[ 3478801ms] [LOG] [Fast Refresh] done in 99ms @ http://localhost:5173/_next/static/chunks/node_modules_next_dist_1e8vcs8._.js:776
[ 3478848ms] [LOG] [Fast Refresh] done in 99ms @ http://localhost:5173/_next/static/chunks/node_modules_next_dist_1e8vcs8._.js:776
[ 3478911ms] [LOG] [Fast Refresh] done in 99ms @ http://localhost:5173/_next/static/chunks/node_modules_next_dist_1e8vcs8._.js:776
[ 3478978ms] [LOG] [Fast Refresh] done in 99ms @ http://localhost:5173/_next/static/chunks/node_modules_next_dist_1e8vcs8._.js:776
[ 3479040ms] [LOG] [Fast Refresh] done in 99ms @ http://localhost:5173/_next/static/chunks/node_modules_next_dist_1e8vcs8._.js:776
[ 3479094ms] [LOG] [Fast Refresh] done in 99ms @ http://localhost:5173/_next/static/chunks/node_modules_next_dist_1e8vcs8._.js:776
[ 3479134ms] [LOG] [Fast Refresh] done in 99ms @ http://localhost:5173/_next/static/chunks/node_modules_next_dist_1e8vcs8._.js:776
[ 3479187ms] [LOG] [Fast Refresh] done in 99ms @ http://localhost:5173/_next/static/chunks/node_modules_next_dist_1e8vcs8._.js:776
[ 3479255ms] [LOG] [Fast Refresh] done in 99ms @ http://localhost:5173/_next/static/chunks/node_modules_next_dist_1e8vcs8._.js:776
[ 3479317ms] [LOG] [Fast Refresh] done in 99ms @ http://localhost:5173/_next/static/chunks/node_modules_next_dist_1e8vcs8._.js:776
[ 3479364ms] [LOG] [Fast Refresh] done in 99ms @ http://localhost:5173/_next/static/chunks/node_modules_next_dist_1e8vcs8._.js:776
[ 3479411ms] [LOG] [Fast Refresh] done in 99ms @ http://localhost:5173/_next/static/chunks/node_modules_next_dist_1e8vcs8._.js:776
[ 3479474ms] [LOG] [Fast Refresh] done in 99ms @ http://localhost:5173/_next/static/chunks/node_modules_next_dist_1e8vcs8._.js:776
[ 3479531ms] [LOG] [Fast Refresh] done in 99ms @ http://localhost:5173/_next/static/chunks/node_modules_next_dist_1e8vcs8._.js:776
[ 3479578ms] [LOG] [Fast Refresh] done in 99ms @ http://localhost:5173/_next/static/chunks/node_modules_next_dist_1e8vcs8._.js:776
[ 3479625ms] [LOG] [Fast Refresh] done in 99ms @ http://localhost:5173/_next/static/chunks/node_modules_next_dist_1e8vcs8._.js:776
[ 3479674ms] [LOG] [Fast Refresh] done in 99ms @ http://localhost:5173/_next/static/chunks/node_modules_next_dist_1e8vcs8._.js:776
[ 3479732ms] [LOG] [Fast Refresh] done in 99ms @ http://localhost:5173/_next/static/chunks/node_modules_next_dist_1e8vcs8._.js:776
[ 3479780ms] [LOG] [Fast Refresh] done in 99ms @ http://localhost:5173/_next/static/chunks/node_modules_next_dist_1e8vcs8._.js:776
[ 3479894ms] [LOG] [Fast Refresh] done in 99ms @ http://localhost:5173/_next/static/chunks/node_modules_next_dist_1e8vcs8._.js:776
[ 3479955ms] [LOG] [Fast Refresh] done in 99ms @ http://localhost:5173/_next/static/chunks/node_modules_next_dist_1e8vcs8._.js:776
[ 3480017ms] [LOG] [Fast Refresh] done in 99ms @ http://localhost:5173/_next/static/chunks/node_modules_next_dist_1e8vcs8._.js:776
[ 3480085ms] [LOG] [Fast Refresh] done in 99ms @ http://localhost:5173/_next/static/chunks/node_modules_next_dist_1e8vcs8._.js:776
[ 3480132ms] [LOG] [Fast Refresh] done in 99ms @ http://localhost:5173/_next/static/chunks/node_modules_next_dist_1e8vcs8._.js:776
[ 3480181ms] [LOG] [Fast Refresh] done in 99ms @ http://localhost:5173/_next/static/chunks/node_modules_next_dist_1e8vcs8._.js:776
[ 3480229ms] [LOG] [Fast Refresh] done in 99ms @ http://localhost:5173/_next/static/chunks/node_modules_next_dist_1e8vcs8._.js:776
[ 3480291ms] [LOG] [Fast Refresh] done in 99ms @ http://localhost:5173/_next/static/chunks/node_modules_next_dist_1e8vcs8._.js:776
[ 3480359ms] [LOG] [Fast Refresh] done in 99ms @ http://localhost:5173/_next/static/chunks/node_modules_next_dist_1e8vcs8._.js:776
[ 3480423ms] [LOG] [Fast Refresh] done in 99ms @ http://localhost:5173/_next/static/chunks/node_modules_next_dist_1e8vcs8._.js:776
[ 3480486ms] [LOG] [Fast Refresh] done in 99ms @ http://localhost:5173/_next/static/chunks/node_modules_next_dist_1e8vcs8._.js:776
[ 3480535ms] [LOG] [Fast Refresh] done in 99ms @ http://localhost:5173/_next/static/chunks/node_modules_next_dist_1e8vcs8._.js:776
[ 3480586ms] [LOG] [Fast Refresh] done in 99ms @ http://localhost:5173/_next/static/chunks/node_modules_next_dist_1e8vcs8._.js:776
[ 3480654ms] [LOG] [Fast Refresh] done in 99ms @ http://localhost:5173/_next/static/chunks/node_modules_next_dist_1e8vcs8._.js:776
[ 3480717ms] [LOG] [Fast Refresh] done in 99ms @ http://localhost:5173/_next/static/chunks/node_modules_next_dist_1e8vcs8._.js:776
[ 3480764ms] [LOG] [Fast Refresh] done in 99ms @ http://localhost:5173/_next/static/chunks/node_modules_next_dist_1e8vcs8._.js:776
[ 3480812ms] [LOG] [Fast Refresh] done in 99ms @ http://localhost:5173/_next/static/chunks/node_modules_next_dist_1e8vcs8._.js:776
[ 3480877ms] [LOG] [Fast Refresh] done in 99ms @ http://localhost:5173/_next/static/chunks/node_modules_next_dist_1e8vcs8._.js:776
[ 3480939ms] [LOG] [Fast Refresh] done in 99ms @ http://localhost:5173/_next/static/chunks/node_modules_next_dist_1e8vcs8._.js:776
[ 3480992ms] [LOG] [Fast Refresh] done in 99ms @ http://localhost:5173/_next/static/chunks/node_modules_next_dist_1e8vcs8._.js:776
[ 3481055ms] [LOG] [Fast Refresh] done in 99ms @ http://localhost:5173/_next/static/chunks/node_modules_next_dist_1e8vcs8._.js:776
[ 3481116ms] [LOG] [Fast Refresh] done in 99ms @ http://localhost:5173/_next/static/chunks/node_modules_next_dist_1e8vcs8._.js:776
[ 3481168ms] [LOG] [Fast Refresh] done in 99ms @ http://localhost:5173/_next/static/chunks/node_modules_next_dist_1e8vcs8._.js:776
[ 3481233ms] [LOG] [Fast Refresh] done in 99ms @ http://localhost:5173/_next/static/chunks/node_modules_next_dist_1e8vcs8._.js:776
[ 3481295ms] [LOG] [Fast Refresh] done in 99ms @ http://localhost:5173/_next/static/chunks/node_modules_next_dist_1e8vcs8._.js:776
[ 3481358ms] [LOG] [Fast Refresh] done in 99ms @ http://localhost:5173/_next/static/chunks/node_modules_next_dist_1e8vcs8._.js:776
[ 3481424ms] [LOG] [Fast Refresh] done in 99ms @ http://localhost:5173/_next/static/chunks/node_modules_next_dist_1e8vcs8._.js:776
[ 3481486ms] [LOG] [Fast Refresh] done in 99ms @ http://localhost:5173/_next/static/chunks/node_modules_next_dist_1e8vcs8._.js:776
[ 3481537ms] [LOG] [Fast Refresh] done in 99ms @ http://localhost:5173/_next/static/chunks/node_modules_next_dist_1e8vcs8._.js:776
[ 3481586ms] [LOG] [Fast Refresh] done in 99ms @ http://localhost:5173/_next/static/chunks/node_modules_next_dist_1e8vcs8._.js:776
[ 3481647ms] [LOG] [Fast Refresh] done in 99ms @ http://localhost:5173/_next/static/chunks/node_modules_next_dist_1e8vcs8._.js:776
[ 3481708ms] [LOG] [Fast Refresh] done in 99ms @ http://localhost:5173/_next/static/chunks/node_modules_next_dist_1e8vcs8._.js:776
[ 3481758ms] [LOG] [Fast Refresh] done in 99ms @ http://localhost:5173/_next/static/chunks/node_modules_next_dist_1e8vcs8._.js:776
[ 3481824ms] [LOG] [Fast Refresh] done in 99ms @ http://localhost:5173/_next/static/chunks/node_modules_next_dist_1e8vcs8._.js:776
[ 3481878ms] [LOG] [Fast Refresh] done in 99ms @ http://localhost:5173/_next/static/chunks/node_modules_next_dist_1e8vcs8._.js:776
[ 3481940ms] [LOG] [Fast Refresh] done in 99ms @ http://localhost:5173/_next/static/chunks/node_modules_next_dist_1e8vcs8._.js:776
[ 3481994ms] [LOG] [Fast Refresh] done in 99ms @ http://localhost:5173/_next/static/chunks/node_modules_next_dist_1e8vcs8._.js:776
[ 3482044ms] [LOG] [Fast Refresh] done in 99ms @ http://localhost:5173/_next/static/chunks/node_modules_next_dist_1e8vcs8._.js:776
[ 3482094ms] [LOG] [Fast Refresh] done in 99ms @ http://localhost:5173/_next/static/chunks/node_modules_next_dist_1e8vcs8._.js:776
[ 3482155ms] [LOG] [Fast Refresh] done in 99ms @ http://localhost:5173/_next/static/chunks/node_modules_next_dist_1e8vcs8._.js:776
[ 3482203ms] [LOG] [Fast Refresh] done in 99ms @ http://localhost:5173/_next/static/chunks/node_modules_next_dist_1e8vcs8._.js:776
[ 3482248ms] [LOG] [Fast Refresh] done in 99ms @ http://localhost:5173/_next/static/chunks/node_modules_next_dist_1e8vcs8._.js:776
[ 3482295ms] [LOG] [Fast Refresh] done in 99ms @ http://localhost:5173/_next/static/chunks/node_modules_next_dist_1e8vcs8._.js:776
[ 3482357ms] [LOG] [Fast Refresh] done in 99ms @ http://localhost:5173/_next/static/chunks/node_modules_next_dist_1e8vcs8._.js:776
[ 3482425ms] [LOG] [Fast Refresh] done in 99ms @ http://localhost:5173/_next/static/chunks/node_modules_next_dist_1e8vcs8._.js:776
[ 3482478ms] [LOG] [Fast Refresh] done in 99ms @ http://localhost:5173/_next/static/chunks/node_modules_next_dist_1e8vcs8._.js:776
[ 3482540ms] [LOG] [Fast Refresh] done in 99ms @ http://localhost:5173/_next/static/chunks/node_modules_next_dist_1e8vcs8._.js:776
[ 3482594ms] [LOG] [Fast Refresh] done in 99ms @ http://localhost:5173/_next/static/chunks/node_modules_next_dist_1e8vcs8._.js:776
[ 3482644ms] [LOG] [Fast Refresh] done in 99ms @ http://localhost:5173/_next/static/chunks/node_modules_next_dist_1e8vcs8._.js:776
[ 3482693ms] [LOG] [Fast Refresh] done in 99ms @ http://localhost:5173/_next/static/chunks/node_modules_next_dist_1e8vcs8._.js:776
[ 3482755ms] [LOG] [Fast Refresh] done in 99ms @ http://localhost:5173/_next/static/chunks/node_modules_next_dist_1e8vcs8._.js:776
[ 3482818ms] [LOG] [Fast Refresh] done in 99ms @ http://localhost:5173/_next/static/chunks/node_modules_next_dist_1e8vcs8._.js:776
[ 3482885ms] [LOG] [Fast Refresh] done in 99ms @ http://localhost:5173/_next/static/chunks/node_modules_next_dist_1e8vcs8._.js:776
[ 3482932ms] [LOG] [Fast Refresh] done in 99ms @ http://localhost:5173/_next/static/chunks/node_modules_next_dist_1e8vcs8._.js:776
[ 3482980ms] [LOG] [Fast Refresh] done in 99ms @ http://localhost:5173/_next/static/chunks/node_modules_next_dist_1e8vcs8._.js:776
[ 3483029ms] [LOG] [Fast Refresh] done in 99ms @ http://localhost:5173/_next/static/chunks/node_modules_next_dist_1e8vcs8._.js:776
[ 3483078ms] [LOG] [Fast Refresh] done in 99ms @ http://localhost:5173/_next/static/chunks/node_modules_next_dist_1e8vcs8._.js:776
[ 3483140ms] [LOG] [Fast Refresh] done in 99ms @ http://localhost:5173/_next/static/chunks/node_modules_next_dist_1e8vcs8._.js:776
[ 3483193ms] [LOG] [Fast Refresh] done in 99ms @ http://localhost:5173/_next/static/chunks/node_modules_next_dist_1e8vcs8._.js:776
[ 3483255ms] [LOG] [Fast Refresh] done in 99ms @ http://localhost:5173/_next/static/chunks/node_modules_next_dist_1e8vcs8._.js:776
[ 3483313ms] [LOG] [Fast Refresh] done in 99ms @ http://localhost:5173/_next/static/chunks/node_modules_next_dist_1e8vcs8._.js:776
[ 3483360ms] [LOG] [Fast Refresh] done in 99ms @ http://localhost:5173/_next/static/chunks/node_modules_next_dist_1e8vcs8._.js:776
[ 3483425ms] [LOG] [Fast Refresh] done in 99ms @ http://localhost:5173/_next/static/chunks/node_modules_next_dist_1e8vcs8._.js:776
[ 3483487ms] [LOG] [Fast Refresh] done in 99ms @ http://localhost:5173/_next/static/chunks/node_modules_next_dist_1e8vcs8._.js:776
[ 3483548ms] [LOG] [Fast Refresh] done in 99ms @ http://localhost:5173/_next/static/chunks/node_modules_next_dist_1e8vcs8._.js:776
[ 3483610ms] [LOG] [Fast Refresh] done in 99ms @ http://localhost:5173/_next/static/chunks/node_modules_next_dist_1e8vcs8._.js:776
[ 3483678ms] [LOG] [Fast Refresh] done in 99ms @ http://localhost:5173/_next/static/chunks/node_modules_next_dist_1e8vcs8._.js:776
[ 3483739ms] [LOG] [Fast Refresh] done in 99ms @ http://localhost:5173/_next/static/chunks/node_modules_next_dist_1e8vcs8._.js:776
[ 3483786ms] [LOG] [Fast Refresh] done in 99ms @ http://localhost:5173/_next/static/chunks/node_modules_next_dist_1e8vcs8._.js:776
[ 3483848ms] [LOG] [Fast Refresh] done in 99ms @ http://localhost:5173/_next/static/chunks/node_modules_next_dist_1e8vcs8._.js:776
[ 3483909ms] [LOG] [Fast Refresh] done in 99ms @ http://localhost:5173/_next/static/chunks/node_modules_next_dist_1e8vcs8._.js:776
[ 3483972ms] [LOG] [Fast Refresh] done in 99ms @ http://localhost:5173/_next/static/chunks/node_modules_next_dist_1e8vcs8._.js:776
[ 3484034ms] [LOG] [Fast Refresh] done in 99ms @ http://localhost:5173/_next/static/chunks/node_modules_next_dist_1e8vcs8._.js:776
[ 3484098ms] [LOG] [Fast Refresh] done in 99ms @ http://localhost:5173/_next/static/chunks/node_modules_next_dist_1e8vcs8._.js:776
[ 3484161ms] [LOG] [Fast Refresh] done in 99ms @ http://localhost:5173/_next/static/chunks/node_modules_next_dist_1e8vcs8._.js:776
[ 3484208ms] [LOG] [Fast Refresh] done in 99ms @ http://localhost:5173/_next/static/chunks/node_modules_next_dist_1e8vcs8._.js:776
[ 3484259ms] [LOG] [Fast Refresh] done in 99ms @ http://localhost:5173/_next/static/chunks/node_modules_next_dist_1e8vcs8._.js:776
[ 3484324ms] [LOG] [Fast Refresh] done in 99ms @ http://localhost:5173/_next/static/chunks/node_modules_next_dist_1e8vcs8._.js:776
[ 3484378ms] [LOG] [Fast Refresh] done in 99ms @ http://localhost:5173/_next/static/chunks/node_modules_next_dist_1e8vcs8._.js:776
[ 3484438ms] [LOG] [Fast Refresh] done in 99ms @ http://localhost:5173/_next/static/chunks/node_modules_next_dist_1e8vcs8._.js:776
[ 3484485ms] [LOG] [Fast Refresh] done in 99ms @ http://localhost:5173/_next/static/chunks/node_modules_next_dist_1e8vcs8._.js:776
[ 3484547ms] [LOG] [Fast Refresh] done in 99ms @ http://localhost:5173/_next/static/chunks/node_modules_next_dist_1e8vcs8._.js:776
[ 3484598ms] [LOG] [Fast Refresh] done in 99ms @ http://localhost:5173/_next/static/chunks/node_modules_next_dist_1e8vcs8._.js:776
[ 3484645ms] [LOG] [Fast Refresh] done in 99ms @ http://localhost:5173/_next/static/chunks/node_modules_next_dist_1e8vcs8._.js:776
[ 3484693ms] [LOG] [Fast Refresh] done in 99ms @ http://localhost:5173/_next/static/chunks/node_modules_next_dist_1e8vcs8._.js:776
[ 3484755ms] [LOG] [Fast Refresh] done in 99ms @ http://localhost:5173/_next/static/chunks/node_modules_next_dist_1e8vcs8._.js:776
[ 3484802ms] [LOG] [Fast Refresh] done in 99ms @ http://localhost:5173/_next/static/chunks/node_modules_next_dist_1e8vcs8._.js:776
[ 3484864ms] [LOG] [Fast Refresh] done in 99ms @ http://localhost:5173/_next/static/chunks/node_modules_next_dist_1e8vcs8._.js:776
[ 3484913ms] [LOG] [Fast Refresh] done in 99ms @ http://localhost:5173/_next/static/chunks/node_modules_next_dist_1e8vcs8._.js:776
[ 3484961ms] [LOG] [Fast Refresh] done in 99ms @ http://localhost:5173/_next/static/chunks/node_modules_next_dist_1e8vcs8._.js:776
[ 3485025ms] [LOG] [Fast Refresh] done in 99ms @ http://localhost:5173/_next/static/chunks/node_modules_next_dist_1e8vcs8._.js:776
[ 3485078ms] [LOG] [Fast Refresh] done in 99ms @ http://localhost:5173/_next/static/chunks/node_modules_next_dist_1e8vcs8._.js:776
[ 3485126ms] [LOG] [Fast Refresh] done in 99ms @ http://localhost:5173/_next/static/chunks/node_modules_next_dist_1e8vcs8._.js:776
[ 3485178ms] [LOG] [Fast Refresh] done in 99ms @ http://localhost:5173/_next/static/chunks/node_modules_next_dist_1e8vcs8._.js:776
[ 3485224ms] [LOG] [Fast Refresh] done in 99ms @ http://localhost:5173/_next/static/chunks/node_modules_next_dist_1e8vcs8._.js:776
[ 3485279ms] [LOG] [Fast Refresh] done in 99ms @ http://localhost:5173/_next/static/chunks/node_modules_next_dist_1e8vcs8._.js:776
[ 3485341ms] [LOG] [Fast Refresh] done in 99ms @ http://localhost:5173/_next/static/chunks/node_modules_next_dist_1e8vcs8._.js:776
[ 3485394ms] [LOG] [Fast Refresh] done in 99ms @ http://localhost:5173/_next/static/chunks/node_modules_next_dist_1e8vcs8._.js:776
[ 3485444ms] [LOG] [Fast Refresh] done in 99ms @ http://localhost:5173/_next/static/chunks/node_modules_next_dist_1e8vcs8._.js:776
[ 3485494ms] [LOG] [Fast Refresh] done in 99ms @ http://localhost:5173/_next/static/chunks/node_modules_next_dist_1e8vcs8._.js:776
[ 3485556ms] [LOG] [Fast Refresh] done in 99ms @ http://localhost:5173/_next/static/chunks/node_modules_next_dist_1e8vcs8._.js:776
[ 3485615ms] [LOG] [Fast Refresh] done in 99ms @ http://localhost:5173/_next/static/chunks/node_modules_next_dist_1e8vcs8._.js:776
[ 3485678ms] [LOG] [Fast Refresh] done in 99ms @ http://localhost:5173/_next/static/chunks/node_modules_next_dist_1e8vcs8._.js:776
[ 3485725ms] [LOG] [Fast Refresh] done in 99ms @ http://localhost:5173/_next/static/chunks/node_modules_next_dist_1e8vcs8._.js:776
[ 3485778ms] [LOG] [Fast Refresh] done in 99ms @ http://localhost:5173/_next/static/chunks/node_modules_next_dist_1e8vcs8._.js:776
[ 3485841ms] [LOG] [Fast Refresh] done in 99ms @ http://localhost:5173/_next/static/chunks/node_modules_next_dist_1e8vcs8._.js:776
[ 3485894ms] [LOG] [Fast Refresh] done in 99ms @ http://localhost:5173/_next/static/chunks/node_modules_next_dist_1e8vcs8._.js:776
[ 3485957ms] [LOG] [Fast Refresh] done in 99ms @ http://localhost:5173/_next/static/chunks/node_modules_next_dist_1e8vcs8._.js:776
[ 3486029ms] [LOG] [Fast Refresh] done in 99ms @ http://localhost:5173/_next/static/chunks/node_modules_next_dist_1e8vcs8._.js:776
[ 3486079ms] [LOG] [Fast Refresh] done in 99ms @ http://localhost:5173/_next/static/chunks/node_modules_next_dist_1e8vcs8._.js:776
[ 3486128ms] [LOG] [Fast Refresh] done in 99ms @ http://localhost:5173/_next/static/chunks/node_modules_next_dist_1e8vcs8._.js:776
[ 3486190ms] [LOG] [Fast Refresh] done in 99ms @ http://localhost:5173/_next/static/chunks/node_modules_next_dist_1e8vcs8._.js:776
[ 3486238ms] [LOG] [Fast Refresh] done in 99ms @ http://localhost:5173/_next/static/chunks/node_modules_next_dist_1e8vcs8._.js:776
[ 3486286ms] [LOG] [Fast Refresh] done in 99ms @ http://localhost:5173/_next/static/chunks/node_modules_next_dist_1e8vcs8._.js:776
[ 3486348ms] [LOG] [Fast Refresh] done in 99ms @ http://localhost:5173/_next/static/chunks/node_modules_next_dist_1e8vcs8._.js:776
[ 3486408ms] [LOG] [Fast Refresh] done in 99ms @ http://localhost:5173/_next/static/chunks/node_modules_next_dist_1e8vcs8._.js:776
[ 3486478ms] [LOG] [Fast Refresh] done in 99ms @ http://localhost:5173/_next/static/chunks/node_modules_next_dist_1e8vcs8._.js:776
[ 3486526ms] [LOG] [Fast Refresh] done in 99ms @ http://localhost:5173/_next/static/chunks/node_modules_next_dist_1e8vcs8._.js:776
[ 3486578ms] [LOG] [Fast Refresh] done in 99ms @ http://localhost:5173/_next/static/chunks/node_modules_next_dist_1e8vcs8._.js:776
[ 3486640ms] [LOG] [Fast Refresh] done in 99ms @ http://localhost:5173/_next/static/chunks/node_modules_next_dist_1e8vcs8._.js:776
[ 3486693ms] [LOG] [Fast Refresh] done in 99ms @ http://localhost:5173/_next/static/chunks/node_modules_next_dist_1e8vcs8._.js:776
[ 3486755ms] [LOG] [Fast Refresh] done in 99ms @ http://localhost:5173/_next/static/chunks/node_modules_next_dist_1e8vcs8._.js:776
[ 3486817ms] [LOG] [Fast Refresh] done in 99ms @ http://localhost:5173/_next/static/chunks/node_modules_next_dist_1e8vcs8._.js:776
[ 3486864ms] [LOG] [Fast Refresh] done in 99ms @ http://localhost:5173/_next/static/chunks/node_modules_next_dist_1e8vcs8._.js:776
[ 3486929ms] [LOG] [Fast Refresh] done in 99ms @ http://localhost:5173/_next/static/chunks/node_modules_next_dist_1e8vcs8._.js:776
[ 3486979ms] [LOG] [Fast Refresh] done in 99ms @ http://localhost:5173/_next/static/chunks/node_modules_next_dist_1e8vcs8._.js:776
[ 3487040ms] [LOG] [Fast Refresh] done in 99ms @ http://localhost:5173/_next/static/chunks/node_modules_next_dist_1e8vcs8._.js:776
[ 3487103ms] [LOG] [Fast Refresh] done in 99ms @ http://localhost:5173/_next/static/chunks/node_modules_next_dist_1e8vcs8._.js:776
[ 3487165ms] [LOG] [Fast Refresh] done in 99ms @ http://localhost:5173/_next/static/chunks/node_modules_next_dist_1e8vcs8._.js:776
[ 3487212ms] [LOG] [Fast Refresh] done in 99ms @ http://localhost:5173/_next/static/chunks/node_modules_next_dist_1e8vcs8._.js:776
[ 3487278ms] [LOG] [Fast Refresh] done in 99ms @ http://localhost:5173/_next/static/chunks/node_modules_next_dist_1e8vcs8._.js:776
[ 3487340ms] [LOG] [Fast Refresh] done in 99ms @ http://localhost:5173/_next/static/chunks/node_modules_next_dist_1e8vcs8._.js:776
[ 3487393ms] [LOG] [Fast Refresh] done in 99ms @ http://localhost:5173/_next/static/chunks/node_modules_next_dist_1e8vcs8._.js:776
[ 3487446ms] [LOG] [Fast Refresh] done in 99ms @ http://localhost:5173/_next/static/chunks/node_modules_next_dist_1e8vcs8._.js:776
[ 3487494ms] [LOG] [Fast Refresh] done in 99ms @ http://localhost:5173/_next/static/chunks/node_modules_next_dist_1e8vcs8._.js:776
[ 3487541ms] [LOG] [Fast Refresh] done in 99ms @ http://localhost:5173/_next/static/chunks/node_modules_next_dist_1e8vcs8._.js:776
[ 3487596ms] [LOG] [Fast Refresh] done in 99ms @ http://localhost:5173/_next/static/chunks/node_modules_next_dist_1e8vcs8._.js:776
[ 3487643ms] [LOG] [Fast Refresh] done in 99ms @ http://localhost:5173/_next/static/chunks/node_modules_next_dist_1e8vcs8._.js:776
[ 3487694ms] [LOG] [Fast Refresh] done in 99ms @ http://localhost:5173/_next/static/chunks/node_modules_next_dist_1e8vcs8._.js:776
[ 3487742ms] [LOG] [Fast Refresh] done in 99ms @ http://localhost:5173/_next/static/chunks/node_modules_next_dist_1e8vcs8._.js:776
[ 3487794ms] [LOG] [Fast Refresh] done in 99ms @ http://localhost:5173/_next/static/chunks/node_modules_next_dist_1e8vcs8._.js:776
[ 3487856ms] [LOG] [Fast Refresh] done in 99ms @ http://localhost:5173/_next/static/chunks/node_modules_next_dist_1e8vcs8._.js:776
[ 3487925ms] [LOG] [Fast Refresh] done in 99ms @ http://localhost:5173/_next/static/chunks/node_modules_next_dist_1e8vcs8._.js:776
[ 3487978ms] [LOG] [Fast Refresh] done in 99ms @ http://localhost:5173/_next/static/chunks/node_modules_next_dist_1e8vcs8._.js:776
[ 3488027ms] [LOG] [Fast Refresh] done in 99ms @ http://localhost:5173/_next/static/chunks/node_modules_next_dist_1e8vcs8._.js:776
[ 3488078ms] [LOG] [Fast Refresh] done in 99ms @ http://localhost:5173/_next/static/chunks/node_modules_next_dist_1e8vcs8._.js:776
[ 3488141ms] [LOG] [Fast Refresh] done in 99ms @ http://localhost:5173/_next/static/chunks/node_modules_next_dist_1e8vcs8._.js:776
[ 3488196ms] [LOG] [Fast Refresh] done in 99ms @ http://localhost:5173/_next/static/chunks/node_modules_next_dist_1e8vcs8._.js:776
[ 3488244ms] [LOG] [Fast Refresh] done in 99ms @ http://localhost:5173/_next/static/chunks/node_modules_next_dist_1e8vcs8._.js:776
[ 3488294ms] [LOG] [Fast Refresh] done in 99ms @ http://localhost:5173/_next/static/chunks/node_modules_next_dist_1e8vcs8._.js:776
[ 3488357ms] [LOG] [Fast Refresh] done in 99ms @ http://localhost:5173/_next/static/chunks/node_modules_next_dist_1e8vcs8._.js:776
[ 3488429ms] [LOG] [Fast Refresh] done in 99ms @ http://localhost:5173/_next/static/chunks/node_modules_next_dist_1e8vcs8._.js:776
[ 3488478ms] [LOG] [Fast Refresh] done in 99ms @ http://localhost:5173/_next/static/chunks/node_modules_next_dist_1e8vcs8._.js:776
[ 3488540ms] [LOG] [Fast Refresh] done in 99ms @ http://localhost:5173/_next/static/chunks/node_modules_next_dist_1e8vcs8._.js:776
[ 3488589ms] [LOG] [Fast Refresh] done in 99ms @ http://localhost:5173/_next/static/chunks/node_modules_next_dist_1e8vcs8._.js:776
[ 3488637ms] [LOG] [Fast Refresh] done in 99ms @ http://localhost:5173/_next/static/chunks/node_modules_next_dist_1e8vcs8._.js:776
[ 3488693ms] [LOG] [Fast Refresh] done in 99ms @ http://localhost:5173/_next/static/chunks/node_modules_next_dist_1e8vcs8._.js:776
[ 3488759ms] [LOG] [Fast Refresh] done in 99ms @ http://localhost:5173/_next/static/chunks/node_modules_next_dist_1e8vcs8._.js:776
[ 3488825ms] [LOG] [Fast Refresh] done in 99ms @ http://localhost:5173/_next/static/chunks/node_modules_next_dist_1e8vcs8._.js:776
[ 3488879ms] [LOG] [Fast Refresh] done in 99ms @ http://localhost:5173/_next/static/chunks/node_modules_next_dist_1e8vcs8._.js:776
[ 3488928ms] [LOG] [Fast Refresh] done in 99ms @ http://localhost:5173/_next/static/chunks/node_modules_next_dist_1e8vcs8._.js:776
[ 3488979ms] [LOG] [Fast Refresh] done in 99ms @ http://localhost:5173/_next/static/chunks/node_modules_next_dist_1e8vcs8._.js:776
[ 3489040ms] [LOG] [Fast Refresh] done in 99ms @ http://localhost:5173/_next/static/chunks/node_modules_next_dist_1e8vcs8._.js:776
[ 3489102ms] [LOG] [Fast Refresh] done in 99ms @ http://localhost:5173/_next/static/chunks/node_modules_next_dist_1e8vcs8._.js:776
[ 3489165ms] [LOG] [Fast Refresh] done in 99ms @ http://localhost:5173/_next/static/chunks/node_modules_next_dist_1e8vcs8._.js:776
[ 3489232ms] [LOG] [Fast Refresh] done in 99ms @ http://localhost:5173/_next/static/chunks/node_modules_next_dist_1e8vcs8._.js:776
[ 3489294ms] [LOG] [Fast Refresh] done in 99ms @ http://localhost:5173/_next/static/chunks/node_modules_next_dist_1e8vcs8._.js:776
[ 3489356ms] [LOG] [Fast Refresh] done in 99ms @ http://localhost:5173/_next/static/chunks/node_modules_next_dist_1e8vcs8._.js:776
[ 3489425ms] [LOG] [Fast Refresh] done in 99ms @ http://localhost:5173/_next/static/chunks/node_modules_next_dist_1e8vcs8._.js:776
[ 3489478ms] [LOG] [Fast Refresh] done in 99ms @ http://localhost:5173/_next/static/chunks/node_modules_next_dist_1e8vcs8._.js:776
[ 3489539ms] [LOG] [Fast Refresh] done in 99ms @ http://localhost:5173/_next/static/chunks/node_modules_next_dist_1e8vcs8._.js:776
[ 3489594ms] [LOG] [Fast Refresh] done in 99ms @ http://localhost:5173/_next/static/chunks/node_modules_next_dist_1e8vcs8._.js:776
[ 3489656ms] [LOG] [Fast Refresh] done in 99ms @ http://localhost:5173/_next/static/chunks/node_modules_next_dist_1e8vcs8._.js:776
[ 3489725ms] [LOG] [Fast Refresh] done in 99ms @ http://localhost:5173/_next/static/chunks/node_modules_next_dist_1e8vcs8._.js:776
[ 3489788ms] [LOG] [Fast Refresh] done in 99ms @ http://localhost:5173/_next/static/chunks/node_modules_next_dist_1e8vcs8._.js:776
[ 3489856ms] [LOG] [Fast Refresh] done in 99ms @ http://localhost:5173/_next/static/chunks/node_modules_next_dist_1e8vcs8._.js:776
[ 3489918ms] [LOG] [Fast Refresh] done in 99ms @ http://localhost:5173/_next/static/chunks/node_modules_next_dist_1e8vcs8._.js:776
[ 3489986ms] [LOG] [Fast Refresh] done in 99ms @ http://localhost:5173/_next/static/chunks/node_modules_next_dist_1e8vcs8._.js:776
[ 3490033ms] [LOG] [Fast Refresh] done in 99ms @ http://localhost:5173/_next/static/chunks/node_modules_next_dist_1e8vcs8._.js:776
[ 3490087ms] [LOG] [Fast Refresh] done in 99ms @ http://localhost:5173/_next/static/chunks/node_modules_next_dist_1e8vcs8._.js:776
[ 3490136ms] [LOG] [Fast Refresh] done in 99ms @ http://localhost:5173/_next/static/chunks/node_modules_next_dist_1e8vcs8._.js:776
[ 3490184ms] [LOG] [Fast Refresh] done in 99ms @ http://localhost:5173/_next/static/chunks/node_modules_next_dist_1e8vcs8._.js:776
[ 3490248ms] [LOG] [Fast Refresh] done in 99ms @ http://localhost:5173/_next/static/chunks/node_modules_next_dist_1e8vcs8._.js:776
[ 3490295ms] [LOG] [Fast Refresh] done in 99ms @ http://localhost:5173/_next/static/chunks/node_modules_next_dist_1e8vcs8._.js:776
[ 3490358ms] [LOG] [Fast Refresh] done in 99ms @ http://localhost:5173/_next/static/chunks/node_modules_next_dist_1e8vcs8._.js:776
[ 3490424ms] [LOG] [Fast Refresh] done in 99ms @ http://localhost:5173/_next/static/chunks/node_modules_next_dist_1e8vcs8._.js:776
[ 3490478ms] [LOG] [Fast Refresh] done in 99ms @ http://localhost:5173/_next/static/chunks/node_modules_next_dist_1e8vcs8._.js:776
[ 3490539ms] [LOG] [Fast Refresh] done in 99ms @ http://localhost:5173/_next/static/chunks/node_modules_next_dist_1e8vcs8._.js:776
[ 3490594ms] [LOG] [Fast Refresh] done in 99ms @ http://localhost:5173/_next/static/chunks/node_modules_next_dist_1e8vcs8._.js:776
[ 3490656ms] [LOG] [Fast Refresh] done in 99ms @ http://localhost:5173/_next/static/chunks/node_modules_next_dist_1e8vcs8._.js:776
[ 3490726ms] [LOG] [Fast Refresh] done in 99ms @ http://localhost:5173/_next/static/chunks/node_modules_next_dist_1e8vcs8._.js:776
[ 3490779ms] [LOG] [Fast Refresh] done in 99ms @ http://localhost:5173/_next/static/chunks/node_modules_next_dist_1e8vcs8._.js:776
[ 3490838ms] [LOG] [Fast Refresh] done in 99ms @ http://localhost:5173/_next/static/chunks/node_modules_next_dist_1e8vcs8._.js:776
[ 3490901ms] [LOG] [Fast Refresh] done in 99ms @ http://localhost:5173/_next/static/chunks/node_modules_next_dist_1e8vcs8._.js:776
[ 3490948ms] [LOG] [Fast Refresh] done in 99ms @ http://localhost:5173/_next/static/chunks/node_modules_next_dist_1e8vcs8._.js:776
[ 3491010ms] [LOG] [Fast Refresh] done in 99ms @ http://localhost:5173/_next/static/chunks/node_modules_next_dist_1e8vcs8._.js:776
[ 3491079ms] [LOG] [Fast Refresh] done in 99ms @ http://localhost:5173/_next/static/chunks/node_modules_next_dist_1e8vcs8._.js:776
[ 3491127ms] [LOG] [Fast Refresh] done in 99ms @ http://localhost:5173/_next/static/chunks/node_modules_next_dist_1e8vcs8._.js:776
[ 3491178ms] [LOG] [Fast Refresh] done in 99ms @ http://localhost:5173/_next/static/chunks/node_modules_next_dist_1e8vcs8._.js:776
[ 3491225ms] [LOG] [Fast Refresh] done in 99ms @ http://localhost:5173/_next/static/chunks/node_modules_next_dist_1e8vcs8._.js:776
[ 3491279ms] [LOG] [Fast Refresh] done in 99ms @ http://localhost:5173/_next/static/chunks/node_modules_next_dist_1e8vcs8._.js:776
[ 3491327ms] [LOG] [Fast Refresh] done in 99ms @ http://localhost:5173/_next/static/chunks/node_modules_next_dist_1e8vcs8._.js:776
[ 3491379ms] [LOG] [Fast Refresh] done in 99ms @ http://localhost:5173/_next/static/chunks/node_modules_next_dist_1e8vcs8._.js:776
[ 3491425ms] [LOG] [Fast Refresh] done in 99ms @ http://localhost:5173/_next/static/chunks/node_modules_next_dist_1e8vcs8._.js:776
[ 3491479ms] [LOG] [Fast Refresh] done in 99ms @ http://localhost:5173/_next/static/chunks/node_modules_next_dist_1e8vcs8._.js:776
[ 3491542ms] [LOG] [Fast Refresh] done in 99ms @ http://localhost:5173/_next/static/chunks/node_modules_next_dist_1e8vcs8._.js:776
[ 3491604ms] [LOG] [Fast Refresh] done in 99ms @ http://localhost:5173/_next/static/chunks/node_modules_next_dist_1e8vcs8._.js:776
[ 3491667ms] [LOG] [Fast Refresh] done in 99ms @ http://localhost:5173/_next/static/chunks/node_modules_next_dist_1e8vcs8._.js:776
[ 3491717ms] [LOG] [Fast Refresh] done in 99ms @ http://localhost:5173/_next/static/chunks/node_modules_next_dist_1e8vcs8._.js:776
[ 3491773ms] [LOG] [Fast Refresh] done in 99ms @ http://localhost:5173/_next/static/chunks/node_modules_next_dist_1e8vcs8._.js:776
[ 3491836ms] [LOG] [Fast Refresh] done in 99ms @ http://localhost:5173/_next/static/chunks/node_modules_next_dist_1e8vcs8._.js:776
[ 3491885ms] [LOG] [Fast Refresh] done in 99ms @ http://localhost:5173/_next/static/chunks/node_modules_next_dist_1e8vcs8._.js:776
[ 3491956ms] [LOG] [Fast Refresh] done in 99ms @ http://localhost:5173/_next/static/chunks/node_modules_next_dist_1e8vcs8._.js:776
[ 3492010ms] [LOG] [Fast Refresh] done in 99ms @ http://localhost:5173/_next/static/chunks/node_modules_next_dist_1e8vcs8._.js:776
[ 3492079ms] [LOG] [Fast Refresh] done in 99ms @ http://localhost:5173/_next/static/chunks/node_modules_next_dist_1e8vcs8._.js:776
[ 3492128ms] [LOG] [Fast Refresh] done in 99ms @ http://localhost:5173/_next/static/chunks/node_modules_next_dist_1e8vcs8._.js:776
[ 3492182ms] [LOG] [Fast Refresh] done in 99ms @ http://localhost:5173/_next/static/chunks/node_modules_next_dist_1e8vcs8._.js:776
[ 3492245ms] [LOG] [Fast Refresh] done in 99ms @ http://localhost:5173/_next/static/chunks/node_modules_next_dist_1e8vcs8._.js:776
[ 3492300ms] [LOG] [Fast Refresh] done in 99ms @ http://localhost:5173/_next/static/chunks/node_modules_next_dist_1e8vcs8._.js:776
[ 3492352ms] [LOG] [Fast Refresh] done in 99ms @ http://localhost:5173/_next/static/chunks/node_modules_next_dist_1e8vcs8._.js:776
[ 3492403ms] [LOG] [Fast Refresh] done in 99ms @ http://localhost:5173/_next/static/chunks/node_modules_next_dist_1e8vcs8._.js:776
[ 3492465ms] [LOG] [Fast Refresh] done in 99ms @ http://localhost:5173/_next/static/chunks/node_modules_next_dist_1e8vcs8._.js:776
[ 3492519ms] [LOG] [Fast Refresh] done in 99ms @ http://localhost:5173/_next/static/chunks/node_modules_next_dist_1e8vcs8._.js:776
[ 3492554ms] [LOG] [Fast Refresh] done in 99ms @ http://localhost:5173/_next/static/chunks/node_modules_next_dist_1e8vcs8._.js:776
[ 3492617ms] [LOG] [Fast Refresh] done in 99ms @ http://localhost:5173/_next/static/chunks/node_modules_next_dist_1e8vcs8._.js:776
[ 3492677ms] [LOG] [Fast Refresh] done in 99ms @ http://localhost:5173/_next/static/chunks/node_modules_next_dist_1e8vcs8._.js:776
[ 3492734ms] [LOG] [Fast Refresh] done in 99ms @ http://localhost:5173/_next/static/chunks/node_modules_next_dist_1e8vcs8._.js:776
[ 3492786ms] [LOG] [Fast Refresh] done in 99ms @ http://localhost:5173/_next/static/chunks/node_modules_next_dist_1e8vcs8._.js:776
[ 3492855ms] [LOG] [Fast Refresh] done in 99ms @ http://localhost:5173/_next/static/chunks/node_modules_next_dist_1e8vcs8._.js:776
[ 3492929ms] [LOG] [Fast Refresh] done in 99ms @ http://localhost:5173/_next/static/chunks/node_modules_next_dist_1e8vcs8._.js:776
[ 3492979ms] [LOG] [Fast Refresh] done in 99ms @ http://localhost:5173/_next/static/chunks/node_modules_next_dist_1e8vcs8._.js:776
[ 3493040ms] [LOG] [Fast Refresh] done in 99ms @ http://localhost:5173/_next/static/chunks/node_modules_next_dist_1e8vcs8._.js:776
[ 3493093ms] [LOG] [Fast Refresh] done in 99ms @ http://localhost:5173/_next/static/chunks/node_modules_next_dist_1e8vcs8._.js:776
[ 3493144ms] [LOG] [Fast Refresh] done in 99ms @ http://localhost:5173/_next/static/chunks/node_modules_next_dist_1e8vcs8._.js:776
[ 3493194ms] [LOG] [Fast Refresh] done in 99ms @ http://localhost:5173/_next/static/chunks/node_modules_next_dist_1e8vcs8._.js:776
[ 3493244ms] [LOG] [Fast Refresh] done in 99ms @ http://localhost:5173/_next/static/chunks/node_modules_next_dist_1e8vcs8._.js:776
[ 3493294ms] [LOG] [Fast Refresh] done in 99ms @ http://localhost:5173/_next/static/chunks/node_modules_next_dist_1e8vcs8._.js:776
[ 3493356ms] [LOG] [Fast Refresh] done in 99ms @ http://localhost:5173/_next/static/chunks/node_modules_next_dist_1e8vcs8._.js:776
[ 3493426ms] [LOG] [Fast Refresh] done in 99ms @ http://localhost:5173/_next/static/chunks/node_modules_next_dist_1e8vcs8._.js:776
[ 3493479ms] [LOG] [Fast Refresh] done in 99ms @ http://localhost:5173/_next/static/chunks/node_modules_next_dist_1e8vcs8._.js:776
[ 3493526ms] [LOG] [Fast Refresh] done in 99ms @ http://localhost:5173/_next/static/chunks/node_modules_next_dist_1e8vcs8._.js:776
[ 3493578ms] [LOG] [Fast Refresh] done in 99ms @ http://localhost:5173/_next/static/chunks/node_modules_next_dist_1e8vcs8._.js:776
[ 3493626ms] [LOG] [Fast Refresh] done in 99ms @ http://localhost:5173/_next/static/chunks/node_modules_next_dist_1e8vcs8._.js:776
[ 3493678ms] [LOG] [Fast Refresh] done in 99ms @ http://localhost:5173/_next/static/chunks/node_modules_next_dist_1e8vcs8._.js:776
[ 3493726ms] [LOG] [Fast Refresh] done in 99ms @ http://localhost:5173/_next/static/chunks/node_modules_next_dist_1e8vcs8._.js:776
[ 3493778ms] [LOG] [Fast Refresh] done in 99ms @ http://localhost:5173/_next/static/chunks/node_modules_next_dist_1e8vcs8._.js:776
[ 3493841ms] [LOG] [Fast Refresh] done in 99ms @ http://localhost:5173/_next/static/chunks/node_modules_next_dist_1e8vcs8._.js:776
[ 3493898ms] [LOG] [Fast Refresh] done in 99ms @ http://localhost:5173/_next/static/chunks/node_modules_next_dist_1e8vcs8._.js:776
[ 3493960ms] [LOG] [Fast Refresh] done in 99ms @ http://localhost:5173/_next/static/chunks/node_modules_next_dist_1e8vcs8._.js:776
[ 3494025ms] [LOG] [Fast Refresh] done in 99ms @ http://localhost:5173/_next/static/chunks/node_modules_next_dist_1e8vcs8._.js:776
[ 3494078ms] [LOG] [Fast Refresh] done in 99ms @ http://localhost:5173/_next/static/chunks/node_modules_next_dist_1e8vcs8._.js:776
[ 3494134ms] [LOG] [Fast Refresh] done in 99ms @ http://localhost:5173/_next/static/chunks/node_modules_next_dist_1e8vcs8._.js:776
[ 3494196ms] [LOG] [Fast Refresh] done in 99ms @ http://localhost:5173/_next/static/chunks/node_modules_next_dist_1e8vcs8._.js:776
[ 3494245ms] [LOG] [Fast Refresh] done in 99ms @ http://localhost:5173/_next/static/chunks/node_modules_next_dist_1e8vcs8._.js:776
[ 3494293ms] [LOG] [Fast Refresh] done in 99ms @ http://localhost:5173/_next/static/chunks/node_modules_next_dist_1e8vcs8._.js:776
[ 3494355ms] [LOG] [Fast Refresh] done in 99ms @ http://localhost:5173/_next/static/chunks/node_modules_next_dist_1e8vcs8._.js:776
[ 3494416ms] [LOG] [Fast Refresh] done in 99ms @ http://localhost:5173/_next/static/chunks/node_modules_next_dist_1e8vcs8._.js:776
[ 3494464ms] [LOG] [Fast Refresh] done in 99ms @ http://localhost:5173/_next/static/chunks/node_modules_next_dist_1e8vcs8._.js:776
[ 3494510ms] [LOG] [Fast Refresh] done in 99ms @ http://localhost:5173/_next/static/chunks/node_modules_next_dist_1e8vcs8._.js:776
[ 3494579ms] [LOG] [Fast Refresh] done in 99ms @ http://localhost:5173/_next/static/chunks/node_modules_next_dist_1e8vcs8._.js:776
[ 3494640ms] [LOG] [Fast Refresh] done in 99ms @ http://localhost:5173/_next/static/chunks/node_modules_next_dist_1e8vcs8._.js:776
[ 3494695ms] [LOG] [Fast Refresh] done in 99ms @ http://localhost:5173/_next/static/chunks/node_modules_next_dist_1e8vcs8._.js:776
[ 3494741ms] [LOG] [Fast Refresh] done in 99ms @ http://localhost:5173/_next/static/chunks/node_modules_next_dist_1e8vcs8._.js:776
[ 3494802ms] [LOG] [Fast Refresh] done in 99ms @ http://localhost:5173/_next/static/chunks/node_modules_next_dist_1e8vcs8._.js:776
[ 3494864ms] [LOG] [Fast Refresh] done in 99ms @ http://localhost:5173/_next/static/chunks/node_modules_next_dist_1e8vcs8._.js:776
[ 3494928ms] [LOG] [Fast Refresh] done in 99ms @ http://localhost:5173/_next/static/chunks/node_modules_next_dist_1e8vcs8._.js:776
[ 3494978ms] [LOG] [Fast Refresh] done in 99ms @ http://localhost:5173/_next/static/chunks/node_modules_next_dist_1e8vcs8._.js:776
[ 3495027ms] [LOG] [Fast Refresh] done in 99ms @ http://localhost:5173/_next/static/chunks/node_modules_next_dist_1e8vcs8._.js:776
[ 3495078ms] [LOG] [Fast Refresh] done in 99ms @ http://localhost:5173/_next/static/chunks/node_modules_next_dist_1e8vcs8._.js:776
[ 3495139ms] [LOG] [Fast Refresh] done in 99ms @ http://localhost:5173/_next/static/chunks/node_modules_next_dist_1e8vcs8._.js:776
[ 3495194ms] [LOG] [Fast Refresh] done in 99ms @ http://localhost:5173/_next/static/chunks/node_modules_next_dist_1e8vcs8._.js:776
[ 3495254ms] [LOG] [Fast Refresh] done in 99ms @ http://localhost:5173/_next/static/chunks/node_modules_next_dist_1e8vcs8._.js:776
[ 3495302ms] [LOG] [Fast Refresh] done in 99ms @ http://localhost:5173/_next/static/chunks/node_modules_next_dist_1e8vcs8._.js:776
[ 3495364ms] [LOG] [Fast Refresh] done in 99ms @ http://localhost:5173/_next/static/chunks/node_modules_next_dist_1e8vcs8._.js:776
[ 3495427ms] [LOG] [Fast Refresh] done in 99ms @ http://localhost:5173/_next/static/chunks/node_modules_next_dist_1e8vcs8._.js:776
[ 3495487ms] [LOG] [Fast Refresh] done in 99ms @ http://localhost:5173/_next/static/chunks/node_modules_next_dist_1e8vcs8._.js:776
[ 3495549ms] [LOG] [Fast Refresh] done in 99ms @ http://localhost:5173/_next/static/chunks/node_modules_next_dist_1e8vcs8._.js:776
[ 3495602ms] [LOG] [Fast Refresh] done in 99ms @ http://localhost:5173/_next/static/chunks/node_modules_next_dist_1e8vcs8._.js:776
[ 3495661ms] [LOG] [Fast Refresh] done in 99ms @ http://localhost:5173/_next/static/chunks/node_modules_next_dist_1e8vcs8._.js:776
[ 3495728ms] [LOG] [Fast Refresh] done in 99ms @ http://localhost:5173/_next/static/chunks/node_modules_next_dist_1e8vcs8._.js:776
[ 3495778ms] [LOG] [Fast Refresh] done in 99ms @ http://localhost:5173/_next/static/chunks/node_modules_next_dist_1e8vcs8._.js:776
[ 3495841ms] [LOG] [Fast Refresh] done in 99ms @ http://localhost:5173/_next/static/chunks/node_modules_next_dist_1e8vcs8._.js:776
[ 3495893ms] [LOG] [Fast Refresh] done in 99ms @ http://localhost:5173/_next/static/chunks/node_modules_next_dist_1e8vcs8._.js:776
[ 3495956ms] [LOG] [Fast Refresh] done in 99ms @ http://localhost:5173/_next/static/chunks/node_modules_next_dist_1e8vcs8._.js:776
[ 3496025ms] [LOG] [Fast Refresh] done in 99ms @ http://localhost:5173/_next/static/chunks/node_modules_next_dist_1e8vcs8._.js:776
[ 3496078ms] [LOG] [Fast Refresh] done in 99ms @ http://localhost:5173/_next/static/chunks/node_modules_next_dist_1e8vcs8._.js:776
[ 3496139ms] [LOG] [Fast Refresh] done in 99ms @ http://localhost:5173/_next/static/chunks/node_modules_next_dist_1e8vcs8._.js:776
[ 3496200ms] [LOG] [Fast Refresh] done in 99ms @ http://localhost:5173/_next/static/chunks/node_modules_next_dist_1e8vcs8._.js:776
[ 3496263ms] [LOG] [Fast Refresh] done in 99ms @ http://localhost:5173/_next/static/chunks/node_modules_next_dist_1e8vcs8._.js:776
[ 3496324ms] [LOG] [Fast Refresh] done in 99ms @ http://localhost:5173/_next/static/chunks/node_modules_next_dist_1e8vcs8._.js:776
[ 3496379ms] [LOG] [Fast Refresh] done in 99ms @ http://localhost:5173/_next/static/chunks/node_modules_next_dist_1e8vcs8._.js:776
[ 3496440ms] [LOG] [Fast Refresh] done in 99ms @ http://localhost:5173/_next/static/chunks/node_modules_next_dist_1e8vcs8._.js:776
[ 3496494ms] [LOG] [Fast Refresh] done in 99ms @ http://localhost:5173/_next/static/chunks/node_modules_next_dist_1e8vcs8._.js:776
[ 3496559ms] [LOG] [Fast Refresh] done in 99ms @ http://localhost:5173/_next/static/chunks/node_modules_next_dist_1e8vcs8._.js:776
[ 3496625ms] [LOG] [Fast Refresh] done in 99ms @ http://localhost:5173/_next/static/chunks/node_modules_next_dist_1e8vcs8._.js:776
[ 3496678ms] [LOG] [Fast Refresh] done in 99ms @ http://localhost:5173/_next/static/chunks/node_modules_next_dist_1e8vcs8._.js:776
[ 3496725ms] [LOG] [Fast Refresh] done in 99ms @ http://localhost:5173/_next/static/chunks/node_modules_next_dist_1e8vcs8._.js:776
[ 3496786ms] [LOG] [Fast Refresh] done in 99ms @ http://localhost:5173/_next/static/chunks/node_modules_next_dist_1e8vcs8._.js:776
[ 3496849ms] [LOG] [Fast Refresh] done in 99ms @ http://localhost:5173/_next/static/chunks/node_modules_next_dist_1e8vcs8._.js:776
[ 3496896ms] [LOG] [Fast Refresh] done in 99ms @ http://localhost:5173/_next/static/chunks/node_modules_next_dist_1e8vcs8._.js:776
[ 3496959ms] [LOG] [Fast Refresh] done in 99ms @ http://localhost:5173/_next/static/chunks/node_modules_next_dist_1e8vcs8._.js:776
[ 3497010ms] [LOG] [Fast Refresh] done in 99ms @ http://localhost:5173/_next/static/chunks/node_modules_next_dist_1e8vcs8._.js:776
[ 3497078ms] [LOG] [Fast Refresh] done in 99ms @ http://localhost:5173/_next/static/chunks/node_modules_next_dist_1e8vcs8._.js:776
[ 3497140ms] [LOG] [Fast Refresh] done in 99ms @ http://localhost:5173/_next/static/chunks/node_modules_next_dist_1e8vcs8._.js:776
[ 3497194ms] [LOG] [Fast Refresh] done in 99ms @ http://localhost:5173/_next/static/chunks/node_modules_next_dist_1e8vcs8._.js:776
[ 3497246ms] [LOG] [Fast Refresh] done in 99ms @ http://localhost:5173/_next/static/chunks/node_modules_next_dist_1e8vcs8._.js:776
[ 3497286ms] [LOG] [Fast Refresh] done in 99ms @ http://localhost:5173/_next/static/chunks/node_modules_next_dist_1e8vcs8._.js:776
[ 3497348ms] [LOG] [Fast Refresh] done in 99ms @ http://localhost:5173/_next/static/chunks/node_modules_next_dist_1e8vcs8._.js:776
[ 3497410ms] [LOG] [Fast Refresh] done in 99ms @ http://localhost:5173/_next/static/chunks/node_modules_next_dist_1e8vcs8._.js:776
[ 3497478ms] [LOG] [Fast Refresh] done in 99ms @ http://localhost:5173/_next/static/chunks/node_modules_next_dist_1e8vcs8._.js:776
[ 3497529ms] [LOG] [Fast Refresh] done in 99ms @ http://localhost:5173/_next/static/chunks/node_modules_next_dist_1e8vcs8._.js:776
[ 3497579ms] [LOG] [Fast Refresh] done in 99ms @ http://localhost:5173/_next/static/chunks/node_modules_next_dist_1e8vcs8._.js:776
[ 3497628ms] [LOG] [Fast Refresh] done in 99ms @ http://localhost:5173/_next/static/chunks/node_modules_next_dist_1e8vcs8._.js:776
[ 3497678ms] [LOG] [Fast Refresh] done in 99ms @ http://localhost:5173/_next/static/chunks/node_modules_next_dist_1e8vcs8._.js:776
[ 3497725ms] [LOG] [Fast Refresh] done in 99ms @ http://localhost:5173/_next/static/chunks/node_modules_next_dist_1e8vcs8._.js:776
[ 3497778ms] [LOG] [Fast Refresh] done in 99ms @ http://localhost:5173/_next/static/chunks/node_modules_next_dist_1e8vcs8._.js:776
[ 3497840ms] [LOG] [Fast Refresh] done in 99ms @ http://localhost:5173/_next/static/chunks/node_modules_next_dist_1e8vcs8._.js:776
[ 3497893ms] [LOG] [Fast Refresh] done in 99ms @ http://localhost:5173/_next/static/chunks/node_modules_next_dist_1e8vcs8._.js:776
[ 3497941ms] [LOG] [Fast Refresh] done in 99ms @ http://localhost:5173/_next/static/chunks/node_modules_next_dist_1e8vcs8._.js:776
[ 3498002ms] [LOG] [Fast Refresh] done in 99ms @ http://localhost:5173/_next/static/chunks/node_modules_next_dist_1e8vcs8._.js:776
[ 3498064ms] [LOG] [Fast Refresh] done in 99ms @ http://localhost:5173/_next/static/chunks/node_modules_next_dist_1e8vcs8._.js:776
[ 3498126ms] [LOG] [Fast Refresh] done in 99ms @ http://localhost:5173/_next/static/chunks/node_modules_next_dist_1e8vcs8._.js:776
[ 3498177ms] [LOG] [Fast Refresh] done in 99ms @ http://localhost:5173/_next/static/chunks/node_modules_next_dist_1e8vcs8._.js:776
[ 3498222ms] [LOG] [Fast Refresh] done in 99ms @ http://localhost:5173/_next/static/chunks/node_modules_next_dist_1e8vcs8._.js:776
[ 3498286ms] [LOG] [Fast Refresh] done in 99ms @ http://localhost:5173/_next/static/chunks/node_modules_next_dist_1e8vcs8._.js:776
[ 3498338ms] [LOG] [Fast Refresh] done in 99ms @ http://localhost:5173/_next/static/chunks/node_modules_next_dist_1e8vcs8._.js:776
[ 3498386ms] [LOG] [Fast Refresh] done in 99ms @ http://localhost:5173/_next/static/chunks/node_modules_next_dist_1e8vcs8._.js:776
[ 3498458ms] [LOG] [Fast Refresh] done in 99ms @ http://localhost:5173/_next/static/chunks/node_modules_next_dist_1e8vcs8._.js:776
[ 3498524ms] [LOG] [Fast Refresh] done in 99ms @ http://localhost:5173/_next/static/chunks/node_modules_next_dist_1e8vcs8._.js:776
[ 3498578ms] [LOG] [Fast Refresh] done in 99ms @ http://localhost:5173/_next/static/chunks/node_modules_next_dist_1e8vcs8._.js:776
[ 3498640ms] [LOG] [Fast Refresh] done in 99ms @ http://localhost:5173/_next/static/chunks/node_modules_next_dist_1e8vcs8._.js:776
[ 3498694ms] [LOG] [Fast Refresh] done in 99ms @ http://localhost:5173/_next/static/chunks/node_modules_next_dist_1e8vcs8._.js:776
[ 3498756ms] [LOG] [Fast Refresh] done in 99ms @ http://localhost:5173/_next/static/chunks/node_modules_next_dist_1e8vcs8._.js:776
[ 3498825ms] [LOG] [Fast Refresh] done in 99ms @ http://localhost:5173/_next/static/chunks/node_modules_next_dist_1e8vcs8._.js:776
[ 3498879ms] [LOG] [Fast Refresh] done in 99ms @ http://localhost:5173/_next/static/chunks/node_modules_next_dist_1e8vcs8._.js:776
[ 3498939ms] [LOG] [Fast Refresh] done in 99ms @ http://localhost:5173/_next/static/chunks/node_modules_next_dist_1e8vcs8._.js:776
[ 3498994ms] [LOG] [Fast Refresh] done in 99ms @ http://localhost:5173/_next/static/chunks/node_modules_next_dist_1e8vcs8._.js:776
[ 3499042ms] [LOG] [Fast Refresh] done in 99ms @ http://localhost:5173/_next/static/chunks/node_modules_next_dist_1e8vcs8._.js:776
[ 3499094ms] [LOG] [Fast Refresh] done in 99ms @ http://localhost:5173/_next/static/chunks/node_modules_next_dist_1e8vcs8._.js:776
[ 3499141ms] [LOG] [Fast Refresh] done in 99ms @ http://localhost:5173/_next/static/chunks/node_modules_next_dist_1e8vcs8._.js:776
[ 3499198ms] [LOG] [Fast Refresh] done in 99ms @ http://localhost:5173/_next/static/chunks/node_modules_next_dist_1e8vcs8._.js:776
[ 3499248ms] [LOG] [Fast Refresh] done in 99ms @ http://localhost:5173/_next/static/chunks/node_modules_next_dist_1e8vcs8._.js:776
[ 3499310ms] [LOG] [Fast Refresh] done in 99ms @ http://localhost:5173/_next/static/chunks/node_modules_next_dist_1e8vcs8._.js:776
[ 3499357ms] [LOG] [Fast Refresh] done in 99ms @ http://localhost:5173/_next/static/chunks/node_modules_next_dist_1e8vcs8._.js:776
[ 3499425ms] [LOG] [Fast Refresh] done in 99ms @ http://localhost:5173/_next/static/chunks/node_modules_next_dist_1e8vcs8._.js:776
[ 3499479ms] [LOG] [Fast Refresh] done in 99ms @ http://localhost:5173/_next/static/chunks/node_modules_next_dist_1e8vcs8._.js:776
[ 3499541ms] [LOG] [Fast Refresh] done in 99ms @ http://localhost:5173/_next/static/chunks/node_modules_next_dist_1e8vcs8._.js:776
[ 3499594ms] [LOG] [Fast Refresh] done in 99ms @ http://localhost:5173/_next/static/chunks/node_modules_next_dist_1e8vcs8._.js:776
[ 3499658ms] [LOG] [Fast Refresh] done in 99ms @ http://localhost:5173/_next/static/chunks/node_modules_next_dist_1e8vcs8._.js:776
[ 3499729ms] [LOG] [Fast Refresh] done in 99ms @ http://localhost:5173/_next/static/chunks/node_modules_next_dist_1e8vcs8._.js:776
[ 3499779ms] [LOG] [Fast Refresh] done in 99ms @ http://localhost:5173/_next/static/chunks/node_modules_next_dist_1e8vcs8._.js:776
[ 3499840ms] [LOG] [Fast Refresh] done in 99ms @ http://localhost:5173/_next/static/chunks/node_modules_next_dist_1e8vcs8._.js:776
[ 3499894ms] [LOG] [Fast Refresh] done in 99ms @ http://localhost:5173/_next/static/chunks/node_modules_next_dist_1e8vcs8._.js:776
[ 3499944ms] [LOG] [Fast Refresh] done in 99ms @ http://localhost:5173/_next/static/chunks/node_modules_next_dist_1e8vcs8._.js:776
[ 3499993ms] [LOG] [Fast Refresh] done in 99ms @ http://localhost:5173/_next/static/chunks/node_modules_next_dist_1e8vcs8._.js:776
[ 3500055ms] [LOG] [Fast Refresh] done in 99ms @ http://localhost:5173/_next/static/chunks/node_modules_next_dist_1e8vcs8._.js:776
[ 3500117ms] [LOG] [Fast Refresh] done in 99ms @ http://localhost:5173/_next/static/chunks/node_modules_next_dist_1e8vcs8._.js:776
[ 3500174ms] [LOG] [Fast Refresh] done in 99ms @ http://localhost:5173/_next/static/chunks/node_modules_next_dist_1e8vcs8._.js:776
[ 3500228ms] [LOG] [Fast Refresh] done in 99ms @ http://localhost:5173/_next/static/chunks/node_modules_next_dist_1e8vcs8._.js:776
[ 3500278ms] [LOG] [Fast Refresh] done in 99ms @ http://localhost:5173/_next/static/chunks/node_modules_next_dist_1e8vcs8._.js:776
[ 3500340ms] [LOG] [Fast Refresh] done in 99ms @ http://localhost:5173/_next/static/chunks/node_modules_next_dist_1e8vcs8._.js:776
[ 3500394ms] [LOG] [Fast Refresh] done in 99ms @ http://localhost:5173/_next/static/chunks/node_modules_next_dist_1e8vcs8._.js:776
[ 3500444ms] [LOG] [Fast Refresh] done in 99ms @ http://localhost:5173/_next/static/chunks/node_modules_next_dist_1e8vcs8._.js:776
[ 3500494ms] [LOG] [Fast Refresh] done in 99ms @ http://localhost:5173/_next/static/chunks/node_modules_next_dist_1e8vcs8._.js:776
[ 3500557ms] [LOG] [Fast Refresh] done in 99ms @ http://localhost:5173/_next/static/chunks/node_modules_next_dist_1e8vcs8._.js:776
[ 3500625ms] [LOG] [Fast Refresh] done in 99ms @ http://localhost:5173/_next/static/chunks/node_modules_next_dist_1e8vcs8._.js:776
[ 3500678ms] [LOG] [Fast Refresh] done in 99ms @ http://localhost:5173/_next/static/chunks/node_modules_next_dist_1e8vcs8._.js:776
[ 3500740ms] [LOG] [Fast Refresh] done in 99ms @ http://localhost:5173/_next/static/chunks/node_modules_next_dist_1e8vcs8._.js:776
[ 3500788ms] [LOG] [Fast Refresh] done in 99ms @ http://localhost:5173/_next/static/chunks/node_modules_next_dist_1e8vcs8._.js:776
[ 3500850ms] [LOG] [Fast Refresh] done in 99ms @ http://localhost:5173/_next/static/chunks/node_modules_next_dist_1e8vcs8._.js:776
[ 3500901ms] [LOG] [Fast Refresh] done in 99ms @ http://localhost:5173/_next/static/chunks/node_modules_next_dist_1e8vcs8._.js:776
[ 3500949ms] [LOG] [Fast Refresh] done in 99ms @ http://localhost:5173/_next/static/chunks/node_modules_next_dist_1e8vcs8._.js:776
[ 3501000ms] [LOG] [Fast Refresh] done in 99ms @ http://localhost:5173/_next/static/chunks/node_modules_next_dist_1e8vcs8._.js:776
[ 3501062ms] [LOG] [Fast Refresh] done in 99ms @ http://localhost:5173/_next/static/chunks/node_modules_next_dist_1e8vcs8._.js:776
[ 3501129ms] [LOG] [Fast Refresh] done in 99ms @ http://localhost:5173/_next/static/chunks/node_modules_next_dist_1e8vcs8._.js:776
[ 3501179ms] [LOG] [Fast Refresh] done in 99ms @ http://localhost:5173/_next/static/chunks/node_modules_next_dist_1e8vcs8._.js:776
[ 3501229ms] [LOG] [Fast Refresh] done in 99ms @ http://localhost:5173/_next/static/chunks/node_modules_next_dist_1e8vcs8._.js:776
[ 3501278ms] [LOG] [Fast Refresh] done in 99ms @ http://localhost:5173/_next/static/chunks/node_modules_next_dist_1e8vcs8._.js:776
[ 3501339ms] [LOG] [Fast Refresh] done in 99ms @ http://localhost:5173/_next/static/chunks/node_modules_next_dist_1e8vcs8._.js:776
[ 3501394ms] [LOG] [Fast Refresh] done in 99ms @ http://localhost:5173/_next/static/chunks/node_modules_next_dist_1e8vcs8._.js:776
[ 3501441ms] [LOG] [Fast Refresh] done in 99ms @ http://localhost:5173/_next/static/chunks/node_modules_next_dist_1e8vcs8._.js:776
[ 3501494ms] [LOG] [Fast Refresh] done in 99ms @ http://localhost:5173/_next/static/chunks/node_modules_next_dist_1e8vcs8._.js:776
[ 3501558ms] [LOG] [Fast Refresh] done in 99ms @ http://localhost:5173/_next/static/chunks/node_modules_next_dist_1e8vcs8._.js:776
[ 3501625ms] [LOG] [Fast Refresh] done in 99ms @ http://localhost:5173/_next/static/chunks/node_modules_next_dist_1e8vcs8._.js:776
[ 3501678ms] [LOG] [Fast Refresh] done in 99ms @ http://localhost:5173/_next/static/chunks/node_modules_next_dist_1e8vcs8._.js:776
[ 3501725ms] [LOG] [Fast Refresh] done in 99ms @ http://localhost:5173/_next/static/chunks/node_modules_next_dist_1e8vcs8._.js:776
[ 3501779ms] [LOG] [Fast Refresh] done in 99ms @ http://localhost:5173/_next/static/chunks/node_modules_next_dist_1e8vcs8._.js:776
[ 3501838ms] [LOG] [Fast Refresh] done in 99ms @ http://localhost:5173/_next/static/chunks/node_modules_next_dist_1e8vcs8._.js:776
[ 3501886ms] [LOG] [Fast Refresh] done in 99ms @ http://localhost:5173/_next/static/chunks/node_modules_next_dist_1e8vcs8._.js:776
[ 3501934ms] [LOG] [Fast Refresh] done in 99ms @ http://localhost:5173/_next/static/chunks/node_modules_next_dist_1e8vcs8._.js:776
[ 3501983ms] [LOG] [Fast Refresh] done in 99ms @ http://localhost:5173/_next/static/chunks/node_modules_next_dist_1e8vcs8._.js:776
[ 3502030ms] [LOG] [Fast Refresh] done in 99ms @ http://localhost:5173/_next/static/chunks/node_modules_next_dist_1e8vcs8._.js:776
[ 3502094ms] [LOG] [Fast Refresh] done in 99ms @ http://localhost:5173/_next/static/chunks/node_modules_next_dist_1e8vcs8._.js:776
[ 3502158ms] [LOG] [Fast Refresh] done in 99ms @ http://localhost:5173/_next/static/chunks/node_modules_next_dist_1e8vcs8._.js:776
[ 3502219ms] [LOG] [Fast Refresh] done in 99ms @ http://localhost:5173/_next/static/chunks/node_modules_next_dist_1e8vcs8._.js:776
[ 3502286ms] [LOG] [Fast Refresh] done in 99ms @ http://localhost:5173/_next/static/chunks/node_modules_next_dist_1e8vcs8._.js:776
[ 3502345ms] [LOG] [Fast Refresh] done in 99ms @ http://localhost:5173/_next/static/chunks/node_modules_next_dist_1e8vcs8._.js:776
[ 3502394ms] [LOG] [Fast Refresh] done in 99ms @ http://localhost:5173/_next/static/chunks/node_modules_next_dist_1e8vcs8._.js:776
[ 3502443ms] [LOG] [Fast Refresh] done in 99ms @ http://localhost:5173/_next/static/chunks/node_modules_next_dist_1e8vcs8._.js:776
[ 3502494ms] [LOG] [Fast Refresh] done in 99ms @ http://localhost:5173/_next/static/chunks/node_modules_next_dist_1e8vcs8._.js:776
[ 3502555ms] [LOG] [Fast Refresh] done in 99ms @ http://localhost:5173/_next/static/chunks/node_modules_next_dist_1e8vcs8._.js:776
[ 3502616ms] [LOG] [Fast Refresh] done in 99ms @ http://localhost:5173/_next/static/chunks/node_modules_next_dist_1e8vcs8._.js:776
[ 3502678ms] [LOG] [Fast Refresh] done in 99ms @ http://localhost:5173/_next/static/chunks/node_modules_next_dist_1e8vcs8._.js:776
[ 3502740ms] [LOG] [Fast Refresh] done in 99ms @ http://localhost:5173/_next/static/chunks/node_modules_next_dist_1e8vcs8._.js:776
[ 3502802ms] [LOG] [Fast Refresh] done in 99ms @ http://localhost:5173/_next/static/chunks/node_modules_next_dist_1e8vcs8._.js:776
[ 3502856ms] [LOG] [Fast Refresh] done in 99ms @ http://localhost:5173/_next/static/chunks/node_modules_next_dist_1e8vcs8._.js:776
[ 3502912ms] [LOG] [Fast Refresh] done in 99ms @ http://localhost:5173/_next/static/chunks/node_modules_next_dist_1e8vcs8._.js:776
[ 3502965ms] [LOG] [Fast Refresh] done in 99ms @ http://localhost:5173/_next/static/chunks/node_modules_next_dist_1e8vcs8._.js:776
[ 3503025ms] [LOG] [Fast Refresh] done in 99ms @ http://localhost:5173/_next/static/chunks/node_modules_next_dist_1e8vcs8._.js:776
[ 3503079ms] [LOG] [Fast Refresh] done in 99ms @ http://localhost:5173/_next/static/chunks/node_modules_next_dist_1e8vcs8._.js:776
[ 3503141ms] [LOG] [Fast Refresh] done in 99ms @ http://localhost:5173/_next/static/chunks/node_modules_next_dist_1e8vcs8._.js:776
[ 3503194ms] [LOG] [Fast Refresh] done in 99ms @ http://localhost:5173/_next/static/chunks/node_modules_next_dist_1e8vcs8._.js:776
[ 3503259ms] [LOG] [Fast Refresh] done in 99ms @ http://localhost:5173/_next/static/chunks/node_modules_next_dist_1e8vcs8._.js:776
[ 3503325ms] [LOG] [Fast Refresh] done in 99ms @ http://localhost:5173/_next/static/chunks/node_modules_next_dist_1e8vcs8._.js:776
[ 3503373ms] [LOG] [Fast Refresh] done in 99ms @ http://localhost:5173/_next/static/chunks/node_modules_next_dist_1e8vcs8._.js:776
[ 3503417ms] [LOG] [Fast Refresh] done in 99ms @ http://localhost:5173/_next/static/chunks/node_modules_next_dist_1e8vcs8._.js:776
[ 3503458ms] [LOG] [Fast Refresh] done in 99ms @ http://localhost:5173/_next/static/chunks/node_modules_next_dist_1e8vcs8._.js:776
[ 3503529ms] [LOG] [Fast Refresh] done in 99ms @ http://localhost:5173/_next/static/chunks/node_modules_next_dist_1e8vcs8._.js:776
[ 3503580ms] [LOG] [Fast Refresh] done in 99ms @ http://localhost:5173/_next/static/chunks/node_modules_next_dist_1e8vcs8._.js:776
[ 3503642ms] [LOG] [Fast Refresh] done in 99ms @ http://localhost:5173/_next/static/chunks/node_modules_next_dist_1e8vcs8._.js:776
[ 3503694ms] [LOG] [Fast Refresh] done in 99ms @ http://localhost:5173/_next/static/chunks/node_modules_next_dist_1e8vcs8._.js:776
[ 3503755ms] [LOG] [Fast Refresh] done in 99ms @ http://localhost:5173/_next/static/chunks/node_modules_next_dist_1e8vcs8._.js:776
[ 3503817ms] [LOG] [Fast Refresh] done in 99ms @ http://localhost:5173/_next/static/chunks/node_modules_next_dist_1e8vcs8._.js:776
[ 3503879ms] [LOG] [Fast Refresh] done in 99ms @ http://localhost:5173/_next/static/chunks/node_modules_next_dist_1e8vcs8._.js:776
[ 3503941ms] [LOG] [Fast Refresh] done in 99ms @ http://localhost:5173/_next/static/chunks/node_modules_next_dist_1e8vcs8._.js:776
[ 3504002ms] [LOG] [Fast Refresh] done in 99ms @ http://localhost:5173/_next/static/chunks/node_modules_next_dist_1e8vcs8._.js:776
[ 3504064ms] [LOG] [Fast Refresh] done in 99ms @ http://localhost:5173/_next/static/chunks/node_modules_next_dist_1e8vcs8._.js:776
[ 3504114ms] [LOG] [Fast Refresh] done in 99ms @ http://localhost:5173/_next/static/chunks/node_modules_next_dist_1e8vcs8._.js:776
[ 3504162ms] [LOG] [Fast Refresh] done in 99ms @ http://localhost:5173/_next/static/chunks/node_modules_next_dist_1e8vcs8._.js:776
[ 3504209ms] [LOG] [Fast Refresh] done in 99ms @ http://localhost:5173/_next/static/chunks/node_modules_next_dist_1e8vcs8._.js:776
[ 3504255ms] [LOG] [Fast Refresh] done in 99ms @ http://localhost:5173/_next/static/chunks/node_modules_next_dist_1e8vcs8._.js:776
[ 3504309ms] [LOG] [Fast Refresh] done in 99ms @ http://localhost:5173/_next/static/chunks/node_modules_next_dist_1e8vcs8._.js:776
[ 3504371ms] [LOG] [Fast Refresh] done in 99ms @ http://localhost:5173/_next/static/chunks/node_modules_next_dist_1e8vcs8._.js:776
[ 3504418ms] [LOG] [Fast Refresh] done in 99ms @ http://localhost:5173/_next/static/chunks/node_modules_next_dist_1e8vcs8._.js:776
[ 3504478ms] [LOG] [Fast Refresh] done in 99ms @ http://localhost:5173/_next/static/chunks/node_modules_next_dist_1e8vcs8._.js:776
[ 3504529ms] [LOG] [Fast Refresh] done in 99ms @ http://localhost:5173/_next/static/chunks/node_modules_next_dist_1e8vcs8._.js:776
[ 3504579ms] [LOG] [Fast Refresh] done in 99ms @ http://localhost:5173/_next/static/chunks/node_modules_next_dist_1e8vcs8._.js:776
[ 3504640ms] [LOG] [Fast Refresh] done in 99ms @ http://localhost:5173/_next/static/chunks/node_modules_next_dist_1e8vcs8._.js:776
[ 3504701ms] [LOG] [Fast Refresh] done in 99ms @ http://localhost:5173/_next/static/chunks/node_modules_next_dist_1e8vcs8._.js:776
[ 3504750ms] [LOG] [Fast Refresh] done in 99ms @ http://localhost:5173/_next/static/chunks/node_modules_next_dist_1e8vcs8._.js:776
[ 3504807ms] [LOG] [Fast Refresh] done in 99ms @ http://localhost:5173/_next/static/chunks/node_modules_next_dist_1e8vcs8._.js:776
[ 3504854ms] [LOG] [Fast Refresh] done in 99ms @ http://localhost:5173/_next/static/chunks/node_modules_next_dist_1e8vcs8._.js:776
[ 3504916ms] [LOG] [Fast Refresh] done in 99ms @ http://localhost:5173/_next/static/chunks/node_modules_next_dist_1e8vcs8._.js:776
[ 3504986ms] [LOG] [Fast Refresh] done in 99ms @ http://localhost:5173/_next/static/chunks/node_modules_next_dist_1e8vcs8._.js:776
[ 3505048ms] [LOG] [Fast Refresh] done in 99ms @ http://localhost:5173/_next/static/chunks/node_modules_next_dist_1e8vcs8._.js:776
[ 3505111ms] [LOG] [Fast Refresh] done in 99ms @ http://localhost:5173/_next/static/chunks/node_modules_next_dist_1e8vcs8._.js:776
[ 3505175ms] [LOG] [Fast Refresh] done in 99ms @ http://localhost:5173/_next/static/chunks/node_modules_next_dist_1e8vcs8._.js:776
[ 3505228ms] [LOG] [Fast Refresh] done in 99ms @ http://localhost:5173/_next/static/chunks/node_modules_next_dist_1e8vcs8._.js:776
[ 3505291ms] [LOG] [Fast Refresh] done in 99ms @ http://localhost:5173/_next/static/chunks/node_modules_next_dist_1e8vcs8._.js:776
[ 3505343ms] [LOG] [Fast Refresh] done in 99ms @ http://localhost:5173/_next/static/chunks/node_modules_next_dist_1e8vcs8._.js:776
[ 3505401ms] [LOG] [Fast Refresh] done in 99ms @ http://localhost:5173/_next/static/chunks/node_modules_next_dist_1e8vcs8._.js:776
[ 3505463ms] [LOG] [Fast Refresh] done in 99ms @ http://localhost:5173/_next/static/chunks/node_modules_next_dist_1e8vcs8._.js:776
[ 3505526ms] [LOG] [Fast Refresh] done in 99ms @ http://localhost:5173/_next/static/chunks/node_modules_next_dist_1e8vcs8._.js:776
[ 3505586ms] [LOG] [Fast Refresh] done in 99ms @ http://localhost:5173/_next/static/chunks/node_modules_next_dist_1e8vcs8._.js:776
[ 3505648ms] [LOG] [Fast Refresh] done in 99ms @ http://localhost:5173/_next/static/chunks/node_modules_next_dist_1e8vcs8._.js:776
[ 3505701ms] [LOG] [Fast Refresh] done in 99ms @ http://localhost:5173/_next/static/chunks/node_modules_next_dist_1e8vcs8._.js:776
[ 3505748ms] [LOG] [Fast Refresh] done in 99ms @ http://localhost:5173/_next/static/chunks/node_modules_next_dist_1e8vcs8._.js:776
[ 3505811ms] [LOG] [Fast Refresh] done in 99ms @ http://localhost:5173/_next/static/chunks/node_modules_next_dist_1e8vcs8._.js:776
[ 3505876ms] [LOG] [Fast Refresh] done in 99ms @ http://localhost:5173/_next/static/chunks/node_modules_next_dist_1e8vcs8._.js:776
[ 3505923ms] [LOG] [Fast Refresh] done in 99ms @ http://localhost:5173/_next/static/chunks/node_modules_next_dist_1e8vcs8._.js:776
[ 3505986ms] [LOG] [Fast Refresh] done in 99ms @ http://localhost:5173/_next/static/chunks/node_modules_next_dist_1e8vcs8._.js:776
[ 3506035ms] [LOG] [Fast Refresh] done in 99ms @ http://localhost:5173/_next/static/chunks/node_modules_next_dist_1e8vcs8._.js:776
[ 3506089ms] [LOG] [Fast Refresh] done in 99ms @ http://localhost:5173/_next/static/chunks/node_modules_next_dist_1e8vcs8._.js:776
[ 3506147ms] [LOG] [Fast Refresh] done in 99ms @ http://localhost:5173/_next/static/chunks/node_modules_next_dist_1e8vcs8._.js:776
[ 3506196ms] [LOG] [Fast Refresh] done in 99ms @ http://localhost:5173/_next/static/chunks/node_modules_next_dist_1e8vcs8._.js:776
[ 3506258ms] [LOG] [Fast Refresh] done in 99ms @ http://localhost:5173/_next/static/chunks/node_modules_next_dist_1e8vcs8._.js:776
[ 3506329ms] [LOG] [Fast Refresh] done in 99ms @ http://localhost:5173/_next/static/chunks/node_modules_next_dist_1e8vcs8._.js:776
[ 3506378ms] [LOG] [Fast Refresh] done in 99ms @ http://localhost:5173/_next/static/chunks/node_modules_next_dist_1e8vcs8._.js:776
[ 3506440ms] [LOG] [Fast Refresh] done in 99ms @ http://localhost:5173/_next/static/chunks/node_modules_next_dist_1e8vcs8._.js:776
[ 3506494ms] [LOG] [Fast Refresh] done in 99ms @ http://localhost:5173/_next/static/chunks/node_modules_next_dist_1e8vcs8._.js:776
[ 3506555ms] [LOG] [Fast Refresh] done in 99ms @ http://localhost:5173/_next/static/chunks/node_modules_next_dist_1e8vcs8._.js:776
[ 3506623ms] [LOG] [Fast Refresh] done in 99ms @ http://localhost:5173/_next/static/chunks/node_modules_next_dist_1e8vcs8._.js:776
[ 3506685ms] [LOG] [Fast Refresh] done in 99ms @ http://localhost:5173/_next/static/chunks/node_modules_next_dist_1e8vcs8._.js:776
[ 3506734ms] [LOG] [Fast Refresh] done in 99ms @ http://localhost:5173/_next/static/chunks/node_modules_next_dist_1e8vcs8._.js:776
[ 3506780ms] [LOG] [Fast Refresh] done in 99ms @ http://localhost:5173/_next/static/chunks/node_modules_next_dist_1e8vcs8._.js:776
[ 3506843ms] [LOG] [Fast Refresh] done in 99ms @ http://localhost:5173/_next/static/chunks/node_modules_next_dist_1e8vcs8._.js:776
[ 3506893ms] [LOG] [Fast Refresh] done in 99ms @ http://localhost:5173/_next/static/chunks/node_modules_next_dist_1e8vcs8._.js:776
[ 3506940ms] [LOG] [Fast Refresh] done in 99ms @ http://localhost:5173/_next/static/chunks/node_modules_next_dist_1e8vcs8._.js:776
[ 3506993ms] [LOG] [Fast Refresh] done in 99ms @ http://localhost:5173/_next/static/chunks/node_modules_next_dist_1e8vcs8._.js:776
[ 3507041ms] [LOG] [Fast Refresh] done in 99ms @ http://localhost:5173/_next/static/chunks/node_modules_next_dist_1e8vcs8._.js:776
[ 3507094ms] [LOG] [Fast Refresh] done in 99ms @ http://localhost:5173/_next/static/chunks/node_modules_next_dist_1e8vcs8._.js:776
[ 3507141ms] [LOG] [Fast Refresh] done in 99ms @ http://localhost:5173/_next/static/chunks/node_modules_next_dist_1e8vcs8._.js:776
[ 3507194ms] [LOG] [Fast Refresh] done in 99ms @ http://localhost:5173/_next/static/chunks/node_modules_next_dist_1e8vcs8._.js:776
[ 3507256ms] [LOG] [Fast Refresh] done in 99ms @ http://localhost:5173/_next/static/chunks/node_modules_next_dist_1e8vcs8._.js:776
[ 3507324ms] [LOG] [Fast Refresh] done in 99ms @ http://localhost:5173/_next/static/chunks/node_modules_next_dist_1e8vcs8._.js:776
[ 3507387ms] [LOG] [Fast Refresh] done in 99ms @ http://localhost:5173/_next/static/chunks/node_modules_next_dist_1e8vcs8._.js:776
[ 3507439ms] [LOG] [Fast Refresh] done in 99ms @ http://localhost:5173/_next/static/chunks/node_modules_next_dist_1e8vcs8._.js:776
[ 3507486ms] [LOG] [Fast Refresh] done in 99ms @ http://localhost:5173/_next/static/chunks/node_modules_next_dist_1e8vcs8._.js:776
[ 3507549ms] [LOG] [Fast Refresh] done in 99ms @ http://localhost:5173/_next/static/chunks/node_modules_next_dist_1e8vcs8._.js:776
[ 3507596ms] [LOG] [Fast Refresh] done in 99ms @ http://localhost:5173/_next/static/chunks/node_modules_next_dist_1e8vcs8._.js:776
[ 3507659ms] [LOG] [Fast Refresh] done in 99ms @ http://localhost:5173/_next/static/chunks/node_modules_next_dist_1e8vcs8._.js:776
[ 3507725ms] [LOG] [Fast Refresh] done in 99ms @ http://localhost:5173/_next/static/chunks/node_modules_next_dist_1e8vcs8._.js:776
[ 3507778ms] [LOG] [Fast Refresh] done in 99ms @ http://localhost:5173/_next/static/chunks/node_modules_next_dist_1e8vcs8._.js:776
[ 3507828ms] [LOG] [Fast Refresh] done in 99ms @ http://localhost:5173/_next/static/chunks/node_modules_next_dist_1e8vcs8._.js:776
[ 3507879ms] [LOG] [Fast Refresh] done in 99ms @ http://localhost:5173/_next/static/chunks/node_modules_next_dist_1e8vcs8._.js:776
[ 3507940ms] [LOG] [Fast Refresh] done in 99ms @ http://localhost:5173/_next/static/chunks/node_modules_next_dist_1e8vcs8._.js:776
[ 3508002ms] [LOG] [Fast Refresh] done in 99ms @ http://localhost:5173/_next/static/chunks/node_modules_next_dist_1e8vcs8._.js:776
[ 3508064ms] [LOG] [Fast Refresh] done in 99ms @ http://localhost:5173/_next/static/chunks/node_modules_next_dist_1e8vcs8._.js:776
[ 3508125ms] [LOG] [Fast Refresh] done in 99ms @ http://localhost:5173/_next/static/chunks/node_modules_next_dist_1e8vcs8._.js:776
[ 3508173ms] [LOG] [Fast Refresh] done in 99ms @ http://localhost:5173/_next/static/chunks/node_modules_next_dist_1e8vcs8._.js:776
[ 3508223ms] [LOG] [Fast Refresh] done in 99ms @ http://localhost:5173/_next/static/chunks/node_modules_next_dist_1e8vcs8._.js:776
[ 3508278ms] [LOG] [Fast Refresh] done in 99ms @ http://localhost:5173/_next/static/chunks/node_modules_next_dist_1e8vcs8._.js:776
[ 3508339ms] [LOG] [Fast Refresh] done in 99ms @ http://localhost:5173/_next/static/chunks/node_modules_next_dist_1e8vcs8._.js:776
[ 3508394ms] [LOG] [Fast Refresh] done in 99ms @ http://localhost:5173/_next/static/chunks/node_modules_next_dist_1e8vcs8._.js:776
[ 3508443ms] [LOG] [Fast Refresh] done in 99ms @ http://localhost:5173/_next/static/chunks/node_modules_next_dist_1e8vcs8._.js:776
[ 3508494ms] [LOG] [Fast Refresh] done in 99ms @ http://localhost:5173/_next/static/chunks/node_modules_next_dist_1e8vcs8._.js:776
[ 3508543ms] [LOG] [Fast Refresh] done in 99ms @ http://localhost:5173/_next/static/chunks/node_modules_next_dist_1e8vcs8._.js:776
[ 3508594ms] [LOG] [Fast Refresh] done in 99ms @ http://localhost:5173/_next/static/chunks/node_modules_next_dist_1e8vcs8._.js:776
[ 3508656ms] [LOG] [Fast Refresh] done in 99ms @ http://localhost:5173/_next/static/chunks/node_modules_next_dist_1e8vcs8._.js:776
[ 3508728ms] [LOG] [Fast Refresh] done in 99ms @ http://localhost:5173/_next/static/chunks/node_modules_next_dist_1e8vcs8._.js:776
[ 3508778ms] [LOG] [Fast Refresh] done in 99ms @ http://localhost:5173/_next/static/chunks/node_modules_next_dist_1e8vcs8._.js:776
[ 3508825ms] [LOG] [Fast Refresh] done in 99ms @ http://localhost:5173/_next/static/chunks/node_modules_next_dist_1e8vcs8._.js:776
[ 3508879ms] [LOG] [Fast Refresh] done in 99ms @ http://localhost:5173/_next/static/chunks/node_modules_next_dist_1e8vcs8._.js:776
[ 3508940ms] [LOG] [Fast Refresh] done in 99ms @ http://localhost:5173/_next/static/chunks/node_modules_next_dist_1e8vcs8._.js:776
[ 3508994ms] [LOG] [Fast Refresh] done in 99ms @ http://localhost:5173/_next/static/chunks/node_modules_next_dist_1e8vcs8._.js:776
[ 3509054ms] [LOG] [Fast Refresh] done in 99ms @ http://localhost:5173/_next/static/chunks/node_modules_next_dist_1e8vcs8._.js:776
[ 3509109ms] [LOG] [Fast Refresh] done in 99ms @ http://localhost:5173/_next/static/chunks/node_modules_next_dist_1e8vcs8._.js:776
[ 3509178ms] [LOG] [Fast Refresh] done in 99ms @ http://localhost:5173/_next/static/chunks/node_modules_next_dist_1e8vcs8._.js:776
[ 3509240ms] [LOG] [Fast Refresh] done in 99ms @ http://localhost:5173/_next/static/chunks/node_modules_next_dist_1e8vcs8._.js:776
[ 3509293ms] [LOG] [Fast Refresh] done in 99ms @ http://localhost:5173/_next/static/chunks/node_modules_next_dist_1e8vcs8._.js:776
[ 3509355ms] [LOG] [Fast Refresh] done in 99ms @ http://localhost:5173/_next/static/chunks/node_modules_next_dist_1e8vcs8._.js:776
[ 3509425ms] [LOG] [Fast Refresh] done in 99ms @ http://localhost:5173/_next/static/chunks/node_modules_next_dist_1e8vcs8._.js:776
[ 3509479ms] [LOG] [Fast Refresh] done in 99ms @ http://localhost:5173/_next/static/chunks/node_modules_next_dist_1e8vcs8._.js:776
[ 3509540ms] [LOG] [Fast Refresh] done in 99ms @ http://localhost:5173/_next/static/chunks/node_modules_next_dist_1e8vcs8._.js:776
[ 3509594ms] [LOG] [Fast Refresh] done in 99ms @ http://localhost:5173/_next/static/chunks/node_modules_next_dist_1e8vcs8._.js:776
[ 3509645ms] [LOG] [Fast Refresh] done in 99ms @ http://localhost:5173/_next/static/chunks/node_modules_next_dist_1e8vcs8._.js:776
[ 3509705ms] [LOG] [Fast Refresh] done in 99ms @ http://localhost:5173/_next/static/chunks/node_modules_next_dist_1e8vcs8._.js:776
[ 3509769ms] [LOG] [Fast Refresh] done in 99ms @ http://localhost:5173/_next/static/chunks/node_modules_next_dist_1e8vcs8._.js:776
[ 3509807ms] [LOG] [Fast Refresh] done in 99ms @ http://localhost:5173/_next/static/chunks/node_modules_next_dist_1e8vcs8._.js:776
[ 3509870ms] [LOG] [Fast Refresh] done in 99ms @ http://localhost:5173/_next/static/chunks/node_modules_next_dist_1e8vcs8._.js:776
[ 3509932ms] [LOG] [Fast Refresh] done in 99ms @ http://localhost:5173/_next/static/chunks/node_modules_next_dist_1e8vcs8._.js:776
[ 3509979ms] [LOG] [Fast Refresh] done in 99ms @ http://localhost:5173/_next/static/chunks/node_modules_next_dist_1e8vcs8._.js:776
[ 3510026ms] [LOG] [Fast Refresh] done in 99ms @ http://localhost:5173/_next/static/chunks/node_modules_next_dist_1e8vcs8._.js:776
[ 3510078ms] [LOG] [Fast Refresh] done in 99ms @ http://localhost:5173/_next/static/chunks/node_modules_next_dist_1e8vcs8._.js:776
[ 3510129ms] [LOG] [Fast Refresh] done in 99ms @ http://localhost:5173/_next/static/chunks/node_modules_next_dist_1e8vcs8._.js:776
[ 3510178ms] [LOG] [Fast Refresh] done in 99ms @ http://localhost:5173/_next/static/chunks/node_modules_next_dist_1e8vcs8._.js:776
[ 3510230ms] [LOG] [Fast Refresh] done in 99ms @ http://localhost:5173/_next/static/chunks/node_modules_next_dist_1e8vcs8._.js:776
[ 3510279ms] [LOG] [Fast Refresh] done in 99ms @ http://localhost:5173/_next/static/chunks/node_modules_next_dist_1e8vcs8._.js:776
[ 3510339ms] [LOG] [Fast Refresh] done in 99ms @ http://localhost:5173/_next/static/chunks/node_modules_next_dist_1e8vcs8._.js:776
[ 3510394ms] [LOG] [Fast Refresh] done in 99ms @ http://localhost:5173/_next/static/chunks/node_modules_next_dist_1e8vcs8._.js:776
[ 3510443ms] [LOG] [Fast Refresh] done in 99ms @ http://localhost:5173/_next/static/chunks/node_modules_next_dist_1e8vcs8._.js:776
[ 3510494ms] [LOG] [Fast Refresh] done in 99ms @ http://localhost:5173/_next/static/chunks/node_modules_next_dist_1e8vcs8._.js:776
[ 3510558ms] [LOG] [Fast Refresh] done in 99ms @ http://localhost:5173/_next/static/chunks/node_modules_next_dist_1e8vcs8._.js:776
[ 3510624ms] [LOG] [Fast Refresh] done in 99ms @ http://localhost:5173/_next/static/chunks/node_modules_next_dist_1e8vcs8._.js:776
[ 3510670ms] [LOG] [Fast Refresh] done in 99ms @ http://localhost:5173/_next/static/chunks/node_modules_next_dist_1e8vcs8._.js:776
[ 3510718ms] [LOG] [Fast Refresh] done in 99ms @ http://localhost:5173/_next/static/chunks/node_modules_next_dist_1e8vcs8._.js:776
[ 3510778ms] [LOG] [Fast Refresh] done in 99ms @ http://localhost:5173/_next/static/chunks/node_modules_next_dist_1e8vcs8._.js:776
[ 3510842ms] [LOG] [Fast Refresh] done in 99ms @ http://localhost:5173/_next/static/chunks/node_modules_next_dist_1e8vcs8._.js:776
[ 3510893ms] [LOG] [Fast Refresh] done in 99ms @ http://localhost:5173/_next/static/chunks/node_modules_next_dist_1e8vcs8._.js:776
[ 3510956ms] [LOG] [Fast Refresh] done in 99ms @ http://localhost:5173/_next/static/chunks/node_modules_next_dist_1e8vcs8._.js:776
[ 3511026ms] [LOG] [Fast Refresh] done in 99ms @ http://localhost:5173/_next/static/chunks/node_modules_next_dist_1e8vcs8._.js:776
[ 3511079ms] [LOG] [Fast Refresh] done in 99ms @ http://localhost:5173/_next/static/chunks/node_modules_next_dist_1e8vcs8._.js:776
[ 3511140ms] [LOG] [Fast Refresh] done in 99ms @ http://localhost:5173/_next/static/chunks/node_modules_next_dist_1e8vcs8._.js:776
[ 3511208ms] [LOG] [Fast Refresh] done in 99ms @ http://localhost:5173/_next/static/chunks/node_modules_next_dist_1e8vcs8._.js:776
[ 3511255ms] [LOG] [Fast Refresh] done in 99ms @ http://localhost:5173/_next/static/chunks/node_modules_next_dist_1e8vcs8._.js:776
[ 3511329ms] [LOG] [Fast Refresh] done in 99ms @ http://localhost:5173/_next/static/chunks/node_modules_next_dist_1e8vcs8._.js:776
[ 3511378ms] [LOG] [Fast Refresh] done in 99ms @ http://localhost:5173/_next/static/chunks/node_modules_next_dist_1e8vcs8._.js:776
[ 3511439ms] [LOG] [Fast Refresh] done in 99ms @ http://localhost:5173/_next/static/chunks/node_modules_next_dist_1e8vcs8._.js:776
[ 3511502ms] [LOG] [Fast Refresh] done in 99ms @ http://localhost:5173/_next/static/chunks/node_modules_next_dist_1e8vcs8._.js:776
[ 3511565ms] [LOG] [Fast Refresh] done in 99ms @ http://localhost:5173/_next/static/chunks/node_modules_next_dist_1e8vcs8._.js:776
[ 3511626ms] [LOG] [Fast Refresh] done in 99ms @ http://localhost:5173/_next/static/chunks/node_modules_next_dist_1e8vcs8._.js:776
[ 3511679ms] [LOG] [Fast Refresh] done in 99ms @ http://localhost:5173/_next/static/chunks/node_modules_next_dist_1e8vcs8._.js:776
[ 3511741ms] [LOG] [Fast Refresh] done in 99ms @ http://localhost:5173/_next/static/chunks/node_modules_next_dist_1e8vcs8._.js:776
[ 3511795ms] [LOG] [Fast Refresh] done in 99ms @ http://localhost:5173/_next/static/chunks/node_modules_next_dist_1e8vcs8._.js:776
[ 3511842ms] [LOG] [Fast Refresh] done in 99ms @ http://localhost:5173/_next/static/chunks/node_modules_next_dist_1e8vcs8._.js:776
[ 3511925ms] [LOG] [Fast Refresh] done in 99ms @ http://localhost:5173/_next/static/chunks/node_modules_next_dist_1e8vcs8._.js:776
[ 3511986ms] [LOG] [Fast Refresh] done in 99ms @ http://localhost:5173/_next/static/chunks/node_modules_next_dist_1e8vcs8._.js:776
[ 3512035ms] [LOG] [Fast Refresh] done in 99ms @ http://localhost:5173/_next/static/chunks/node_modules_next_dist_1e8vcs8._.js:776
[ 3512087ms] [LOG] [Fast Refresh] done in 99ms @ http://localhost:5173/_next/static/chunks/node_modules_next_dist_1e8vcs8._.js:776
[ 3512132ms] [LOG] [Fast Refresh] done in 99ms @ http://localhost:5173/_next/static/chunks/node_modules_next_dist_1e8vcs8._.js:776
[ 3512192ms] [LOG] [Fast Refresh] done in 99ms @ http://localhost:5173/_next/static/chunks/node_modules_next_dist_1e8vcs8._.js:776
[ 3512251ms] [LOG] [Fast Refresh] done in 99ms @ http://localhost:5173/_next/static/chunks/node_modules_next_dist_1e8vcs8._.js:776
[ 3512299ms] [LOG] [Fast Refresh] done in 99ms @ http://localhost:5173/_next/static/chunks/node_modules_next_dist_1e8vcs8._.js:776
[ 3512346ms] [LOG] [Fast Refresh] done in 99ms @ http://localhost:5173/_next/static/chunks/node_modules_next_dist_1e8vcs8._.js:776
[ 3512394ms] [LOG] [Fast Refresh] done in 99ms @ http://localhost:5173/_next/static/chunks/node_modules_next_dist_1e8vcs8._.js:776
[ 3512458ms] [LOG] [Fast Refresh] done in 99ms @ http://localhost:5173/_next/static/chunks/node_modules_next_dist_1e8vcs8._.js:776
[ 3512529ms] [LOG] [Fast Refresh] done in 99ms @ http://localhost:5173/_next/static/chunks/node_modules_next_dist_1e8vcs8._.js:776
[ 3512579ms] [LOG] [Fast Refresh] done in 99ms @ http://localhost:5173/_next/static/chunks/node_modules_next_dist_1e8vcs8._.js:776
[ 3512628ms] [LOG] [Fast Refresh] done in 99ms @ http://localhost:5173/_next/static/chunks/node_modules_next_dist_1e8vcs8._.js:776
[ 3512678ms] [LOG] [Fast Refresh] done in 99ms @ http://localhost:5173/_next/static/chunks/node_modules_next_dist_1e8vcs8._.js:776
[ 3512741ms] [LOG] [Fast Refresh] done in 99ms @ http://localhost:5173/_next/static/chunks/node_modules_next_dist_1e8vcs8._.js:776
[ 3512795ms] [LOG] [Fast Refresh] done in 99ms @ http://localhost:5173/_next/static/chunks/node_modules_next_dist_1e8vcs8._.js:776
[ 3512856ms] [LOG] [Fast Refresh] done in 99ms @ http://localhost:5173/_next/static/chunks/node_modules_next_dist_1e8vcs8._.js:776
[ 3512924ms] [LOG] [Fast Refresh] done in 99ms @ http://localhost:5173/_next/static/chunks/node_modules_next_dist_1e8vcs8._.js:776
[ 3512979ms] [LOG] [Fast Refresh] done in 99ms @ http://localhost:5173/_next/static/chunks/node_modules_next_dist_1e8vcs8._.js:776
[ 3513039ms] [LOG] [Fast Refresh] done in 99ms @ http://localhost:5173/_next/static/chunks/node_modules_next_dist_1e8vcs8._.js:776
[ 3513094ms] [LOG] [Fast Refresh] done in 99ms @ http://localhost:5173/_next/static/chunks/node_modules_next_dist_1e8vcs8._.js:776
[ 3513141ms] [LOG] [Fast Refresh] done in 99ms @ http://localhost:5173/_next/static/chunks/node_modules_next_dist_1e8vcs8._.js:776
[ 3513194ms] [LOG] [Fast Refresh] done in 99ms @ http://localhost:5173/_next/static/chunks/node_modules_next_dist_1e8vcs8._.js:776
[ 3513258ms] [LOG] [Fast Refresh] done in 99ms @ http://localhost:5173/_next/static/chunks/node_modules_next_dist_1e8vcs8._.js:776
[ 3513324ms] [LOG] [Fast Refresh] done in 99ms @ http://localhost:5173/_next/static/chunks/node_modules_next_dist_1e8vcs8._.js:776
[ 3513379ms] [LOG] [Fast Refresh] done in 99ms @ http://localhost:5173/_next/static/chunks/node_modules_next_dist_1e8vcs8._.js:776
[ 3513440ms] [LOG] [Fast Refresh] done in 99ms @ http://localhost:5173/_next/static/chunks/node_modules_next_dist_1e8vcs8._.js:776
[ 3513495ms] [LOG] [Fast Refresh] done in 99ms @ http://localhost:5173/_next/static/chunks/node_modules_next_dist_1e8vcs8._.js:776
[ 3513542ms] [LOG] [Fast Refresh] done in 99ms @ http://localhost:5173/_next/static/chunks/node_modules_next_dist_1e8vcs8._.js:776
[ 3513594ms] [LOG] [Fast Refresh] done in 99ms @ http://localhost:5173/_next/static/chunks/node_modules_next_dist_1e8vcs8._.js:776
[ 3513656ms] [LOG] [Fast Refresh] done in 99ms @ http://localhost:5173/_next/static/chunks/node_modules_next_dist_1e8vcs8._.js:776
[ 3513725ms] [LOG] [Fast Refresh] done in 99ms @ http://localhost:5173/_next/static/chunks/node_modules_next_dist_1e8vcs8._.js:776
[ 3513778ms] [LOG] [Fast Refresh] done in 99ms @ http://localhost:5173/_next/static/chunks/node_modules_next_dist_1e8vcs8._.js:776
[ 3513840ms] [LOG] [Fast Refresh] done in 99ms @ http://localhost:5173/_next/static/chunks/node_modules_next_dist_1e8vcs8._.js:776
[ 3513886ms] [LOG] [Fast Refresh] done in 99ms @ http://localhost:5173/_next/static/chunks/node_modules_next_dist_1e8vcs8._.js:776
[ 3513934ms] [LOG] [Fast Refresh] done in 99ms @ http://localhost:5173/_next/static/chunks/node_modules_next_dist_1e8vcs8._.js:776
[ 3513987ms] [LOG] [Fast Refresh] done in 99ms @ http://localhost:5173/_next/static/chunks/node_modules_next_dist_1e8vcs8._.js:776
[ 3514038ms] [LOG] [Fast Refresh] done in 99ms @ http://localhost:5173/_next/static/chunks/node_modules_next_dist_1e8vcs8._.js:776
[ 3514087ms] [LOG] [Fast Refresh] done in 99ms @ http://localhost:5173/_next/static/chunks/node_modules_next_dist_1e8vcs8._.js:776
[ 3514154ms] [LOG] [Fast Refresh] done in 99ms @ http://localhost:5173/_next/static/chunks/node_modules_next_dist_1e8vcs8._.js:776
[ 3514211ms] [LOG] [Fast Refresh] done in 99ms @ http://localhost:5173/_next/static/chunks/node_modules_next_dist_1e8vcs8._.js:776
[ 3514260ms] [LOG] [Fast Refresh] done in 99ms @ http://localhost:5173/_next/static/chunks/node_modules_next_dist_1e8vcs8._.js:776
[ 3514325ms] [LOG] [Fast Refresh] done in 99ms @ http://localhost:5173/_next/static/chunks/node_modules_next_dist_1e8vcs8._.js:776
[ 3514386ms] [LOG] [Fast Refresh] done in 99ms @ http://localhost:5173/_next/static/chunks/node_modules_next_dist_1e8vcs8._.js:776
[ 3514448ms] [LOG] [Fast Refresh] done in 99ms @ http://localhost:5173/_next/static/chunks/node_modules_next_dist_1e8vcs8._.js:776
[ 3514511ms] [LOG] [Fast Refresh] done in 99ms @ http://localhost:5173/_next/static/chunks/node_modules_next_dist_1e8vcs8._.js:776
[ 3514578ms] [LOG] [Fast Refresh] done in 99ms @ http://localhost:5173/_next/static/chunks/node_modules_next_dist_1e8vcs8._.js:776
[ 3514628ms] [LOG] [Fast Refresh] done in 99ms @ http://localhost:5173/_next/static/chunks/node_modules_next_dist_1e8vcs8._.js:776
[ 3514678ms] [LOG] [Fast Refresh] done in 99ms @ http://localhost:5173/_next/static/chunks/node_modules_next_dist_1e8vcs8._.js:776
[ 3514741ms] [LOG] [Fast Refresh] done in 99ms @ http://localhost:5173/_next/static/chunks/node_modules_next_dist_1e8vcs8._.js:776
[ 3514794ms] [LOG] [Fast Refresh] done in 99ms @ http://localhost:5173/_next/static/chunks/node_modules_next_dist_1e8vcs8._.js:776
[ 3514859ms] [LOG] [Fast Refresh] done in 99ms @ http://localhost:5173/_next/static/chunks/node_modules_next_dist_1e8vcs8._.js:776
[ 3514924ms] [LOG] [Fast Refresh] done in 99ms @ http://localhost:5173/_next/static/chunks/node_modules_next_dist_1e8vcs8._.js:776
[ 3514979ms] [LOG] [Fast Refresh] done in 99ms @ http://localhost:5173/_next/static/chunks/node_modules_next_dist_1e8vcs8._.js:776
[ 3515041ms] [LOG] [Fast Refresh] done in 99ms @ http://localhost:5173/_next/static/chunks/node_modules_next_dist_1e8vcs8._.js:776
[ 3515097ms] [LOG] [Fast Refresh] done in 99ms @ http://localhost:5173/_next/static/chunks/node_modules_next_dist_1e8vcs8._.js:776
[ 3515158ms] [LOG] [Fast Refresh] done in 99ms @ http://localhost:5173/_next/static/chunks/node_modules_next_dist_1e8vcs8._.js:776
[ 3515224ms] [LOG] [Fast Refresh] done in 99ms @ http://localhost:5173/_next/static/chunks/node_modules_next_dist_1e8vcs8._.js:776
[ 3515278ms] [LOG] [Fast Refresh] done in 99ms @ http://localhost:5173/_next/static/chunks/node_modules_next_dist_1e8vcs8._.js:776
[ 3515339ms] [LOG] [Fast Refresh] done in 99ms @ http://localhost:5173/_next/static/chunks/node_modules_next_dist_1e8vcs8._.js:776
[ 3515408ms] [LOG] [Fast Refresh] done in 99ms @ http://localhost:5173/_next/static/chunks/node_modules_next_dist_1e8vcs8._.js:776
[ 3515458ms] [LOG] [Fast Refresh] done in 99ms @ http://localhost:5173/_next/static/chunks/node_modules_next_dist_1e8vcs8._.js:776
[ 3515524ms] [LOG] [Fast Refresh] done in 99ms @ http://localhost:5173/_next/static/chunks/node_modules_next_dist_1e8vcs8._.js:776
[ 3515579ms] [LOG] [Fast Refresh] done in 99ms @ http://localhost:5173/_next/static/chunks/node_modules_next_dist_1e8vcs8._.js:776
[ 3515640ms] [LOG] [Fast Refresh] done in 99ms @ http://localhost:5173/_next/static/chunks/node_modules_next_dist_1e8vcs8._.js:776
[ 3515693ms] [LOG] [Fast Refresh] done in 99ms @ http://localhost:5173/_next/static/chunks/node_modules_next_dist_1e8vcs8._.js:776
[ 3515744ms] [LOG] [Fast Refresh] done in 99ms @ http://localhost:5173/_next/static/chunks/node_modules_next_dist_1e8vcs8._.js:776
[ 3515793ms] [LOG] [Fast Refresh] done in 99ms @ http://localhost:5173/_next/static/chunks/node_modules_next_dist_1e8vcs8._.js:776
[ 3515856ms] [LOG] [Fast Refresh] done in 99ms @ http://localhost:5173/_next/static/chunks/node_modules_next_dist_1e8vcs8._.js:776
[ 3515929ms] [LOG] [Fast Refresh] done in 99ms @ http://localhost:5173/_next/static/chunks/node_modules_next_dist_1e8vcs8._.js:776
[ 3515978ms] [LOG] [Fast Refresh] done in 99ms @ http://localhost:5173/_next/static/chunks/node_modules_next_dist_1e8vcs8._.js:776
[ 3516040ms] [LOG] [Fast Refresh] done in 99ms @ http://localhost:5173/_next/static/chunks/node_modules_next_dist_1e8vcs8._.js:776
[ 3516094ms] [LOG] [Fast Refresh] done in 99ms @ http://localhost:5173/_next/static/chunks/node_modules_next_dist_1e8vcs8._.js:776
[ 3516158ms] [LOG] [Fast Refresh] done in 99ms @ http://localhost:5173/_next/static/chunks/node_modules_next_dist_1e8vcs8._.js:776
[ 3516210ms] [LOG] [Fast Refresh] done in 99ms @ http://localhost:5173/_next/static/chunks/node_modules_next_dist_1e8vcs8._.js:776
[ 3516278ms] [LOG] [Fast Refresh] done in 99ms @ http://localhost:5173/_next/static/chunks/node_modules_next_dist_1e8vcs8._.js:776
[ 3516341ms] [LOG] [Fast Refresh] done in 99ms @ http://localhost:5173/_next/static/chunks/node_modules_next_dist_1e8vcs8._.js:776
[ 3516393ms] [LOG] [Fast Refresh] done in 99ms @ http://localhost:5173/_next/static/chunks/node_modules_next_dist_1e8vcs8._.js:776
[ 3516456ms] [LOG] [Fast Refresh] done in 99ms @ http://localhost:5173/_next/static/chunks/node_modules_next_dist_1e8vcs8._.js:776
[ 3516527ms] [LOG] [Fast Refresh] done in 99ms @ http://localhost:5173/_next/static/chunks/node_modules_next_dist_1e8vcs8._.js:776
[ 3516579ms] [LOG] [Fast Refresh] done in 99ms @ http://localhost:5173/_next/static/chunks/node_modules_next_dist_1e8vcs8._.js:776
[ 3516640ms] [LOG] [Fast Refresh] done in 99ms @ http://localhost:5173/_next/static/chunks/node_modules_next_dist_1e8vcs8._.js:776
[ 3516688ms] [LOG] [Fast Refresh] done in 99ms @ http://localhost:5173/_next/static/chunks/node_modules_next_dist_1e8vcs8._.js:776
[ 3516756ms] [LOG] [Fast Refresh] done in 99ms @ http://localhost:5173/_next/static/chunks/node_modules_next_dist_1e8vcs8._.js:776
[ 3516824ms] [LOG] [Fast Refresh] done in 99ms @ http://localhost:5173/_next/static/chunks/node_modules_next_dist_1e8vcs8._.js:776
[ 3516886ms] [LOG] [Fast Refresh] done in 99ms @ http://localhost:5173/_next/static/chunks/node_modules_next_dist_1e8vcs8._.js:776
[ 3516934ms] [LOG] [Fast Refresh] done in 99ms @ http://localhost:5173/_next/static/chunks/node_modules_next_dist_1e8vcs8._.js:776
[ 3516995ms] [LOG] [Fast Refresh] done in 99ms @ http://localhost:5173/_next/static/chunks/node_modules_next_dist_1e8vcs8._.js:776
[ 3517057ms] [LOG] [Fast Refresh] done in 99ms @ http://localhost:5173/_next/static/chunks/node_modules_next_dist_1e8vcs8._.js:776
[ 3517107ms] [LOG] [Fast Refresh] done in 99ms @ http://localhost:5173/_next/static/chunks/node_modules_next_dist_1e8vcs8._.js:776
[ 3517154ms] [LOG] [Fast Refresh] done in 99ms @ http://localhost:5173/_next/static/chunks/node_modules_next_dist_1e8vcs8._.js:776
[ 3517216ms] [LOG] [Fast Refresh] done in 99ms @ http://localhost:5173/_next/static/chunks/node_modules_next_dist_1e8vcs8._.js:776
[ 3517263ms] [LOG] [Fast Refresh] done in 99ms @ http://localhost:5173/_next/static/chunks/node_modules_next_dist_1e8vcs8._.js:776
[ 3517327ms] [LOG] [Fast Refresh] done in 99ms @ http://localhost:5173/_next/static/chunks/node_modules_next_dist_1e8vcs8._.js:776
[ 3517379ms] [LOG] [Fast Refresh] done in 99ms @ http://localhost:5173/_next/static/chunks/node_modules_next_dist_1e8vcs8._.js:776
[ 3517440ms] [LOG] [Fast Refresh] done in 99ms @ http://localhost:5173/_next/static/chunks/node_modules_next_dist_1e8vcs8._.js:776
[ 3517503ms] [LOG] [Fast Refresh] done in 99ms @ http://localhost:5173/_next/static/chunks/node_modules_next_dist_1e8vcs8._.js:776
[ 3517553ms] [LOG] [Fast Refresh] done in 99ms @ http://localhost:5173/_next/static/chunks/node_modules_next_dist_1e8vcs8._.js:776
[ 3517608ms] [LOG] [Fast Refresh] done in 99ms @ http://localhost:5173/_next/static/chunks/node_modules_next_dist_1e8vcs8._.js:776
[ 3517663ms] [LOG] [Fast Refresh] done in 99ms @ http://localhost:5173/_next/static/chunks/node_modules_next_dist_1e8vcs8._.js:776
[ 3517720ms] [LOG] [Fast Refresh] done in 99ms @ http://localhost:5173/_next/static/chunks/node_modules_next_dist_1e8vcs8._.js:776
[ 3517778ms] [LOG] [Fast Refresh] done in 99ms @ http://localhost:5173/_next/static/chunks/node_modules_next_dist_1e8vcs8._.js:776
[ 3517824ms] [LOG] [Fast Refresh] done in 99ms @ http://localhost:5173/_next/static/chunks/node_modules_next_dist_1e8vcs8._.js:776
[ 3517877ms] [LOG] [Fast Refresh] done in 99ms @ http://localhost:5173/_next/static/chunks/node_modules_next_dist_1e8vcs8._.js:776
[ 3517926ms] [LOG] [Fast Refresh] done in 99ms @ http://localhost:5173/_next/static/chunks/node_modules_next_dist_1e8vcs8._.js:776
[ 3517979ms] [LOG] [Fast Refresh] done in 99ms @ http://localhost:5173/_next/static/chunks/node_modules_next_dist_1e8vcs8._.js:776
[ 3518039ms] [LOG] [Fast Refresh] done in 99ms @ http://localhost:5173/_next/static/chunks/node_modules_next_dist_1e8vcs8._.js:776
[ 3518101ms] [LOG] [Fast Refresh] done in 99ms @ http://localhost:5173/_next/static/chunks/node_modules_next_dist_1e8vcs8._.js:776
[ 3518163ms] [LOG] [Fast Refresh] done in 99ms @ http://localhost:5173/_next/static/chunks/node_modules_next_dist_1e8vcs8._.js:776
[ 3518222ms] [LOG] [Fast Refresh] done in 99ms @ http://localhost:5173/_next/static/chunks/node_modules_next_dist_1e8vcs8._.js:776
[ 3518279ms] [LOG] [Fast Refresh] done in 99ms @ http://localhost:5173/_next/static/chunks/node_modules_next_dist_1e8vcs8._.js:776
[ 3518340ms] [LOG] [Fast Refresh] done in 99ms @ http://localhost:5173/_next/static/chunks/node_modules_next_dist_1e8vcs8._.js:776
[ 3518402ms] [LOG] [Fast Refresh] done in 99ms @ http://localhost:5173/_next/static/chunks/node_modules_next_dist_1e8vcs8._.js:776
[ 3518464ms] [LOG] [Fast Refresh] done in 99ms @ http://localhost:5173/_next/static/chunks/node_modules_next_dist_1e8vcs8._.js:776
[ 3518523ms] [LOG] [Fast Refresh] done in 99ms @ http://localhost:5173/_next/static/chunks/node_modules_next_dist_1e8vcs8._.js:776
[ 3518578ms] [LOG] [Fast Refresh] done in 99ms @ http://localhost:5173/_next/static/chunks/node_modules_next_dist_1e8vcs8._.js:776
[ 3518640ms] [LOG] [Fast Refresh] done in 99ms @ http://localhost:5173/_next/static/chunks/node_modules_next_dist_1e8vcs8._.js:776
[ 3518694ms] [LOG] [Fast Refresh] done in 99ms @ http://localhost:5173/_next/static/chunks/node_modules_next_dist_1e8vcs8._.js:776
[ 3518757ms] [LOG] [Fast Refresh] done in 99ms @ http://localhost:5173/_next/static/chunks/node_modules_next_dist_1e8vcs8._.js:776
[ 3518829ms] [LOG] [Fast Refresh] done in 99ms @ http://localhost:5173/_next/static/chunks/node_modules_next_dist_1e8vcs8._.js:776
[ 3518879ms] [LOG] [Fast Refresh] done in 99ms @ http://localhost:5173/_next/static/chunks/node_modules_next_dist_1e8vcs8._.js:776
[ 3518940ms] [LOG] [Fast Refresh] done in 99ms @ http://localhost:5173/_next/static/chunks/node_modules_next_dist_1e8vcs8._.js:776
[ 3518995ms] [LOG] [Fast Refresh] done in 99ms @ http://localhost:5173/_next/static/chunks/node_modules_next_dist_1e8vcs8._.js:776
[ 3519043ms] [LOG] [Fast Refresh] done in 99ms @ http://localhost:5173/_next/static/chunks/node_modules_next_dist_1e8vcs8._.js:776
[ 3519094ms] [LOG] [Fast Refresh] done in 99ms @ http://localhost:5173/_next/static/chunks/node_modules_next_dist_1e8vcs8._.js:776
[ 3519156ms] [LOG] [Fast Refresh] done in 99ms @ http://localhost:5173/_next/static/chunks/node_modules_next_dist_1e8vcs8._.js:776
[ 3519225ms] [LOG] [Fast Refresh] done in 99ms @ http://localhost:5173/_next/static/chunks/node_modules_next_dist_1e8vcs8._.js:776
[ 3519274ms] [LOG] [Fast Refresh] done in 99ms @ http://localhost:5173/_next/static/chunks/node_modules_next_dist_1e8vcs8._.js:776
[ 3519336ms] [LOG] [Fast Refresh] done in 99ms @ http://localhost:5173/_next/static/chunks/node_modules_next_dist_1e8vcs8._.js:776
[ 3519392ms] [LOG] [Fast Refresh] done in 99ms @ http://localhost:5173/_next/static/chunks/node_modules_next_dist_1e8vcs8._.js:776
[ 3519458ms] [LOG] [Fast Refresh] done in 99ms @ http://localhost:5173/_next/static/chunks/node_modules_next_dist_1e8vcs8._.js:776
[ 3519525ms] [LOG] [Fast Refresh] done in 99ms @ http://localhost:5173/_next/static/chunks/node_modules_next_dist_1e8vcs8._.js:776
[ 3519578ms] [LOG] [Fast Refresh] done in 99ms @ http://localhost:5173/_next/static/chunks/node_modules_next_dist_1e8vcs8._.js:776
[ 3519641ms] [LOG] [Fast Refresh] done in 99ms @ http://localhost:5173/_next/static/chunks/node_modules_next_dist_1e8vcs8._.js:776
[ 3519693ms] [LOG] [Fast Refresh] done in 99ms @ http://localhost:5173/_next/static/chunks/node_modules_next_dist_1e8vcs8._.js:776
[ 3519756ms] [LOG] [Fast Refresh] done in 99ms @ http://localhost:5173/_next/static/chunks/node_modules_next_dist_1e8vcs8._.js:776
[ 3519825ms] [LOG] [Fast Refresh] done in 99ms @ http://localhost:5173/_next/static/chunks/node_modules_next_dist_1e8vcs8._.js:776
[ 3519886ms] [LOG] [Fast Refresh] done in 99ms @ http://localhost:5173/_next/static/chunks/node_modules_next_dist_1e8vcs8._.js:776
[ 3519948ms] [LOG] [Fast Refresh] done in 99ms @ http://localhost:5173/_next/static/chunks/node_modules_next_dist_1e8vcs8._.js:776
[ 3519995ms] [LOG] [Fast Refresh] done in 99ms @ http://localhost:5173/_next/static/chunks/node_modules_next_dist_1e8vcs8._.js:776
[ 3520058ms] [LOG] [Fast Refresh] done in 99ms @ http://localhost:5173/_next/static/chunks/node_modules_next_dist_1e8vcs8._.js:776
[ 3520129ms] [LOG] [Fast Refresh] done in 99ms @ http://localhost:5173/_next/static/chunks/node_modules_next_dist_1e8vcs8._.js:776
[ 3520178ms] [LOG] [Fast Refresh] done in 99ms @ http://localhost:5173/_next/static/chunks/node_modules_next_dist_1e8vcs8._.js:776
[ 3520229ms] [LOG] [Fast Refresh] done in 99ms @ http://localhost:5173/_next/static/chunks/node_modules_next_dist_1e8vcs8._.js:776
[ 3520278ms] [LOG] [Fast Refresh] done in 99ms @ http://localhost:5173/_next/static/chunks/node_modules_next_dist_1e8vcs8._.js:776
[ 3520342ms] [LOG] [Fast Refresh] done in 99ms @ http://localhost:5173/_next/static/chunks/node_modules_next_dist_1e8vcs8._.js:776
[ 3520391ms] [LOG] [Fast Refresh] done in 99ms @ http://localhost:5173/_next/static/chunks/node_modules_next_dist_1e8vcs8._.js:776
[ 3520453ms] [LOG] [Fast Refresh] done in 99ms @ http://localhost:5173/_next/static/chunks/node_modules_next_dist_1e8vcs8._.js:776
[ 3520502ms] [LOG] [Fast Refresh] done in 99ms @ http://localhost:5173/_next/static/chunks/node_modules_next_dist_1e8vcs8._.js:776
[ 3520565ms] [LOG] [Fast Refresh] done in 99ms @ http://localhost:5173/_next/static/chunks/node_modules_next_dist_1e8vcs8._.js:776
[ 3520628ms] [LOG] [Fast Refresh] done in 99ms @ http://localhost:5173/_next/static/chunks/node_modules_next_dist_1e8vcs8._.js:776
[ 3520678ms] [LOG] [Fast Refresh] done in 99ms @ http://localhost:5173/_next/static/chunks/node_modules_next_dist_1e8vcs8._.js:776
[ 3520728ms] [LOG] [Fast Refresh] done in 99ms @ http://localhost:5173/_next/static/chunks/node_modules_next_dist_1e8vcs8._.js:776
[ 3520778ms] [LOG] [Fast Refresh] done in 99ms @ http://localhost:5173/_next/static/chunks/node_modules_next_dist_1e8vcs8._.js:776
[ 3520840ms] [LOG] [Fast Refresh] done in 99ms @ http://localhost:5173/_next/static/chunks/node_modules_next_dist_1e8vcs8._.js:776
[ 3520886ms] [LOG] [Fast Refresh] done in 99ms @ http://localhost:5173/_next/static/chunks/node_modules_next_dist_1e8vcs8._.js:776
[ 3520935ms] [LOG] [Fast Refresh] done in 99ms @ http://localhost:5173/_next/static/chunks/node_modules_next_dist_1e8vcs8._.js:776
[ 3520986ms] [LOG] [Fast Refresh] done in 99ms @ http://localhost:5173/_next/static/chunks/node_modules_next_dist_1e8vcs8._.js:776
[ 3521048ms] [LOG] [Fast Refresh] done in 99ms @ http://localhost:5173/_next/static/chunks/node_modules_next_dist_1e8vcs8._.js:776
[ 3521101ms] [LOG] [Fast Refresh] done in 99ms @ http://localhost:5173/_next/static/chunks/node_modules_next_dist_1e8vcs8._.js:776
[ 3521164ms] [LOG] [Fast Refresh] done in 99ms @ http://localhost:5173/_next/static/chunks/node_modules_next_dist_1e8vcs8._.js:776
[ 3521232ms] [LOG] [Fast Refresh] done in 99ms @ http://localhost:5173/_next/static/chunks/node_modules_next_dist_1e8vcs8._.js:776
[ 3521286ms] [LOG] [Fast Refresh] done in 99ms @ http://localhost:5173/_next/static/chunks/node_modules_next_dist_1e8vcs8._.js:776
[ 3521348ms] [LOG] [Fast Refresh] done in 99ms @ http://localhost:5173/_next/static/chunks/node_modules_next_dist_1e8vcs8._.js:776
[ 3521394ms] [LOG] [Fast Refresh] done in 99ms @ http://localhost:5173/_next/static/chunks/node_modules_next_dist_1e8vcs8._.js:776
[ 3521444ms] [LOG] [Fast Refresh] done in 99ms @ http://localhost:5173/_next/static/chunks/node_modules_next_dist_1e8vcs8._.js:776
[ 3521494ms] [LOG] [Fast Refresh] done in 99ms @ http://localhost:5173/_next/static/chunks/node_modules_next_dist_1e8vcs8._.js:776
[ 3521556ms] [LOG] [Fast Refresh] done in 99ms @ http://localhost:5173/_next/static/chunks/node_modules_next_dist_1e8vcs8._.js:776
[ 3521628ms] [LOG] [Fast Refresh] done in 99ms @ http://localhost:5173/_next/static/chunks/node_modules_next_dist_1e8vcs8._.js:776
[ 3521678ms] [LOG] [Fast Refresh] done in 99ms @ http://localhost:5173/_next/static/chunks/node_modules_next_dist_1e8vcs8._.js:776
[ 3521739ms] [LOG] [Fast Refresh] done in 99ms @ http://localhost:5173/_next/static/chunks/node_modules_next_dist_1e8vcs8._.js:776
[ 3521787ms] [LOG] [Fast Refresh] done in 99ms @ http://localhost:5173/_next/static/chunks/node_modules_next_dist_1e8vcs8._.js:776
[ 3521848ms] [LOG] [Fast Refresh] done in 99ms @ http://localhost:5173/_next/static/chunks/node_modules_next_dist_1e8vcs8._.js:776
[ 3521896ms] [LOG] [Fast Refresh] done in 99ms @ http://localhost:5173/_next/static/chunks/node_modules_next_dist_1e8vcs8._.js:776
[ 3521944ms] [LOG] [Fast Refresh] done in 99ms @ http://localhost:5173/_next/static/chunks/node_modules_next_dist_1e8vcs8._.js:776
[ 3521994ms] [LOG] [Fast Refresh] done in 99ms @ http://localhost:5173/_next/static/chunks/node_modules_next_dist_1e8vcs8._.js:776
[ 3522056ms] [LOG] [Fast Refresh] done in 99ms @ http://localhost:5173/_next/static/chunks/node_modules_next_dist_1e8vcs8._.js:776
[ 3522111ms] [LOG] [Fast Refresh] done in 99ms @ http://localhost:5173/_next/static/chunks/node_modules_next_dist_1e8vcs8._.js:776
[ 3522173ms] [LOG] [Fast Refresh] done in 99ms @ http://localhost:5173/_next/static/chunks/node_modules_next_dist_1e8vcs8._.js:776
[ 3522227ms] [LOG] [Fast Refresh] done in 99ms @ http://localhost:5173/_next/static/chunks/node_modules_next_dist_1e8vcs8._.js:776
[ 3522278ms] [LOG] [Fast Refresh] done in 99ms @ http://localhost:5173/_next/static/chunks/node_modules_next_dist_1e8vcs8._.js:776
[ 3522341ms] [LOG] [Fast Refresh] done in 99ms @ http://localhost:5173/_next/static/chunks/node_modules_next_dist_1e8vcs8._.js:776
[ 3522494ms] [LOG] [Fast Refresh] done in 99ms @ http://localhost:5173/_next/static/chunks/node_modules_next_dist_1e8vcs8._.js:776
[ 3522554ms] [LOG] [Fast Refresh] done in 99ms @ http://localhost:5173/_next/static/chunks/node_modules_next_dist_1e8vcs8._.js:776
[ 3522603ms] [LOG] [Fast Refresh] done in 99ms @ http://localhost:5173/_next/static/chunks/node_modules_next_dist_1e8vcs8._.js:776
[ 3522666ms] [LOG] [Fast Refresh] done in 99ms @ http://localhost:5173/_next/static/chunks/node_modules_next_dist_1e8vcs8._.js:776
[ 3522728ms] [LOG] [Fast Refresh] done in 99ms @ http://localhost:5173/_next/static/chunks/node_modules_next_dist_1e8vcs8._.js:776
[ 3522788ms] [LOG] [Fast Refresh] done in 99ms @ http://localhost:5173/_next/static/chunks/node_modules_next_dist_1e8vcs8._.js:776
[ 3522835ms] [LOG] [Fast Refresh] done in 99ms @ http://localhost:5173/_next/static/chunks/node_modules_next_dist_1e8vcs8._.js:776
[ 3522883ms] [LOG] [Fast Refresh] done in 99ms @ http://localhost:5173/_next/static/chunks/node_modules_next_dist_1e8vcs8._.js:776
[ 3522944ms] [LOG] [Fast Refresh] done in 99ms @ http://localhost:5173/_next/static/chunks/node_modules_next_dist_1e8vcs8._.js:776
[ 3522994ms] [LOG] [Fast Refresh] done in 99ms @ http://localhost:5173/_next/static/chunks/node_modules_next_dist_1e8vcs8._.js:776
[ 3523058ms] [LOG] [Fast Refresh] done in 99ms @ http://localhost:5173/_next/static/chunks/node_modules_next_dist_1e8vcs8._.js:776
[ 3523129ms] [LOG] [Fast Refresh] done in 99ms @ http://localhost:5173/_next/static/chunks/node_modules_next_dist_1e8vcs8._.js:776
[ 3523178ms] [LOG] [Fast Refresh] done in 99ms @ http://localhost:5173/_next/static/chunks/node_modules_next_dist_1e8vcs8._.js:776
[ 3523241ms] [LOG] [Fast Refresh] done in 99ms @ http://localhost:5173/_next/static/chunks/node_modules_next_dist_1e8vcs8._.js:776
[ 3523293ms] [LOG] [Fast Refresh] done in 99ms @ http://localhost:5173/_next/static/chunks/node_modules_next_dist_1e8vcs8._.js:776
[ 3523356ms] [LOG] [Fast Refresh] done in 99ms @ http://localhost:5173/_next/static/chunks/node_modules_next_dist_1e8vcs8._.js:776
[ 3523424ms] [LOG] [Fast Refresh] done in 99ms @ http://localhost:5173/_next/static/chunks/node_modules_next_dist_1e8vcs8._.js:776
[ 3523478ms] [LOG] [Fast Refresh] done in 99ms @ http://localhost:5173/_next/static/chunks/node_modules_next_dist_1e8vcs8._.js:776
[ 3523540ms] [LOG] [Fast Refresh] done in 99ms @ http://localhost:5173/_next/static/chunks/node_modules_next_dist_1e8vcs8._.js:776
[ 3523603ms] [LOG] [Fast Refresh] done in 99ms @ http://localhost:5173/_next/static/chunks/node_modules_next_dist_1e8vcs8._.js:776
[ 3523650ms] [LOG] [Fast Refresh] done in 99ms @ http://localhost:5173/_next/static/chunks/node_modules_next_dist_1e8vcs8._.js:776
[ 3523701ms] [LOG] [Fast Refresh] done in 99ms @ http://localhost:5173/_next/static/chunks/node_modules_next_dist_1e8vcs8._.js:776
[ 3523749ms] [LOG] [Fast Refresh] done in 99ms @ http://localhost:5173/_next/static/chunks/node_modules_next_dist_1e8vcs8._.js:776
[ 3523810ms] [LOG] [Fast Refresh] done in 99ms @ http://localhost:5173/_next/static/chunks/node_modules_next_dist_1e8vcs8._.js:776
[ 3523879ms] [LOG] [Fast Refresh] done in 99ms @ http://localhost:5173/_next/static/chunks/node_modules_next_dist_1e8vcs8._.js:776
[ 3523926ms] [LOG] [Fast Refresh] done in 99ms @ http://localhost:5173/_next/static/chunks/node_modules_next_dist_1e8vcs8._.js:776
[ 3523978ms] [LOG] [Fast Refresh] done in 99ms @ http://localhost:5173/_next/static/chunks/node_modules_next_dist_1e8vcs8._.js:776
[ 3524040ms] [LOG] [Fast Refresh] done in 99ms @ http://localhost:5173/_next/static/chunks/node_modules_next_dist_1e8vcs8._.js:776
[ 3524094ms] [LOG] [Fast Refresh] done in 99ms @ http://localhost:5173/_next/static/chunks/node_modules_next_dist_1e8vcs8._.js:776
[ 3524162ms] [LOG] [Fast Refresh] done in 99ms @ http://localhost:5173/_next/static/chunks/node_modules_next_dist_1e8vcs8._.js:776
[ 3524208ms] [LOG] [Fast Refresh] done in 99ms @ http://localhost:5173/_next/static/chunks/node_modules_next_dist_1e8vcs8._.js:776
[ 3524258ms] [LOG] [Fast Refresh] done in 99ms @ http://localhost:5173/_next/static/chunks/node_modules_next_dist_1e8vcs8._.js:776
[ 3524325ms] [LOG] [Fast Refresh] done in 99ms @ http://localhost:5173/_next/static/chunks/node_modules_next_dist_1e8vcs8._.js:776
[ 3524379ms] [LOG] [Fast Refresh] done in 99ms @ http://localhost:5173/_next/static/chunks/node_modules_next_dist_1e8vcs8._.js:776
[ 3524440ms] [LOG] [Fast Refresh] done in 99ms @ http://localhost:5173/_next/static/chunks/node_modules_next_dist_1e8vcs8._.js:776
[ 3524509ms] [LOG] [Fast Refresh] done in 99ms @ http://localhost:5173/_next/static/chunks/node_modules_next_dist_1e8vcs8._.js:776
[ 3524556ms] [LOG] [Fast Refresh] done in 99ms @ http://localhost:5173/_next/static/chunks/node_modules_next_dist_1e8vcs8._.js:776
[ 3524609ms] [LOG] [Fast Refresh] done in 99ms @ http://localhost:5173/_next/static/chunks/node_modules_next_dist_1e8vcs8._.js:776
[ 3524669ms] [LOG] [Fast Refresh] done in 99ms @ http://localhost:5173/_next/static/chunks/node_modules_next_dist_1e8vcs8._.js:776
[ 3524718ms] [LOG] [Fast Refresh] done in 99ms @ http://localhost:5173/_next/static/chunks/node_modules_next_dist_1e8vcs8._.js:776
[ 3524786ms] [LOG] [Fast Refresh] done in 99ms @ http://localhost:5173/_next/static/chunks/node_modules_next_dist_1e8vcs8._.js:776
[ 3524832ms] [LOG] [Fast Refresh] done in 99ms @ http://localhost:5173/_next/static/chunks/node_modules_next_dist_1e8vcs8._.js:776
[ 3524886ms] [LOG] [Fast Refresh] done in 99ms @ http://localhost:5173/_next/static/chunks/node_modules_next_dist_1e8vcs8._.js:776
[ 3524948ms] [LOG] [Fast Refresh] done in 99ms @ http://localhost:5173/_next/static/chunks/node_modules_next_dist_1e8vcs8._.js:776
[ 3525009ms] [LOG] [Fast Refresh] done in 99ms @ http://localhost:5173/_next/static/chunks/node_modules_next_dist_1e8vcs8._.js:776
[ 3525072ms] [LOG] [Fast Refresh] done in 99ms @ http://localhost:5173/_next/static/chunks/node_modules_next_dist_1e8vcs8._.js:776
[ 3525117ms] [LOG] [Fast Refresh] done in 99ms @ http://localhost:5173/_next/static/chunks/node_modules_next_dist_1e8vcs8._.js:776
[ 3525179ms] [LOG] [Fast Refresh] done in 99ms @ http://localhost:5173/_next/static/chunks/node_modules_next_dist_1e8vcs8._.js:776
[ 3525240ms] [LOG] [Fast Refresh] done in 99ms @ http://localhost:5173/_next/static/chunks/node_modules_next_dist_1e8vcs8._.js:776
[ 3525300ms] [LOG] [Fast Refresh] done in 99ms @ http://localhost:5173/_next/static/chunks/node_modules_next_dist_1e8vcs8._.js:776
[ 3525343ms] [LOG] [Fast Refresh] done in 99ms @ http://localhost:5173/_next/static/chunks/node_modules_next_dist_1e8vcs8._.js:776
[ 3525392ms] [LOG] [Fast Refresh] done in 99ms @ http://localhost:5173/_next/static/chunks/node_modules_next_dist_1e8vcs8._.js:776
[ 3525458ms] [LOG] [Fast Refresh] done in 99ms @ http://localhost:5173/_next/static/chunks/node_modules_next_dist_1e8vcs8._.js:776
[ 3525518ms] [LOG] [Fast Refresh] done in 99ms @ http://localhost:5173/_next/static/chunks/node_modules_next_dist_1e8vcs8._.js:776
[ 3525568ms] [LOG] [Fast Refresh] done in 99ms @ http://localhost:5173/_next/static/chunks/node_modules_next_dist_1e8vcs8._.js:776
[ 3525618ms] [LOG] [Fast Refresh] done in 99ms @ http://localhost:5173/_next/static/chunks/node_modules_next_dist_1e8vcs8._.js:776
[ 3525676ms] [LOG] [Fast Refresh] done in 99ms @ http://localhost:5173/_next/static/chunks/node_modules_next_dist_1e8vcs8._.js:776
[ 3525723ms] [LOG] [Fast Refresh] done in 99ms @ http://localhost:5173/_next/static/chunks/node_modules_next_dist_1e8vcs8._.js:776
[ 3525787ms] [LOG] [Fast Refresh] done in 99ms @ http://localhost:5173/_next/static/chunks/node_modules_next_dist_1e8vcs8._.js:776
[ 3525849ms] [LOG] [Fast Refresh] done in 99ms @ http://localhost:5173/_next/static/chunks/node_modules_next_dist_1e8vcs8._.js:776
[ 3525902ms] [LOG] [Fast Refresh] done in 99ms @ http://localhost:5173/_next/static/chunks/node_modules_next_dist_1e8vcs8._.js:776
[ 3525964ms] [LOG] [Fast Refresh] done in 99ms @ http://localhost:5173/_next/static/chunks/node_modules_next_dist_1e8vcs8._.js:776
[ 3526033ms] [LOG] [Fast Refresh] done in 99ms @ http://localhost:5173/_next/static/chunks/node_modules_next_dist_1e8vcs8._.js:776
[ 3526095ms] [LOG] [Fast Refresh] done in 99ms @ http://localhost:5173/_next/static/chunks/node_modules_next_dist_1e8vcs8._.js:776
[ 3526158ms] [LOG] [Fast Refresh] done in 99ms @ http://localhost:5173/_next/static/chunks/node_modules_next_dist_1e8vcs8._.js:776
[ 3526207ms] [LOG] [Fast Refresh] done in 99ms @ http://localhost:5173/_next/static/chunks/node_modules_next_dist_1e8vcs8._.js:776
[ 3526279ms] [LOG] [Fast Refresh] done in 99ms @ http://localhost:5173/_next/static/chunks/node_modules_next_dist_1e8vcs8._.js:776
[ 3526341ms] [LOG] [Fast Refresh] done in 99ms @ http://localhost:5173/_next/static/chunks/node_modules_next_dist_1e8vcs8._.js:776
[ 3526409ms] [LOG] [Fast Refresh] done in 99ms @ http://localhost:5173/_next/static/chunks/node_modules_next_dist_1e8vcs8._.js:776
[ 3526475ms] [LOG] [Fast Refresh] done in 99ms @ http://localhost:5173/_next/static/chunks/node_modules_next_dist_1e8vcs8._.js:776
[ 3526518ms] [LOG] [Fast Refresh] done in 99ms @ http://localhost:5173/_next/static/chunks/node_modules_next_dist_1e8vcs8._.js:776
[ 3526584ms] [LOG] [Fast Refresh] done in 99ms @ http://localhost:5173/_next/static/chunks/node_modules_next_dist_1e8vcs8._.js:776
[ 3526646ms] [LOG] [Fast Refresh] done in 99ms @ http://localhost:5173/_next/static/chunks/node_modules_next_dist_1e8vcs8._.js:776
[ 3526694ms] [LOG] [Fast Refresh] done in 99ms @ http://localhost:5173/_next/static/chunks/node_modules_next_dist_1e8vcs8._.js:776
[ 3526759ms] [LOG] [Fast Refresh] done in 99ms @ http://localhost:5173/_next/static/chunks/node_modules_next_dist_1e8vcs8._.js:776
[ 3526817ms] [LOG] [Fast Refresh] done in 99ms @ http://localhost:5173/_next/static/chunks/node_modules_next_dist_1e8vcs8._.js:776
[ 3526865ms] [LOG] [Fast Refresh] done in 99ms @ http://localhost:5173/_next/static/chunks/node_modules_next_dist_1e8vcs8._.js:776
[ 3526927ms] [LOG] [Fast Refresh] done in 99ms @ http://localhost:5173/_next/static/chunks/node_modules_next_dist_1e8vcs8._.js:776
[ 3526975ms] [LOG] [Fast Refresh] done in 99ms @ http://localhost:5173/_next/static/chunks/node_modules_next_dist_1e8vcs8._.js:776
[ 3527023ms] [LOG] [Fast Refresh] done in 99ms @ http://localhost:5173/_next/static/chunks/node_modules_next_dist_1e8vcs8._.js:776
[ 3527076ms] [LOG] [Fast Refresh] done in 99ms @ http://localhost:5173/_next/static/chunks/node_modules_next_dist_1e8vcs8._.js:776
[ 3527139ms] [LOG] [Fast Refresh] done in 99ms @ http://localhost:5173/_next/static/chunks/node_modules_next_dist_1e8vcs8._.js:776
[ 3527191ms] [LOG] [Fast Refresh] done in 99ms @ http://localhost:5173/_next/static/chunks/node_modules_next_dist_1e8vcs8._.js:776
[ 3527254ms] [LOG] [Fast Refresh] done in 99ms @ http://localhost:5173/_next/static/chunks/node_modules_next_dist_1e8vcs8._.js:776
[ 3527309ms] [LOG] [Fast Refresh] done in 99ms @ http://localhost:5173/_next/static/chunks/node_modules_next_dist_1e8vcs8._.js:776
[ 3527371ms] [LOG] [Fast Refresh] done in 99ms @ http://localhost:5173/_next/static/chunks/node_modules_next_dist_1e8vcs8._.js:776
[ 3527419ms] [LOG] [Fast Refresh] done in 99ms @ http://localhost:5173/_next/static/chunks/node_modules_next_dist_1e8vcs8._.js:776
[ 3527489ms] [LOG] [Fast Refresh] done in 99ms @ http://localhost:5173/_next/static/chunks/node_modules_next_dist_1e8vcs8._.js:776
[ 3527553ms] [LOG] [Fast Refresh] done in 99ms @ http://localhost:5173/_next/static/chunks/node_modules_next_dist_1e8vcs8._.js:776
[ 3527601ms] [LOG] [Fast Refresh] done in 99ms @ http://localhost:5173/_next/static/chunks/node_modules_next_dist_1e8vcs8._.js:776
[ 3527653ms] [LOG] [Fast Refresh] done in 99ms @ http://localhost:5173/_next/static/chunks/node_modules_next_dist_1e8vcs8._.js:776
[ 3527700ms] [LOG] [Fast Refresh] done in 99ms @ http://localhost:5173/_next/static/chunks/node_modules_next_dist_1e8vcs8._.js:776
[ 3527763ms] [LOG] [Fast Refresh] done in 99ms @ http://localhost:5173/_next/static/chunks/node_modules_next_dist_1e8vcs8._.js:776
[ 3527826ms] [LOG] [Fast Refresh] done in 99ms @ http://localhost:5173/_next/static/chunks/node_modules_next_dist_1e8vcs8._.js:776
[ 3527886ms] [LOG] [Fast Refresh] done in 99ms @ http://localhost:5173/_next/static/chunks/node_modules_next_dist_1e8vcs8._.js:776
[ 3527949ms] [LOG] [Fast Refresh] done in 99ms @ http://localhost:5173/_next/static/chunks/node_modules_next_dist_1e8vcs8._.js:776
[ 3527995ms] [LOG] [Fast Refresh] done in 99ms @ http://localhost:5173/_next/static/chunks/node_modules_next_dist_1e8vcs8._.js:776
[ 3528059ms] [LOG] [Fast Refresh] done in 99ms @ http://localhost:5173/_next/static/chunks/node_modules_next_dist_1e8vcs8._.js:776
[ 3528122ms] [LOG] [Fast Refresh] done in 99ms @ http://localhost:5173/_next/static/chunks/node_modules_next_dist_1e8vcs8._.js:776
[ 3528173ms] [LOG] [Fast Refresh] done in 99ms @ http://localhost:5173/_next/static/chunks/node_modules_next_dist_1e8vcs8._.js:776
[ 3528211ms] [LOG] [Fast Refresh] done in 99ms @ http://localhost:5173/_next/static/chunks/node_modules_next_dist_1e8vcs8._.js:776
[ 3528277ms] [LOG] [Fast Refresh] done in 99ms @ http://localhost:5173/_next/static/chunks/node_modules_next_dist_1e8vcs8._.js:776
[ 3528324ms] [LOG] [Fast Refresh] done in 99ms @ http://localhost:5173/_next/static/chunks/node_modules_next_dist_1e8vcs8._.js:776
[ 3528387ms] [LOG] [Fast Refresh] done in 99ms @ http://localhost:5173/_next/static/chunks/node_modules_next_dist_1e8vcs8._.js:776
[ 3528449ms] [LOG] [Fast Refresh] done in 99ms @ http://localhost:5173/_next/static/chunks/node_modules_next_dist_1e8vcs8._.js:776
[ 3528502ms] [LOG] [Fast Refresh] done in 99ms @ http://localhost:5173/_next/static/chunks/node_modules_next_dist_1e8vcs8._.js:776
[ 3528559ms] [LOG] [Fast Refresh] done in 99ms @ http://localhost:5173/_next/static/chunks/node_modules_next_dist_1e8vcs8._.js:776
[ 3528624ms] [LOG] [Fast Refresh] done in 99ms @ http://localhost:5173/_next/static/chunks/node_modules_next_dist_1e8vcs8._.js:776
[ 3528678ms] [LOG] [Fast Refresh] done in 99ms @ http://localhost:5173/_next/static/chunks/node_modules_next_dist_1e8vcs8._.js:776
[ 3528738ms] [LOG] [Fast Refresh] done in 99ms @ http://localhost:5173/_next/static/chunks/node_modules_next_dist_1e8vcs8._.js:776
[ 3528787ms] [LOG] [Fast Refresh] done in 99ms @ http://localhost:5173/_next/static/chunks/node_modules_next_dist_1e8vcs8._.js:776
[ 3528848ms] [LOG] [Fast Refresh] done in 99ms @ http://localhost:5173/_next/static/chunks/node_modules_next_dist_1e8vcs8._.js:776
[ 3528911ms] [LOG] [Fast Refresh] done in 99ms @ http://localhost:5173/_next/static/chunks/node_modules_next_dist_1e8vcs8._.js:776
[ 3528979ms] [LOG] [Fast Refresh] done in 99ms @ http://localhost:5173/_next/static/chunks/node_modules_next_dist_1e8vcs8._.js:776
[ 3529026ms] [LOG] [Fast Refresh] done in 99ms @ http://localhost:5173/_next/static/chunks/node_modules_next_dist_1e8vcs8._.js:776
[ 3529079ms] [LOG] [Fast Refresh] done in 99ms @ http://localhost:5173/_next/static/chunks/node_modules_next_dist_1e8vcs8._.js:776
[ 3529125ms] [LOG] [Fast Refresh] done in 99ms @ http://localhost:5173/_next/static/chunks/node_modules_next_dist_1e8vcs8._.js:776
[ 3529179ms] [LOG] [Fast Refresh] done in 99ms @ http://localhost:5173/_next/static/chunks/node_modules_next_dist_1e8vcs8._.js:776
[ 3529228ms] [LOG] [Fast Refresh] done in 99ms @ http://localhost:5173/_next/static/chunks/node_modules_next_dist_1e8vcs8._.js:776
[ 3529279ms] [LOG] [Fast Refresh] done in 99ms @ http://localhost:5173/_next/static/chunks/node_modules_next_dist_1e8vcs8._.js:776
[ 3529341ms] [LOG] [Fast Refresh] done in 99ms @ http://localhost:5173/_next/static/chunks/node_modules_next_dist_1e8vcs8._.js:776
[ 3529394ms] [LOG] [Fast Refresh] done in 99ms @ http://localhost:5173/_next/static/chunks/node_modules_next_dist_1e8vcs8._.js:776
[ 3529457ms] [LOG] [Fast Refresh] done in 99ms @ http://localhost:5173/_next/static/chunks/node_modules_next_dist_1e8vcs8._.js:776
[ 3529528ms] [LOG] [Fast Refresh] done in 99ms @ http://localhost:5173/_next/static/chunks/node_modules_next_dist_1e8vcs8._.js:776
[ 3529578ms] [LOG] [Fast Refresh] done in 99ms @ http://localhost:5173/_next/static/chunks/node_modules_next_dist_1e8vcs8._.js:776
[ 3529626ms] [LOG] [Fast Refresh] done in 99ms @ http://localhost:5173/_next/static/chunks/node_modules_next_dist_1e8vcs8._.js:776
[ 3529678ms] [LOG] [Fast Refresh] done in 99ms @ http://localhost:5173/_next/static/chunks/node_modules_next_dist_1e8vcs8._.js:776
[ 3529740ms] [LOG] [Fast Refresh] done in 99ms @ http://localhost:5173/_next/static/chunks/node_modules_next_dist_1e8vcs8._.js:776
[ 3529793ms] [LOG] [Fast Refresh] done in 99ms @ http://localhost:5173/_next/static/chunks/node_modules_next_dist_1e8vcs8._.js:776
[ 3529859ms] [LOG] [Fast Refresh] done in 99ms @ http://localhost:5173/_next/static/chunks/node_modules_next_dist_1e8vcs8._.js:776
[ 3529925ms] [LOG] [Fast Refresh] done in 99ms @ http://localhost:5173/_next/static/chunks/node_modules_next_dist_1e8vcs8._.js:776
[ 3529986ms] [LOG] [Fast Refresh] done in 99ms @ http://localhost:5173/_next/static/chunks/node_modules_next_dist_1e8vcs8._.js:776
[ 3530048ms] [LOG] [Fast Refresh] done in 99ms @ http://localhost:5173/_next/static/chunks/node_modules_next_dist_1e8vcs8._.js:776
[ 3530095ms] [LOG] [Fast Refresh] done in 99ms @ http://localhost:5173/_next/static/chunks/node_modules_next_dist_1e8vcs8._.js:776
[ 3530142ms] [LOG] [Fast Refresh] done in 99ms @ http://localhost:5173/_next/static/chunks/node_modules_next_dist_1e8vcs8._.js:776
[ 3530191ms] [LOG] [Fast Refresh] done in 99ms @ http://localhost:5173/_next/static/chunks/node_modules_next_dist_1e8vcs8._.js:776
[ 3530254ms] [LOG] [Fast Refresh] done in 99ms @ http://localhost:5173/_next/static/chunks/node_modules_next_dist_1e8vcs8._.js:776
[ 3530301ms] [LOG] [Fast Refresh] done in 99ms @ http://localhost:5173/_next/static/chunks/node_modules_next_dist_1e8vcs8._.js:776
[ 3530358ms] [LOG] [Fast Refresh] done in 99ms @ http://localhost:5173/_next/static/chunks/node_modules_next_dist_1e8vcs8._.js:776
[ 3530425ms] [LOG] [Fast Refresh] done in 99ms @ http://localhost:5173/_next/static/chunks/node_modules_next_dist_1e8vcs8._.js:776
[ 3530487ms] [LOG] [Fast Refresh] done in 99ms @ http://localhost:5173/_next/static/chunks/node_modules_next_dist_1e8vcs8._.js:776
[ 3530554ms] [LOG] [Fast Refresh] done in 99ms @ http://localhost:5173/_next/static/chunks/node_modules_next_dist_1e8vcs8._.js:776
[ 3530616ms] [LOG] [Fast Refresh] done in 99ms @ http://localhost:5173/_next/static/chunks/node_modules_next_dist_1e8vcs8._.js:776
[ 3530678ms] [LOG] [Fast Refresh] done in 99ms @ http://localhost:5173/_next/static/chunks/node_modules_next_dist_1e8vcs8._.js:776
[ 3530727ms] [LOG] [Fast Refresh] done in 99ms @ http://localhost:5173/_next/static/chunks/node_modules_next_dist_1e8vcs8._.js:776
[ 3530778ms] [LOG] [Fast Refresh] done in 99ms @ http://localhost:5173/_next/static/chunks/node_modules_next_dist_1e8vcs8._.js:776
[ 3530840ms] [LOG] [Fast Refresh] done in 99ms @ http://localhost:5173/_next/static/chunks/node_modules_next_dist_1e8vcs8._.js:776
[ 3530900ms] [LOG] [Fast Refresh] done in 99ms @ http://localhost:5173/_next/static/chunks/node_modules_next_dist_1e8vcs8._.js:776
[ 3530963ms] [LOG] [Fast Refresh] done in 99ms @ http://localhost:5173/_next/static/chunks/node_modules_next_dist_1e8vcs8._.js:776
[ 3531021ms] [LOG] [Fast Refresh] done in 99ms @ http://localhost:5173/_next/static/chunks/node_modules_next_dist_1e8vcs8._.js:776
[ 3531086ms] [LOG] [Fast Refresh] done in 99ms @ http://localhost:5173/_next/static/chunks/node_modules_next_dist_1e8vcs8._.js:776
[ 3531134ms] [LOG] [Fast Refresh] done in 99ms @ http://localhost:5173/_next/static/chunks/node_modules_next_dist_1e8vcs8._.js:776
[ 3531193ms] [LOG] [Fast Refresh] done in 99ms @ http://localhost:5173/_next/static/chunks/node_modules_next_dist_1e8vcs8._.js:776
[ 3531256ms] [LOG] [Fast Refresh] done in 99ms @ http://localhost:5173/_next/static/chunks/node_modules_next_dist_1e8vcs8._.js:776
[ 3531325ms] [LOG] [Fast Refresh] done in 99ms @ http://localhost:5173/_next/static/chunks/node_modules_next_dist_1e8vcs8._.js:776
[ 3531386ms] [LOG] [Fast Refresh] done in 99ms @ http://localhost:5173/_next/static/chunks/node_modules_next_dist_1e8vcs8._.js:776
[ 3531455ms] [LOG] [Fast Refresh] done in 99ms @ http://localhost:5173/_next/static/chunks/node_modules_next_dist_1e8vcs8._.js:776
[ 3531512ms] [LOG] [Fast Refresh] done in 99ms @ http://localhost:5173/_next/static/chunks/node_modules_next_dist_1e8vcs8._.js:776
[ 3531579ms] [LOG] [Fast Refresh] done in 99ms @ http://localhost:5173/_next/static/chunks/node_modules_next_dist_1e8vcs8._.js:776
[ 3531627ms] [LOG] [Fast Refresh] done in 99ms @ http://localhost:5173/_next/static/chunks/node_modules_next_dist_1e8vcs8._.js:776
[ 3531678ms] [LOG] [Fast Refresh] done in 99ms @ http://localhost:5173/_next/static/chunks/node_modules_next_dist_1e8vcs8._.js:776
[ 3531740ms] [LOG] [Fast Refresh] done in 99ms @ http://localhost:5173/_next/static/chunks/node_modules_next_dist_1e8vcs8._.js:776
[ 3531808ms] [LOG] [Fast Refresh] done in 99ms @ http://localhost:5173/_next/static/chunks/node_modules_next_dist_1e8vcs8._.js:776
[ 3531858ms] [LOG] [Fast Refresh] done in 99ms @ http://localhost:5173/_next/static/chunks/node_modules_next_dist_1e8vcs8._.js:776
[ 3531922ms] [LOG] [Fast Refresh] done in 99ms @ http://localhost:5173/_next/static/chunks/node_modules_next_dist_1e8vcs8._.js:776
[ 3531986ms] [LOG] [Fast Refresh] done in 99ms @ http://localhost:5173/_next/static/chunks/node_modules_next_dist_1e8vcs8._.js:776
[ 3532048ms] [LOG] [Fast Refresh] done in 99ms @ http://localhost:5173/_next/static/chunks/node_modules_next_dist_1e8vcs8._.js:776
[ 3532101ms] [LOG] [Fast Refresh] done in 99ms @ http://localhost:5173/_next/static/chunks/node_modules_next_dist_1e8vcs8._.js:776
[ 3532165ms] [LOG] [Fast Refresh] done in 99ms @ http://localhost:5173/_next/static/chunks/node_modules_next_dist_1e8vcs8._.js:776
[ 3532211ms] [LOG] [Fast Refresh] done in 99ms @ http://localhost:5173/_next/static/chunks/node_modules_next_dist_1e8vcs8._.js:776
[ 3532258ms] [LOG] [Fast Refresh] done in 99ms @ http://localhost:5173/_next/static/chunks/node_modules_next_dist_1e8vcs8._.js:776
[ 3532309ms] [LOG] [Fast Refresh] done in 99ms @ http://localhost:5173/_next/static/chunks/node_modules_next_dist_1e8vcs8._.js:776
[ 3532378ms] [LOG] [Fast Refresh] done in 99ms @ http://localhost:5173/_next/static/chunks/node_modules_next_dist_1e8vcs8._.js:776
[ 3532428ms] [LOG] [Fast Refresh] done in 99ms @ http://localhost:5173/_next/static/chunks/node_modules_next_dist_1e8vcs8._.js:776
[ 3532478ms] [LOG] [Fast Refresh] done in 99ms @ http://localhost:5173/_next/static/chunks/node_modules_next_dist_1e8vcs8._.js:776
[ 3532529ms] [LOG] [Fast Refresh] done in 99ms @ http://localhost:5173/_next/static/chunks/node_modules_next_dist_1e8vcs8._.js:776
[ 3532587ms] [LOG] [Fast Refresh] done in 99ms @ http://localhost:5173/_next/static/chunks/node_modules_next_dist_1e8vcs8._.js:776
[ 3532648ms] [LOG] [Fast Refresh] done in 99ms @ http://localhost:5173/_next/static/chunks/node_modules_next_dist_1e8vcs8._.js:776
[ 3532710ms] [LOG] [Fast Refresh] done in 99ms @ http://localhost:5173/_next/static/chunks/node_modules_next_dist_1e8vcs8._.js:776
[ 3532757ms] [LOG] [Fast Refresh] done in 99ms @ http://localhost:5173/_next/static/chunks/node_modules_next_dist_1e8vcs8._.js:776
[ 3532817ms] [LOG] [Fast Refresh] done in 99ms @ http://localhost:5173/_next/static/chunks/node_modules_next_dist_1e8vcs8._.js:776
[ 3532878ms] [LOG] [Fast Refresh] done in 99ms @ http://localhost:5173/_next/static/chunks/node_modules_next_dist_1e8vcs8._.js:776
[ 3532941ms] [LOG] [Fast Refresh] done in 99ms @ http://localhost:5173/_next/static/chunks/node_modules_next_dist_1e8vcs8._.js:776
[ 3532994ms] [LOG] [Fast Refresh] done in 99ms @ http://localhost:5173/_next/static/chunks/node_modules_next_dist_1e8vcs8._.js:776
[ 3533056ms] [LOG] [Fast Refresh] done in 99ms @ http://localhost:5173/_next/static/chunks/node_modules_next_dist_1e8vcs8._.js:776
[ 3533126ms] [LOG] [Fast Refresh] done in 99ms @ http://localhost:5173/_next/static/chunks/node_modules_next_dist_1e8vcs8._.js:776
[ 3533187ms] [LOG] [Fast Refresh] done in 99ms @ http://localhost:5173/_next/static/chunks/node_modules_next_dist_1e8vcs8._.js:776
[ 3533236ms] [LOG] [Fast Refresh] done in 99ms @ http://localhost:5173/_next/static/chunks/node_modules_next_dist_1e8vcs8._.js:776
[ 3533286ms] [LOG] [Fast Refresh] done in 99ms @ http://localhost:5173/_next/static/chunks/node_modules_next_dist_1e8vcs8._.js:776
[ 3533348ms] [LOG] [Fast Refresh] done in 99ms @ http://localhost:5173/_next/static/chunks/node_modules_next_dist_1e8vcs8._.js:776
[ 3533410ms] [LOG] [Fast Refresh] done in 99ms @ http://localhost:5173/_next/static/chunks/node_modules_next_dist_1e8vcs8._.js:776
[ 3533459ms] [LOG] [Fast Refresh] done in 99ms @ http://localhost:5173/_next/static/chunks/node_modules_next_dist_1e8vcs8._.js:776
[ 3533528ms] [LOG] [Fast Refresh] done in 99ms @ http://localhost:5173/_next/static/chunks/node_modules_next_dist_1e8vcs8._.js:776
[ 3533578ms] [LOG] [Fast Refresh] done in 99ms @ http://localhost:5173/_next/static/chunks/node_modules_next_dist_1e8vcs8._.js:776
[ 3533625ms] [LOG] [Fast Refresh] done in 99ms @ http://localhost:5173/_next/static/chunks/node_modules_next_dist_1e8vcs8._.js:776
[ 3533679ms] [LOG] [Fast Refresh] done in 99ms @ http://localhost:5173/_next/static/chunks/node_modules_next_dist_1e8vcs8._.js:776
[ 3533729ms] [LOG] [Fast Refresh] done in 99ms @ http://localhost:5173/_next/static/chunks/node_modules_next_dist_1e8vcs8._.js:776
[ 3533777ms] [LOG] [Fast Refresh] done in 99ms @ http://localhost:5173/_next/static/chunks/node_modules_next_dist_1e8vcs8._.js:776
[ 3533828ms] [LOG] [Fast Refresh] done in 99ms @ http://localhost:5173/_next/static/chunks/node_modules_next_dist_1e8vcs8._.js:776
[ 3533878ms] [LOG] [Fast Refresh] done in 99ms @ http://localhost:5173/_next/static/chunks/node_modules_next_dist_1e8vcs8._.js:776
[ 3533940ms] [LOG] [Fast Refresh] done in 99ms @ http://localhost:5173/_next/static/chunks/node_modules_next_dist_1e8vcs8._.js:776
[ 3533994ms] [LOG] [Fast Refresh] done in 99ms @ http://localhost:5173/_next/static/chunks/node_modules_next_dist_1e8vcs8._.js:776
[ 3534055ms] [LOG] [Fast Refresh] done in 99ms @ http://localhost:5173/_next/static/chunks/node_modules_next_dist_1e8vcs8._.js:776
[ 3534118ms] [LOG] [Fast Refresh] done in 99ms @ http://localhost:5173/_next/static/chunks/node_modules_next_dist_1e8vcs8._.js:776
[ 3534168ms] [LOG] [Fast Refresh] done in 99ms @ http://localhost:5173/_next/static/chunks/node_modules_next_dist_1e8vcs8._.js:776
[ 3534211ms] [LOG] [Fast Refresh] done in 99ms @ http://localhost:5173/_next/static/chunks/node_modules_next_dist_1e8vcs8._.js:776
[ 3534278ms] [LOG] [Fast Refresh] done in 99ms @ http://localhost:5173/_next/static/chunks/node_modules_next_dist_1e8vcs8._.js:776
[ 3534341ms] [LOG] [Fast Refresh] done in 99ms @ http://localhost:5173/_next/static/chunks/node_modules_next_dist_1e8vcs8._.js:776
[ 3534394ms] [LOG] [Fast Refresh] done in 99ms @ http://localhost:5173/_next/static/chunks/node_modules_next_dist_1e8vcs8._.js:776
[ 3534456ms] [LOG] [Fast Refresh] done in 99ms @ http://localhost:5173/_next/static/chunks/node_modules_next_dist_1e8vcs8._.js:776
[ 3534678ms] [LOG] [Fast Refresh] done in 99ms @ http://localhost:5173/_next/static/chunks/node_modules_next_dist_1e8vcs8._.js:776
[ 3534741ms] [LOG] [Fast Refresh] done in 99ms @ http://localhost:5173/_next/static/chunks/node_modules_next_dist_1e8vcs8._.js:776
[ 3534855ms] [LOG] [Fast Refresh] done in 99ms @ http://localhost:5173/_next/static/chunks/node_modules_next_dist_1e8vcs8._.js:776
[ 3534909ms] [LOG] [Fast Refresh] done in 99ms @ http://localhost:5173/_next/static/chunks/node_modules_next_dist_1e8vcs8._.js:776
[ 3534971ms] [LOG] [Fast Refresh] done in 99ms @ http://localhost:5173/_next/static/chunks/node_modules_next_dist_1e8vcs8._.js:776
[ 3535036ms] [LOG] [Fast Refresh] done in 99ms @ http://localhost:5173/_next/static/chunks/node_modules_next_dist_1e8vcs8._.js:776
[ 3535086ms] [LOG] [Fast Refresh] done in 99ms @ http://localhost:5173/_next/static/chunks/node_modules_next_dist_1e8vcs8._.js:776
[ 3535148ms] [LOG] [Fast Refresh] done in 99ms @ http://localhost:5173/_next/static/chunks/node_modules_next_dist_1e8vcs8._.js:776
[ 3535210ms] [LOG] [Fast Refresh] done in 99ms @ http://localhost:5173/_next/static/chunks/node_modules_next_dist_1e8vcs8._.js:776
[ 3535259ms] [LOG] [Fast Refresh] done in 99ms @ http://localhost:5173/_next/static/chunks/node_modules_next_dist_1e8vcs8._.js:776
[ 3535325ms] [LOG] [Fast Refresh] done in 99ms @ http://localhost:5173/_next/static/chunks/node_modules_next_dist_1e8vcs8._.js:776
[ 3535379ms] [LOG] [Fast Refresh] done in 99ms @ http://localhost:5173/_next/static/chunks/node_modules_next_dist_1e8vcs8._.js:776
[ 3535439ms] [LOG] [Fast Refresh] done in 99ms @ http://localhost:5173/_next/static/chunks/node_modules_next_dist_1e8vcs8._.js:776
[ 3535503ms] [LOG] [Fast Refresh] done in 99ms @ http://localhost:5173/_next/static/chunks/node_modules_next_dist_1e8vcs8._.js:776
[ 3535566ms] [LOG] [Fast Refresh] done in 99ms @ http://localhost:5173/_next/static/chunks/node_modules_next_dist_1e8vcs8._.js:776
[ 3535619ms] [LOG] [Fast Refresh] done in 99ms @ http://localhost:5173/_next/static/chunks/node_modules_next_dist_1e8vcs8._.js:776
[ 3535666ms] [LOG] [Fast Refresh] done in 99ms @ http://localhost:5173/_next/static/chunks/node_modules_next_dist_1e8vcs8._.js:776
[ 3535723ms] [LOG] [Fast Refresh] done in 99ms @ http://localhost:5173/_next/static/chunks/node_modules_next_dist_1e8vcs8._.js:776
[ 3535778ms] [LOG] [Fast Refresh] done in 99ms @ http://localhost:5173/_next/static/chunks/node_modules_next_dist_1e8vcs8._.js:776
[ 3535840ms] [LOG] [Fast Refresh] done in 99ms @ http://localhost:5173/_next/static/chunks/node_modules_next_dist_1e8vcs8._.js:776
[ 3535894ms] [LOG] [Fast Refresh] done in 99ms @ http://localhost:5173/_next/static/chunks/node_modules_next_dist_1e8vcs8._.js:776
[ 3535943ms] [LOG] [Fast Refresh] done in 99ms @ http://localhost:5173/_next/static/chunks/node_modules_next_dist_1e8vcs8._.js:776
[ 3535995ms] [LOG] [Fast Refresh] done in 99ms @ http://localhost:5173/_next/static/chunks/node_modules_next_dist_1e8vcs8._.js:776
[ 3536059ms] [LOG] [Fast Refresh] done in 99ms @ http://localhost:5173/_next/static/chunks/node_modules_next_dist_1e8vcs8._.js:776
[ 3536112ms] [LOG] [Fast Refresh] done in 99ms @ http://localhost:5173/_next/static/chunks/node_modules_next_dist_1e8vcs8._.js:776
[ 3536171ms] [LOG] [Fast Refresh] done in 99ms @ http://localhost:5173/_next/static/chunks/node_modules_next_dist_1e8vcs8._.js:776
[ 3536233ms] [LOG] [Fast Refresh] done in 99ms @ http://localhost:5173/_next/static/chunks/node_modules_next_dist_1e8vcs8._.js:776
[ 3536291ms] [LOG] [Fast Refresh] done in 99ms @ http://localhost:5173/_next/static/chunks/node_modules_next_dist_1e8vcs8._.js:776
[ 3536345ms] [LOG] [Fast Refresh] done in 99ms @ http://localhost:5173/_next/static/chunks/node_modules_next_dist_1e8vcs8._.js:776
[ 3536393ms] [LOG] [Fast Refresh] done in 99ms @ http://localhost:5173/_next/static/chunks/node_modules_next_dist_1e8vcs8._.js:776
[ 3536447ms] [LOG] [Fast Refresh] done in 99ms @ http://localhost:5173/_next/static/chunks/node_modules_next_dist_1e8vcs8._.js:776
[ 3536494ms] [LOG] [Fast Refresh] done in 99ms @ http://localhost:5173/_next/static/chunks/node_modules_next_dist_1e8vcs8._.js:776
[ 3536541ms] [LOG] [Fast Refresh] done in 99ms @ http://localhost:5173/_next/static/chunks/node_modules_next_dist_1e8vcs8._.js:776
[ 3536595ms] [LOG] [Fast Refresh] done in 99ms @ http://localhost:5173/_next/static/chunks/node_modules_next_dist_1e8vcs8._.js:776
[ 3536655ms] [LOG] [Fast Refresh] done in 99ms @ http://localhost:5173/_next/static/chunks/node_modules_next_dist_1e8vcs8._.js:776
[ 3536717ms] [LOG] [Fast Refresh] done in 99ms @ http://localhost:5173/_next/static/chunks/node_modules_next_dist_1e8vcs8._.js:776
[ 3536786ms] [LOG] [Fast Refresh] done in 99ms @ http://localhost:5173/_next/static/chunks/node_modules_next_dist_1e8vcs8._.js:776
[ 3536849ms] [LOG] [Fast Refresh] done in 99ms @ http://localhost:5173/_next/static/chunks/node_modules_next_dist_1e8vcs8._.js:776
[ 3536910ms] [LOG] [Fast Refresh] done in 99ms @ http://localhost:5173/_next/static/chunks/node_modules_next_dist_1e8vcs8._.js:776
[ 3536979ms] [LOG] [Fast Refresh] done in 99ms @ http://localhost:5173/_next/static/chunks/node_modules_next_dist_1e8vcs8._.js:776
[ 3537041ms] [LOG] [Fast Refresh] done in 99ms @ http://localhost:5173/_next/static/chunks/node_modules_next_dist_1e8vcs8._.js:776
[ 3537094ms] [LOG] [Fast Refresh] done in 99ms @ http://localhost:5173/_next/static/chunks/node_modules_next_dist_1e8vcs8._.js:776
[ 3537157ms] [LOG] [Fast Refresh] done in 99ms @ http://localhost:5173/_next/static/chunks/node_modules_next_dist_1e8vcs8._.js:776
[ 3537225ms] [LOG] [Fast Refresh] done in 99ms @ http://localhost:5173/_next/static/chunks/node_modules_next_dist_1e8vcs8._.js:776
[ 3537286ms] [LOG] [Fast Refresh] done in 99ms @ http://localhost:5173/_next/static/chunks/node_modules_next_dist_1e8vcs8._.js:776
[ 3537347ms] [LOG] [Fast Refresh] done in 99ms @ http://localhost:5173/_next/static/chunks/node_modules_next_dist_1e8vcs8._.js:776
[ 3537394ms] [LOG] [Fast Refresh] done in 99ms @ http://localhost:5173/_next/static/chunks/node_modules_next_dist_1e8vcs8._.js:776
[ 3537457ms] [LOG] [Fast Refresh] done in 99ms @ http://localhost:5173/_next/static/chunks/node_modules_next_dist_1e8vcs8._.js:776
[ 3537525ms] [LOG] [Fast Refresh] done in 99ms @ http://localhost:5173/_next/static/chunks/node_modules_next_dist_1e8vcs8._.js:776
[ 3537578ms] [LOG] [Fast Refresh] done in 99ms @ http://localhost:5173/_next/static/chunks/node_modules_next_dist_1e8vcs8._.js:776
[ 3537629ms] [LOG] [Fast Refresh] done in 99ms @ http://localhost:5173/_next/static/chunks/node_modules_next_dist_1e8vcs8._.js:776
[ 3537678ms] [LOG] [Fast Refresh] done in 99ms @ http://localhost:5173/_next/static/chunks/node_modules_next_dist_1e8vcs8._.js:776
[ 3537740ms] [LOG] [Fast Refresh] done in 99ms @ http://localhost:5173/_next/static/chunks/node_modules_next_dist_1e8vcs8._.js:776
[ 3537794ms] [LOG] [Fast Refresh] done in 99ms @ http://localhost:5173/_next/static/chunks/node_modules_next_dist_1e8vcs8._.js:776
[ 3537858ms] [LOG] [Fast Refresh] done in 99ms @ http://localhost:5173/_next/static/chunks/node_modules_next_dist_1e8vcs8._.js:776
[ 3537908ms] [LOG] [Fast Refresh] done in 99ms @ http://localhost:5173/_next/static/chunks/node_modules_next_dist_1e8vcs8._.js:776
[ 3537979ms] [LOG] [Fast Refresh] done in 99ms @ http://localhost:5173/_next/static/chunks/node_modules_next_dist_1e8vcs8._.js:776
[ 3538039ms] [LOG] [Fast Refresh] done in 99ms @ http://localhost:5173/_next/static/chunks/node_modules_next_dist_1e8vcs8._.js:776
[ 3538093ms] [LOG] [Fast Refresh] done in 99ms @ http://localhost:5173/_next/static/chunks/node_modules_next_dist_1e8vcs8._.js:776
[ 3538158ms] [LOG] [Fast Refresh] done in 99ms @ http://localhost:5173/_next/static/chunks/node_modules_next_dist_1e8vcs8._.js:776
[ 3538229ms] [LOG] [Fast Refresh] done in 99ms @ http://localhost:5173/_next/static/chunks/node_modules_next_dist_1e8vcs8._.js:776
[ 3538279ms] [LOG] [Fast Refresh] done in 99ms @ http://localhost:5173/_next/static/chunks/node_modules_next_dist_1e8vcs8._.js:776
[ 3538328ms] [LOG] [Fast Refresh] done in 99ms @ http://localhost:5173/_next/static/chunks/node_modules_next_dist_1e8vcs8._.js:776
[ 3538379ms] [LOG] [Fast Refresh] done in 99ms @ http://localhost:5173/_next/static/chunks/node_modules_next_dist_1e8vcs8._.js:776
[ 3538424ms] [LOG] [Fast Refresh] done in 99ms @ http://localhost:5173/_next/static/chunks/node_modules_next_dist_1e8vcs8._.js:776
[ 3538485ms] [LOG] [Fast Refresh] done in 99ms @ http://localhost:5173/_next/static/chunks/node_modules_next_dist_1e8vcs8._.js:776
[ 3538548ms] [LOG] [Fast Refresh] done in 99ms @ http://localhost:5173/_next/static/chunks/node_modules_next_dist_1e8vcs8._.js:776
[ 3538595ms] [LOG] [Fast Refresh] done in 99ms @ http://localhost:5173/_next/static/chunks/node_modules_next_dist_1e8vcs8._.js:776
[ 3538659ms] [LOG] [Fast Refresh] done in 99ms @ http://localhost:5173/_next/static/chunks/node_modules_next_dist_1e8vcs8._.js:776
[ 3538718ms] [LOG] [Fast Refresh] done in 99ms @ http://localhost:5173/_next/static/chunks/node_modules_next_dist_1e8vcs8._.js:776
[ 3538765ms] [LOG] [Fast Refresh] done in 99ms @ http://localhost:5173/_next/static/chunks/node_modules_next_dist_1e8vcs8._.js:776
[ 3538827ms] [LOG] [Fast Refresh] done in 99ms @ http://localhost:5173/_next/static/chunks/node_modules_next_dist_1e8vcs8._.js:776
[ 3538878ms] [LOG] [Fast Refresh] done in 99ms @ http://localhost:5173/_next/static/chunks/node_modules_next_dist_1e8vcs8._.js:776
[ 3538925ms] [LOG] [Fast Refresh] done in 99ms @ http://localhost:5173/_next/static/chunks/node_modules_next_dist_1e8vcs8._.js:776
[ 3538978ms] [LOG] [Fast Refresh] done in 99ms @ http://localhost:5173/_next/static/chunks/node_modules_next_dist_1e8vcs8._.js:776
[ 3539040ms] [LOG] [Fast Refresh] done in 99ms @ http://localhost:5173/_next/static/chunks/node_modules_next_dist_1e8vcs8._.js:776
[ 3539094ms] [LOG] [Fast Refresh] done in 99ms @ http://localhost:5173/_next/static/chunks/node_modules_next_dist_1e8vcs8._.js:776
[ 3539155ms] [LOG] [Fast Refresh] done in 99ms @ http://localhost:5173/_next/static/chunks/node_modules_next_dist_1e8vcs8._.js:776
[ 3539217ms] [LOG] [Fast Refresh] done in 99ms @ http://localhost:5173/_next/static/chunks/node_modules_next_dist_1e8vcs8._.js:776
[ 3539279ms] [LOG] [Fast Refresh] done in 99ms @ http://localhost:5173/_next/static/chunks/node_modules_next_dist_1e8vcs8._.js:776
[ 3539326ms] [LOG] [Fast Refresh] done in 99ms @ http://localhost:5173/_next/static/chunks/node_modules_next_dist_1e8vcs8._.js:776
[ 3539378ms] [LOG] [Fast Refresh] done in 99ms @ http://localhost:5173/_next/static/chunks/node_modules_next_dist_1e8vcs8._.js:776
[ 3539425ms] [LOG] [Fast Refresh] done in 99ms @ http://localhost:5173/_next/static/chunks/node_modules_next_dist_1e8vcs8._.js:776
[ 3539478ms] [LOG] [Fast Refresh] done in 99ms @ http://localhost:5173/_next/static/chunks/node_modules_next_dist_1e8vcs8._.js:776
[ 3539541ms] [LOG] [Fast Refresh] done in 99ms @ http://localhost:5173/_next/static/chunks/node_modules_next_dist_1e8vcs8._.js:776
[ 3539594ms] [LOG] [Fast Refresh] done in 99ms @ http://localhost:5173/_next/static/chunks/node_modules_next_dist_1e8vcs8._.js:776
[ 3539643ms] [LOG] [Fast Refresh] done in 99ms @ http://localhost:5173/_next/static/chunks/node_modules_next_dist_1e8vcs8._.js:776
[ 3539694ms] [LOG] [Fast Refresh] done in 99ms @ http://localhost:5173/_next/static/chunks/node_modules_next_dist_1e8vcs8._.js:776
[ 3539757ms] [LOG] [Fast Refresh] done in 99ms @ http://localhost:5173/_next/static/chunks/node_modules_next_dist_1e8vcs8._.js:776
[ 3539825ms] [LOG] [Fast Refresh] done in 99ms @ http://localhost:5173/_next/static/chunks/node_modules_next_dist_1e8vcs8._.js:776
[ 3539878ms] [LOG] [Fast Refresh] done in 99ms @ http://localhost:5173/_next/static/chunks/node_modules_next_dist_1e8vcs8._.js:776
[ 3539940ms] [LOG] [Fast Refresh] done in 99ms @ http://localhost:5173/_next/static/chunks/node_modules_next_dist_1e8vcs8._.js:776
[ 3539994ms] [LOG] [Fast Refresh] done in 99ms @ http://localhost:5173/_next/static/chunks/node_modules_next_dist_1e8vcs8._.js:776
[ 3540043ms] [LOG] [Fast Refresh] done in 99ms @ http://localhost:5173/_next/static/chunks/node_modules_next_dist_1e8vcs8._.js:776
[ 3540102ms] [LOG] [Fast Refresh] done in 99ms @ http://localhost:5173/_next/static/chunks/node_modules_next_dist_1e8vcs8._.js:776
[ 3540151ms] [LOG] [Fast Refresh] done in 99ms @ http://localhost:5173/_next/static/chunks/node_modules_next_dist_1e8vcs8._.js:776
[ 3540206ms] [LOG] [Fast Refresh] done in 99ms @ http://localhost:5173/_next/static/chunks/node_modules_next_dist_1e8vcs8._.js:776
[ 3540279ms] [LOG] [Fast Refresh] done in 99ms @ http://localhost:5173/_next/static/chunks/node_modules_next_dist_1e8vcs8._.js:776
[ 3540341ms] [LOG] [Fast Refresh] done in 99ms @ http://localhost:5173/_next/static/chunks/node_modules_next_dist_1e8vcs8._.js:776
[ 3540394ms] [LOG] [Fast Refresh] done in 99ms @ http://localhost:5173/_next/static/chunks/node_modules_next_dist_1e8vcs8._.js:776
[ 3540456ms] [LOG] [Fast Refresh] done in 99ms @ http://localhost:5173/_next/static/chunks/node_modules_next_dist_1e8vcs8._.js:776
[ 3540516ms] [LOG] [Fast Refresh] done in 99ms @ http://localhost:5173/_next/static/chunks/node_modules_next_dist_1e8vcs8._.js:776
[ 3540564ms] [LOG] [Fast Refresh] done in 99ms @ http://localhost:5173/_next/static/chunks/node_modules_next_dist_1e8vcs8._.js:776
[ 3540626ms] [LOG] [Fast Refresh] done in 99ms @ http://localhost:5173/_next/static/chunks/node_modules_next_dist_1e8vcs8._.js:776
[ 3540679ms] [LOG] [Fast Refresh] done in 99ms @ http://localhost:5173/_next/static/chunks/node_modules_next_dist_1e8vcs8._.js:776
[ 3540740ms] [LOG] [Fast Refresh] done in 99ms @ http://localhost:5173/_next/static/chunks/node_modules_next_dist_1e8vcs8._.js:776
[ 3540793ms] [LOG] [Fast Refresh] done in 99ms @ http://localhost:5173/_next/static/chunks/node_modules_next_dist_1e8vcs8._.js:776
[ 3540855ms] [LOG] [Fast Refresh] done in 99ms @ http://localhost:5173/_next/static/chunks/node_modules_next_dist_1e8vcs8._.js:776
[ 3540917ms] [LOG] [Fast Refresh] done in 99ms @ http://localhost:5173/_next/static/chunks/node_modules_next_dist_1e8vcs8._.js:776
[ 3540964ms] [LOG] [Fast Refresh] done in 99ms @ http://localhost:5173/_next/static/chunks/node_modules_next_dist_1e8vcs8._.js:776
[ 3541033ms] [LOG] [Fast Refresh] done in 99ms @ http://localhost:5173/_next/static/chunks/node_modules_next_dist_1e8vcs8._.js:776
[ 3541080ms] [LOG] [Fast Refresh] done in 99ms @ http://localhost:5173/_next/static/chunks/node_modules_next_dist_1e8vcs8._.js:776
[ 3541142ms] [LOG] [Fast Refresh] done in 99ms @ http://localhost:5173/_next/static/chunks/node_modules_next_dist_1e8vcs8._.js:776
[ 3541194ms] [LOG] [Fast Refresh] done in 99ms @ http://localhost:5173/_next/static/chunks/node_modules_next_dist_1e8vcs8._.js:776
[ 3541241ms] [LOG] [Fast Refresh] done in 99ms @ http://localhost:5173/_next/static/chunks/node_modules_next_dist_1e8vcs8._.js:776
[ 3541294ms] [LOG] [Fast Refresh] done in 99ms @ http://localhost:5173/_next/static/chunks/node_modules_next_dist_1e8vcs8._.js:776
[ 3541355ms] [LOG] [Fast Refresh] done in 99ms @ http://localhost:5173/_next/static/chunks/node_modules_next_dist_1e8vcs8._.js:776
[ 3541417ms] [LOG] [Fast Refresh] done in 99ms @ http://localhost:5173/_next/static/chunks/node_modules_next_dist_1e8vcs8._.js:776
[ 3541464ms] [LOG] [Fast Refresh] done in 99ms @ http://localhost:5173/_next/static/chunks/node_modules_next_dist_1e8vcs8._.js:776
[ 3541514ms] [LOG] [Fast Refresh] done in 99ms @ http://localhost:5173/_next/static/chunks/node_modules_next_dist_1e8vcs8._.js:776
[ 3541562ms] [LOG] [Fast Refresh] done in 99ms @ http://localhost:5173/_next/static/chunks/node_modules_next_dist_1e8vcs8._.js:776
[ 3541613ms] [LOG] [Fast Refresh] done in 99ms @ http://localhost:5173/_next/static/chunks/node_modules_next_dist_1e8vcs8._.js:776
[ 3541661ms] [LOG] [Fast Refresh] done in 99ms @ http://localhost:5173/_next/static/chunks/node_modules_next_dist_1e8vcs8._.js:776
[ 3541727ms] [LOG] [Fast Refresh] done in 99ms @ http://localhost:5173/_next/static/chunks/node_modules_next_dist_1e8vcs8._.js:776
[ 3541778ms] [LOG] [Fast Refresh] done in 99ms @ http://localhost:5173/_next/static/chunks/node_modules_next_dist_1e8vcs8._.js:776
[ 3541842ms] [LOG] [Fast Refresh] done in 99ms @ http://localhost:5173/_next/static/chunks/node_modules_next_dist_1e8vcs8._.js:776
[ 3541894ms] [LOG] [Fast Refresh] done in 99ms @ http://localhost:5173/_next/static/chunks/node_modules_next_dist_1e8vcs8._.js:776
[ 3541942ms] [LOG] [Fast Refresh] done in 99ms @ http://localhost:5173/_next/static/chunks/node_modules_next_dist_1e8vcs8._.js:776
[ 3541993ms] [LOG] [Fast Refresh] done in 99ms @ http://localhost:5173/_next/static/chunks/node_modules_next_dist_1e8vcs8._.js:776
[ 3542055ms] [LOG] [Fast Refresh] done in 99ms @ http://localhost:5173/_next/static/chunks/node_modules_next_dist_1e8vcs8._.js:776
[ 3542102ms] [LOG] [Fast Refresh] done in 99ms @ http://localhost:5173/_next/static/chunks/node_modules_next_dist_1e8vcs8._.js:776
[ 3542165ms] [LOG] [Fast Refresh] done in 99ms @ http://localhost:5173/_next/static/chunks/node_modules_next_dist_1e8vcs8._.js:776
[ 3542208ms] [LOG] [Fast Refresh] done in 99ms @ http://localhost:5173/_next/static/chunks/node_modules_next_dist_1e8vcs8._.js:776
[ 3542278ms] [LOG] [Fast Refresh] done in 99ms @ http://localhost:5173/_next/static/chunks/node_modules_next_dist_1e8vcs8._.js:776
[ 3542339ms] [LOG] [Fast Refresh] done in 99ms @ http://localhost:5173/_next/static/chunks/node_modules_next_dist_1e8vcs8._.js:776
[ 3542394ms] [LOG] [Fast Refresh] done in 99ms @ http://localhost:5173/_next/static/chunks/node_modules_next_dist_1e8vcs8._.js:776
[ 3542458ms] [LOG] [Fast Refresh] done in 99ms @ http://localhost:5173/_next/static/chunks/node_modules_next_dist_1e8vcs8._.js:776
[ 3542524ms] [LOG] [Fast Refresh] done in 99ms @ http://localhost:5173/_next/static/chunks/node_modules_next_dist_1e8vcs8._.js:776
[ 3542587ms] [LOG] [Fast Refresh] done in 99ms @ http://localhost:5173/_next/static/chunks/node_modules_next_dist_1e8vcs8._.js:776
[ 3542649ms] [LOG] [Fast Refresh] done in 99ms @ http://localhost:5173/_next/static/chunks/node_modules_next_dist_1e8vcs8._.js:776
[ 3542702ms] [LOG] [Fast Refresh] done in 99ms @ http://localhost:5173/_next/static/chunks/node_modules_next_dist_1e8vcs8._.js:776
[ 3542764ms] [LOG] [Fast Refresh] done in 99ms @ http://localhost:5173/_next/static/chunks/node_modules_next_dist_1e8vcs8._.js:776
[ 3542814ms] [LOG] [Fast Refresh] done in 99ms @ http://localhost:5173/_next/static/chunks/node_modules_next_dist_1e8vcs8._.js:776
[ 3542864ms] [LOG] [Fast Refresh] done in 99ms @ http://localhost:5173/_next/static/chunks/node_modules_next_dist_1e8vcs8._.js:776
[ 3542914ms] [LOG] [Fast Refresh] done in 99ms @ http://localhost:5173/_next/static/chunks/node_modules_next_dist_1e8vcs8._.js:776
[ 3542978ms] [LOG] [Fast Refresh] done in 99ms @ http://localhost:5173/_next/static/chunks/node_modules_next_dist_1e8vcs8._.js:776
[ 3543025ms] [LOG] [Fast Refresh] done in 99ms @ http://localhost:5173/_next/static/chunks/node_modules_next_dist_1e8vcs8._.js:776
[ 3543078ms] [LOG] [Fast Refresh] done in 99ms @ http://localhost:5173/_next/static/chunks/node_modules_next_dist_1e8vcs8._.js:776
[ 3543126ms] [LOG] [Fast Refresh] done in 99ms @ http://localhost:5173/_next/static/chunks/node_modules_next_dist_1e8vcs8._.js:776
[ 3543179ms] [LOG] [Fast Refresh] done in 99ms @ http://localhost:5173/_next/static/chunks/node_modules_next_dist_1e8vcs8._.js:776
[ 3543240ms] [LOG] [Fast Refresh] done in 99ms @ http://localhost:5173/_next/static/chunks/node_modules_next_dist_1e8vcs8._.js:776
[ 3543300ms] [LOG] [Fast Refresh] done in 99ms @ http://localhost:5173/_next/static/chunks/node_modules_next_dist_1e8vcs8._.js:776
[ 3543363ms] [LOG] [Fast Refresh] done in 99ms @ http://localhost:5173/_next/static/chunks/node_modules_next_dist_1e8vcs8._.js:776
[ 3543426ms] [LOG] [Fast Refresh] done in 99ms @ http://localhost:5173/_next/static/chunks/node_modules_next_dist_1e8vcs8._.js:776
[ 3543478ms] [LOG] [Fast Refresh] done in 99ms @ http://localhost:5173/_next/static/chunks/node_modules_next_dist_1e8vcs8._.js:776
[ 3543541ms] [LOG] [Fast Refresh] done in 99ms @ http://localhost:5173/_next/static/chunks/node_modules_next_dist_1e8vcs8._.js:776
[ 3543594ms] [LOG] [Fast Refresh] done in 99ms @ http://localhost:5173/_next/static/chunks/node_modules_next_dist_1e8vcs8._.js:776
[ 3543643ms] [LOG] [Fast Refresh] done in 99ms @ http://localhost:5173/_next/static/chunks/node_modules_next_dist_1e8vcs8._.js:776
[ 3543693ms] [LOG] [Fast Refresh] done in 99ms @ http://localhost:5173/_next/static/chunks/node_modules_next_dist_1e8vcs8._.js:776
[ 3543754ms] [LOG] [Fast Refresh] done in 99ms @ http://localhost:5173/_next/static/chunks/node_modules_next_dist_1e8vcs8._.js:776
[ 3543801ms] [LOG] [Fast Refresh] done in 99ms @ http://localhost:5173/_next/static/chunks/node_modules_next_dist_1e8vcs8._.js:776
[ 3543852ms] [LOG] [Fast Refresh] done in 99ms @ http://localhost:5173/_next/static/chunks/node_modules_next_dist_1e8vcs8._.js:776
[ 3543909ms] [LOG] [Fast Refresh] done in 99ms @ http://localhost:5173/_next/static/chunks/node_modules_next_dist_1e8vcs8._.js:776
[ 3543970ms] [LOG] [Fast Refresh] done in 99ms @ http://localhost:5173/_next/static/chunks/node_modules_next_dist_1e8vcs8._.js:776
[ 3544018ms] [LOG] [Fast Refresh] done in 99ms @ http://localhost:5173/_next/static/chunks/node_modules_next_dist_1e8vcs8._.js:776
[ 3544086ms] [LOG] [Fast Refresh] done in 99ms @ http://localhost:5173/_next/static/chunks/node_modules_next_dist_1e8vcs8._.js:776
[ 3544147ms] [LOG] [Fast Refresh] done in 99ms @ http://localhost:5173/_next/static/chunks/node_modules_next_dist_1e8vcs8._.js:776
[ 3544208ms] [LOG] [Fast Refresh] done in 99ms @ http://localhost:5173/_next/static/chunks/node_modules_next_dist_1e8vcs8._.js:776
[ 3544255ms] [LOG] [Fast Refresh] done in 99ms @ http://localhost:5173/_next/static/chunks/node_modules_next_dist_1e8vcs8._.js:776
[ 3544327ms] [LOG] [Fast Refresh] done in 99ms @ http://localhost:5173/_next/static/chunks/node_modules_next_dist_1e8vcs8._.js:776
[ 3544378ms] [LOG] [Fast Refresh] done in 99ms @ http://localhost:5173/_next/static/chunks/node_modules_next_dist_1e8vcs8._.js:776
[ 3544441ms] [LOG] [Fast Refresh] done in 99ms @ http://localhost:5173/_next/static/chunks/node_modules_next_dist_1e8vcs8._.js:776
[ 3544496ms] [LOG] [Fast Refresh] done in 99ms @ http://localhost:5173/_next/static/chunks/node_modules_next_dist_1e8vcs8._.js:776
[ 3544544ms] [LOG] [Fast Refresh] done in 99ms @ http://localhost:5173/_next/static/chunks/node_modules_next_dist_1e8vcs8._.js:776
[ 3544591ms] [LOG] [Fast Refresh] done in 99ms @ http://localhost:5173/_next/static/chunks/node_modules_next_dist_1e8vcs8._.js:776
[ 3544640ms] [LOG] [Fast Refresh] done in 99ms @ http://localhost:5173/_next/static/chunks/node_modules_next_dist_1e8vcs8._.js:776
[ 3544694ms] [LOG] [Fast Refresh] done in 99ms @ http://localhost:5173/_next/static/chunks/node_modules_next_dist_1e8vcs8._.js:776
[ 3544747ms] [LOG] [Fast Refresh] done in 99ms @ http://localhost:5173/_next/static/chunks/node_modules_next_dist_1e8vcs8._.js:776
[ 3544786ms] [LOG] [Fast Refresh] done in 99ms @ http://localhost:5173/_next/static/chunks/node_modules_next_dist_1e8vcs8._.js:776
[ 3544848ms] [LOG] [Fast Refresh] done in 99ms @ http://localhost:5173/_next/static/chunks/node_modules_next_dist_1e8vcs8._.js:776
[ 3544909ms] [LOG] [Fast Refresh] done in 99ms @ http://localhost:5173/_next/static/chunks/node_modules_next_dist_1e8vcs8._.js:776
[ 3544958ms] [LOG] [Fast Refresh] done in 99ms @ http://localhost:5173/_next/static/chunks/node_modules_next_dist_1e8vcs8._.js:776
[ 3545020ms] [LOG] [Fast Refresh] done in 99ms @ http://localhost:5173/_next/static/chunks/node_modules_next_dist_1e8vcs8._.js:776
[ 3545081ms] [LOG] [Fast Refresh] done in 99ms @ http://localhost:5173/_next/static/chunks/node_modules_next_dist_1e8vcs8._.js:776
[ 3545142ms] [LOG] [Fast Refresh] done in 99ms @ http://localhost:5173/_next/static/chunks/node_modules_next_dist_1e8vcs8._.js:776
[ 3545193ms] [LOG] [Fast Refresh] done in 99ms @ http://localhost:5173/_next/static/chunks/node_modules_next_dist_1e8vcs8._.js:776
[ 3545255ms] [LOG] [Fast Refresh] done in 99ms @ http://localhost:5173/_next/static/chunks/node_modules_next_dist_1e8vcs8._.js:776
[ 3545328ms] [LOG] [Fast Refresh] done in 99ms @ http://localhost:5173/_next/static/chunks/node_modules_next_dist_1e8vcs8._.js:776
[ 3545378ms] [LOG] [Fast Refresh] done in 99ms @ http://localhost:5173/_next/static/chunks/node_modules_next_dist_1e8vcs8._.js:776
[ 3545440ms] [LOG] [Fast Refresh] done in 99ms @ http://localhost:5173/_next/static/chunks/node_modules_next_dist_1e8vcs8._.js:776
[ 3545493ms] [LOG] [Fast Refresh] done in 99ms @ http://localhost:5173/_next/static/chunks/node_modules_next_dist_1e8vcs8._.js:776
[ 3545547ms] [LOG] [Fast Refresh] done in 99ms @ http://localhost:5173/_next/static/chunks/node_modules_next_dist_1e8vcs8._.js:776
[ 3545609ms] [LOG] [Fast Refresh] done in 99ms @ http://localhost:5173/_next/static/chunks/node_modules_next_dist_1e8vcs8._.js:776
[ 3545658ms] [LOG] [Fast Refresh] done in 99ms @ http://localhost:5173/_next/static/chunks/node_modules_next_dist_1e8vcs8._.js:776
[ 3545724ms] [LOG] [Fast Refresh] done in 99ms @ http://localhost:5173/_next/static/chunks/node_modules_next_dist_1e8vcs8._.js:776
[ 3545773ms] [LOG] [Fast Refresh] done in 99ms @ http://localhost:5173/_next/static/chunks/node_modules_next_dist_1e8vcs8._.js:776
[ 3545820ms] [LOG] [Fast Refresh] done in 99ms @ http://localhost:5173/_next/static/chunks/node_modules_next_dist_1e8vcs8._.js:776
[ 3545878ms] [LOG] [Fast Refresh] done in 99ms @ http://localhost:5173/_next/static/chunks/node_modules_next_dist_1e8vcs8._.js:776
[ 3545926ms] [LOG] [Fast Refresh] done in 99ms @ http://localhost:5173/_next/static/chunks/node_modules_next_dist_1e8vcs8._.js:776
[ 3545978ms] [LOG] [Fast Refresh] done in 99ms @ http://localhost:5173/_next/static/chunks/node_modules_next_dist_1e8vcs8._.js:776
[ 3546041ms] [LOG] [Fast Refresh] done in 99ms @ http://localhost:5173/_next/static/chunks/node_modules_next_dist_1e8vcs8._.js:776
[ 3546093ms] [LOG] [Fast Refresh] done in 99ms @ http://localhost:5173/_next/static/chunks/node_modules_next_dist_1e8vcs8._.js:776
[ 3546141ms] [LOG] [Fast Refresh] done in 99ms @ http://localhost:5173/_next/static/chunks/node_modules_next_dist_1e8vcs8._.js:776
[ 3546194ms] [LOG] [Fast Refresh] done in 99ms @ http://localhost:5173/_next/static/chunks/node_modules_next_dist_1e8vcs8._.js:776
[ 3546261ms] [LOG] [Fast Refresh] done in 99ms @ http://localhost:5173/_next/static/chunks/node_modules_next_dist_1e8vcs8._.js:776
[ 3546327ms] [LOG] [Fast Refresh] done in 99ms @ http://localhost:5173/_next/static/chunks/node_modules_next_dist_1e8vcs8._.js:776
[ 3546378ms] [LOG] [Fast Refresh] done in 99ms @ http://localhost:5173/_next/static/chunks/node_modules_next_dist_1e8vcs8._.js:776
[ 3546440ms] [LOG] [Fast Refresh] done in 99ms @ http://localhost:5173/_next/static/chunks/node_modules_next_dist_1e8vcs8._.js:776
[ 3546502ms] [LOG] [Fast Refresh] done in 99ms @ http://localhost:5173/_next/static/chunks/node_modules_next_dist_1e8vcs8._.js:776
[ 3546564ms] [LOG] [Fast Refresh] done in 99ms @ http://localhost:5173/_next/static/chunks/node_modules_next_dist_1e8vcs8._.js:776
[ 3546613ms] [LOG] [Fast Refresh] done in 99ms @ http://localhost:5173/_next/static/chunks/node_modules_next_dist_1e8vcs8._.js:776
[ 3546678ms] [LOG] [Fast Refresh] done in 99ms @ http://localhost:5173/_next/static/chunks/node_modules_next_dist_1e8vcs8._.js:776
[ 3546739ms] [LOG] [Fast Refresh] done in 99ms @ http://localhost:5173/_next/static/chunks/node_modules_next_dist_1e8vcs8._.js:776
[ 3546793ms] [LOG] [Fast Refresh] done in 99ms @ http://localhost:5173/_next/static/chunks/node_modules_next_dist_1e8vcs8._.js:776
[ 3546857ms] [LOG] [Fast Refresh] done in 99ms @ http://localhost:5173/_next/static/chunks/node_modules_next_dist_1e8vcs8._.js:776
[ 3546908ms] [LOG] [Fast Refresh] done in 99ms @ http://localhost:5173/_next/static/chunks/node_modules_next_dist_1e8vcs8._.js:776
[ 3546959ms] [LOG] [Fast Refresh] done in 99ms @ http://localhost:5173/_next/static/chunks/node_modules_next_dist_1e8vcs8._.js:776
[ 3547024ms] [LOG] [Fast Refresh] done in 99ms @ http://localhost:5173/_next/static/chunks/node_modules_next_dist_1e8vcs8._.js:776
[ 3547078ms] [LOG] [Fast Refresh] done in 99ms @ http://localhost:5173/_next/static/chunks/node_modules_next_dist_1e8vcs8._.js:776
[ 3547125ms] [LOG] [Fast Refresh] done in 99ms @ http://localhost:5173/_next/static/chunks/node_modules_next_dist_1e8vcs8._.js:776
[ 3547174ms] [LOG] [Fast Refresh] done in 99ms @ http://localhost:5173/_next/static/chunks/node_modules_next_dist_1e8vcs8._.js:776
[ 3547238ms] [LOG] [Fast Refresh] done in 99ms @ http://localhost:5173/_next/static/chunks/node_modules_next_dist_1e8vcs8._.js:776
[ 3547286ms] [LOG] [Fast Refresh] done in 99ms @ http://localhost:5173/_next/static/chunks/node_modules_next_dist_1e8vcs8._.js:776
[ 3547342ms] [LOG] [Fast Refresh] done in 99ms @ http://localhost:5173/_next/static/chunks/node_modules_next_dist_1e8vcs8._.js:776
[ 3547391ms] [LOG] [Fast Refresh] done in 99ms @ http://localhost:5173/_next/static/chunks/node_modules_next_dist_1e8vcs8._.js:776
[ 3547440ms] [LOG] [Fast Refresh] done in 99ms @ http://localhost:5173/_next/static/chunks/node_modules_next_dist_1e8vcs8._.js:776
[ 3547493ms] [LOG] [Fast Refresh] done in 99ms @ http://localhost:5173/_next/static/chunks/node_modules_next_dist_1e8vcs8._.js:776
[ 3547544ms] [LOG] [Fast Refresh] done in 99ms @ http://localhost:5173/_next/static/chunks/node_modules_next_dist_1e8vcs8._.js:776
[ 3547607ms] [LOG] [Fast Refresh] done in 99ms @ http://localhost:5173/_next/static/chunks/node_modules_next_dist_1e8vcs8._.js:776
[ 3547662ms] [LOG] [Fast Refresh] done in 99ms @ http://localhost:5173/_next/static/chunks/node_modules_next_dist_1e8vcs8._.js:776
[ 3547719ms] [LOG] [Fast Refresh] done in 99ms @ http://localhost:5173/_next/static/chunks/node_modules_next_dist_1e8vcs8._.js:776
[ 3547769ms] [LOG] [Fast Refresh] done in 99ms @ http://localhost:5173/_next/static/chunks/node_modules_next_dist_1e8vcs8._.js:776
[ 3547823ms] [LOG] [Fast Refresh] done in 99ms @ http://localhost:5173/_next/static/chunks/node_modules_next_dist_1e8vcs8._.js:776
[ 3547867ms] [LOG] [Fast Refresh] done in 99ms @ http://localhost:5173/_next/static/chunks/node_modules_next_dist_1e8vcs8._.js:776
[ 3547927ms] [LOG] [Fast Refresh] done in 99ms @ http://localhost:5173/_next/static/chunks/node_modules_next_dist_1e8vcs8._.js:776
[ 3547990ms] [LOG] [Fast Refresh] done in 99ms @ http://localhost:5173/_next/static/chunks/node_modules_next_dist_1e8vcs8._.js:776
[ 3548052ms] [LOG] [Fast Refresh] done in 99ms @ http://localhost:5173/_next/static/chunks/node_modules_next_dist_1e8vcs8._.js:776
[ 3548114ms] [LOG] [Fast Refresh] done in 99ms @ http://localhost:5173/_next/static/chunks/node_modules_next_dist_1e8vcs8._.js:776
[ 3548178ms] [LOG] [Fast Refresh] done in 99ms @ http://localhost:5173/_next/static/chunks/node_modules_next_dist_1e8vcs8._.js:776
[ 3548239ms] [LOG] [Fast Refresh] done in 99ms @ http://localhost:5173/_next/static/chunks/node_modules_next_dist_1e8vcs8._.js:776
[ 3548301ms] [LOG] [Fast Refresh] done in 99ms @ http://localhost:5173/_next/static/chunks/node_modules_next_dist_1e8vcs8._.js:776
[ 3548364ms] [LOG] [Fast Refresh] done in 99ms @ http://localhost:5173/_next/static/chunks/node_modules_next_dist_1e8vcs8._.js:776
[ 3548426ms] [LOG] [Fast Refresh] done in 99ms @ http://localhost:5173/_next/static/chunks/node_modules_next_dist_1e8vcs8._.js:776
[ 3548473ms] [LOG] [Fast Refresh] done in 99ms @ http://localhost:5173/_next/static/chunks/node_modules_next_dist_1e8vcs8._.js:776
[ 3548520ms] [LOG] [Fast Refresh] done in 99ms @ http://localhost:5173/_next/static/chunks/node_modules_next_dist_1e8vcs8._.js:776
[ 3548582ms] [LOG] [Fast Refresh] done in 99ms @ http://localhost:5173/_next/static/chunks/node_modules_next_dist_1e8vcs8._.js:776
[ 3548629ms] [LOG] [Fast Refresh] done in 99ms @ http://localhost:5173/_next/static/chunks/node_modules_next_dist_1e8vcs8._.js:776
[ 3548693ms] [LOG] [Fast Refresh] done in 99ms @ http://localhost:5173/_next/static/chunks/node_modules_next_dist_1e8vcs8._.js:776
[ 3548755ms] [LOG] [Fast Refresh] done in 99ms @ http://localhost:5173/_next/static/chunks/node_modules_next_dist_1e8vcs8._.js:776
[ 3548817ms] [LOG] [Fast Refresh] done in 99ms @ http://localhost:5173/_next/static/chunks/node_modules_next_dist_1e8vcs8._.js:776
[ 3548879ms] [LOG] [Fast Refresh] done in 99ms @ http://localhost:5173/_next/static/chunks/node_modules_next_dist_1e8vcs8._.js:776
[ 3548941ms] [LOG] [Fast Refresh] done in 99ms @ http://localhost:5173/_next/static/chunks/node_modules_next_dist_1e8vcs8._.js:776
[ 3549005ms] [LOG] [Fast Refresh] done in 99ms @ http://localhost:5173/_next/static/chunks/node_modules_next_dist_1e8vcs8._.js:776
[ 3549065ms] [LOG] [Fast Refresh] done in 99ms @ http://localhost:5173/_next/static/chunks/node_modules_next_dist_1e8vcs8._.js:776
[ 3549126ms] [LOG] [Fast Refresh] done in 99ms @ http://localhost:5173/_next/static/chunks/node_modules_next_dist_1e8vcs8._.js:776
[ 3549174ms] [LOG] [Fast Refresh] done in 99ms @ http://localhost:5173/_next/static/chunks/node_modules_next_dist_1e8vcs8._.js:776
[ 3549236ms] [LOG] [Fast Refresh] done in 99ms @ http://localhost:5173/_next/static/chunks/node_modules_next_dist_1e8vcs8._.js:776
[ 3549298ms] [LOG] [Fast Refresh] done in 99ms @ http://localhost:5173/_next/static/chunks/node_modules_next_dist_1e8vcs8._.js:776
[ 3549359ms] [LOG] [Fast Refresh] done in 99ms @ http://localhost:5173/_next/static/chunks/node_modules_next_dist_1e8vcs8._.js:776
[ 3549408ms] [LOG] [Fast Refresh] done in 99ms @ http://localhost:5173/_next/static/chunks/node_modules_next_dist_1e8vcs8._.js:776
[ 3549470ms] [LOG] [Fast Refresh] done in 99ms @ http://localhost:5173/_next/static/chunks/node_modules_next_dist_1e8vcs8._.js:776
[ 3549532ms] [LOG] [Fast Refresh] done in 99ms @ http://localhost:5173/_next/static/chunks/node_modules_next_dist_1e8vcs8._.js:776
[ 3549594ms] [LOG] [Fast Refresh] done in 99ms @ http://localhost:5173/_next/static/chunks/node_modules_next_dist_1e8vcs8._.js:776
[ 3549658ms] [LOG] [Fast Refresh] done in 99ms @ http://localhost:5173/_next/static/chunks/node_modules_next_dist_1e8vcs8._.js:776
[ 3549705ms] [LOG] [Fast Refresh] done in 99ms @ http://localhost:5173/_next/static/chunks/node_modules_next_dist_1e8vcs8._.js:776
[ 3549766ms] [LOG] [Fast Refresh] done in 99ms @ http://localhost:5173/_next/static/chunks/node_modules_next_dist_1e8vcs8._.js:776
[ 3549829ms] [LOG] [Fast Refresh] done in 99ms @ http://localhost:5173/_next/static/chunks/node_modules_next_dist_1e8vcs8._.js:776
[ 3549893ms] [LOG] [Fast Refresh] done in 99ms @ http://localhost:5173/_next/static/chunks/node_modules_next_dist_1e8vcs8._.js:776
[ 3549955ms] [LOG] [Fast Refresh] done in 99ms @ http://localhost:5173/_next/static/chunks/node_modules_next_dist_1e8vcs8._.js:776
[ 3550018ms] [LOG] [Fast Refresh] done in 99ms @ http://localhost:5173/_next/static/chunks/node_modules_next_dist_1e8vcs8._.js:776
[ 3550081ms] [LOG] [Fast Refresh] done in 99ms @ http://localhost:5173/_next/static/chunks/node_modules_next_dist_1e8vcs8._.js:776
[ 3550143ms] [LOG] [Fast Refresh] done in 99ms @ http://localhost:5173/_next/static/chunks/node_modules_next_dist_1e8vcs8._.js:776
[ 3550206ms] [LOG] [Fast Refresh] done in 99ms @ http://localhost:5173/_next/static/chunks/node_modules_next_dist_1e8vcs8._.js:776
[ 3550268ms] [LOG] [Fast Refresh] done in 99ms @ http://localhost:5173/_next/static/chunks/node_modules_next_dist_1e8vcs8._.js:776
[ 3550330ms] [LOG] [Fast Refresh] done in 99ms @ http://localhost:5173/_next/static/chunks/node_modules_next_dist_1e8vcs8._.js:776
[ 3550391ms] [LOG] [Fast Refresh] done in 99ms @ http://localhost:5173/_next/static/chunks/node_modules_next_dist_1e8vcs8._.js:776
[ 3550453ms] [LOG] [Fast Refresh] done in 99ms @ http://localhost:5173/_next/static/chunks/node_modules_next_dist_1e8vcs8._.js:776
[ 3550515ms] [LOG] [Fast Refresh] done in 99ms @ http://localhost:5173/_next/static/chunks/node_modules_next_dist_1e8vcs8._.js:776
[ 3550577ms] [LOG] [Fast Refresh] done in 99ms @ http://localhost:5173/_next/static/chunks/node_modules_next_dist_1e8vcs8._.js:776
[ 3550639ms] [LOG] [Fast Refresh] done in 99ms @ http://localhost:5173/_next/static/chunks/node_modules_next_dist_1e8vcs8._.js:776
[ 3550701ms] [LOG] [Fast Refresh] done in 99ms @ http://localhost:5173/_next/static/chunks/node_modules_next_dist_1e8vcs8._.js:776
[ 3550764ms] [LOG] [Fast Refresh] done in 99ms @ http://localhost:5173/_next/static/chunks/node_modules_next_dist_1e8vcs8._.js:776
[ 3550811ms] [LOG] [Fast Refresh] done in 99ms @ http://localhost:5173/_next/static/chunks/node_modules_next_dist_1e8vcs8._.js:776
[ 3550873ms] [LOG] [Fast Refresh] done in 99ms @ http://localhost:5173/_next/static/chunks/node_modules_next_dist_1e8vcs8._.js:776
[ 3550934ms] [LOG] [Fast Refresh] done in 99ms @ http://localhost:5173/_next/static/chunks/node_modules_next_dist_1e8vcs8._.js:776
[ 3550997ms] [LOG] [Fast Refresh] done in 99ms @ http://localhost:5173/_next/static/chunks/node_modules_next_dist_1e8vcs8._.js:776
[ 3551060ms] [LOG] [Fast Refresh] done in 99ms @ http://localhost:5173/_next/static/chunks/node_modules_next_dist_1e8vcs8._.js:776
[ 3551122ms] [LOG] [Fast Refresh] done in 99ms @ http://localhost:5173/_next/static/chunks/node_modules_next_dist_1e8vcs8._.js:776
[ 3551184ms] [LOG] [Fast Refresh] done in 99ms @ http://localhost:5173/_next/static/chunks/node_modules_next_dist_1e8vcs8._.js:776
[ 3551246ms] [LOG] [Fast Refresh] done in 99ms @ http://localhost:5173/_next/static/chunks/node_modules_next_dist_1e8vcs8._.js:776
[ 3551308ms] [LOG] [Fast Refresh] done in 99ms @ http://localhost:5173/_next/static/chunks/node_modules_next_dist_1e8vcs8._.js:776
[ 3551369ms] [LOG] [Fast Refresh] done in 99ms @ http://localhost:5173/_next/static/chunks/node_modules_next_dist_1e8vcs8._.js:776
[ 3551431ms] [LOG] [Fast Refresh] done in 99ms @ http://localhost:5173/_next/static/chunks/node_modules_next_dist_1e8vcs8._.js:776
[ 3551495ms] [LOG] [Fast Refresh] done in 99ms @ http://localhost:5173/_next/static/chunks/node_modules_next_dist_1e8vcs8._.js:776
[ 3551556ms] [LOG] [Fast Refresh] done in 99ms @ http://localhost:5173/_next/static/chunks/node_modules_next_dist_1e8vcs8._.js:776
[ 3551619ms] [LOG] [Fast Refresh] done in 99ms @ http://localhost:5173/_next/static/chunks/node_modules_next_dist_1e8vcs8._.js:776
[ 3551681ms] [LOG] [Fast Refresh] done in 99ms @ http://localhost:5173/_next/static/chunks/node_modules_next_dist_1e8vcs8._.js:776
[ 3551743ms] [LOG] [Fast Refresh] done in 99ms @ http://localhost:5173/_next/static/chunks/node_modules_next_dist_1e8vcs8._.js:776
[ 3551805ms] [LOG] [Fast Refresh] done in 99ms @ http://localhost:5173/_next/static/chunks/node_modules_next_dist_1e8vcs8._.js:776
[ 3551869ms] [LOG] [Fast Refresh] done in 99ms @ http://localhost:5173/_next/static/chunks/node_modules_next_dist_1e8vcs8._.js:776
[ 3551929ms] [LOG] [Fast Refresh] done in 99ms @ http://localhost:5173/_next/static/chunks/node_modules_next_dist_1e8vcs8._.js:776
[ 3551991ms] [LOG] [Fast Refresh] done in 99ms @ http://localhost:5173/_next/static/chunks/node_modules_next_dist_1e8vcs8._.js:776
[ 3552052ms] [LOG] [Fast Refresh] done in 99ms @ http://localhost:5173/_next/static/chunks/node_modules_next_dist_1e8vcs8._.js:776
[ 3552115ms] [LOG] [Fast Refresh] done in 99ms @ http://localhost:5173/_next/static/chunks/node_modules_next_dist_1e8vcs8._.js:776
[ 3552169ms] [LOG] [Fast Refresh] done in 99ms @ http://localhost:5173/_next/static/chunks/node_modules_next_dist_1e8vcs8._.js:776
[ 3552220ms] [LOG] [Fast Refresh] done in 99ms @ http://localhost:5173/_next/static/chunks/node_modules_next_dist_1e8vcs8._.js:776
[ 3552268ms] [LOG] [Fast Refresh] done in 99ms @ http://localhost:5173/_next/static/chunks/node_modules_next_dist_1e8vcs8._.js:776
[ 3552315ms] [LOG] [Fast Refresh] done in 99ms @ http://localhost:5173/_next/static/chunks/node_modules_next_dist_1e8vcs8._.js:776
[ 3552372ms] [LOG] [Fast Refresh] done in 99ms @ http://localhost:5173/_next/static/chunks/node_modules_next_dist_1e8vcs8._.js:776
[ 3552411ms] [LOG] [Fast Refresh] done in 99ms @ http://localhost:5173/_next/static/chunks/node_modules_next_dist_1e8vcs8._.js:776
[ 3552453ms] [LOG] [Fast Refresh] done in 99ms @ http://localhost:5173/_next/static/chunks/node_modules_next_dist_1e8vcs8._.js:776
[ 3552502ms] [LOG] [Fast Refresh] done in 99ms @ http://localhost:5173/_next/static/chunks/node_modules_next_dist_1e8vcs8._.js:776
[ 3552538ms] [LOG] [Fast Refresh] done in 99ms @ http://localhost:5173/_next/static/chunks/node_modules_next_dist_1e8vcs8._.js:776
[ 3552578ms] [LOG] [Fast Refresh] done in 99ms @ http://localhost:5173/_next/static/chunks/node_modules_next_dist_1e8vcs8._.js:776
[ 3552626ms] [LOG] [Fast Refresh] done in 99ms @ http://localhost:5173/_next/static/chunks/node_modules_next_dist_1e8vcs8._.js:776
[ 3552667ms] [LOG] [Fast Refresh] done in 99ms @ http://localhost:5173/_next/static/chunks/node_modules_next_dist_1e8vcs8._.js:776
[ 3552710ms] [LOG] [Fast Refresh] done in 99ms @ http://localhost:5173/_next/static/chunks/node_modules_next_dist_1e8vcs8._.js:776
[ 3552765ms] [LOG] [Fast Refresh] done in 99ms @ http://localhost:5173/_next/static/chunks/node_modules_next_dist_1e8vcs8._.js:776
[ 3552808ms] [LOG] [Fast Refresh] done in 99ms @ http://localhost:5173/_next/static/chunks/node_modules_next_dist_1e8vcs8._.js:776
[ 3552849ms] [LOG] [Fast Refresh] done in 99ms @ http://localhost:5173/_next/static/chunks/node_modules_next_dist_1e8vcs8._.js:776
[ 3552890ms] [LOG] [Fast Refresh] done in 99ms @ http://localhost:5173/_next/static/chunks/node_modules_next_dist_1e8vcs8._.js:776
[ 3552946ms] [LOG] [Fast Refresh] done in 99ms @ http://localhost:5173/_next/static/chunks/node_modules_next_dist_1e8vcs8._.js:776
[ 3552988ms] [LOG] [Fast Refresh] done in 99ms @ http://localhost:5173/_next/static/chunks/node_modules_next_dist_1e8vcs8._.js:776
[ 3553029ms] [LOG] [Fast Refresh] done in 99ms @ http://localhost:5173/_next/static/chunks/node_modules_next_dist_1e8vcs8._.js:776
[ 3553077ms] [LOG] [Fast Refresh] done in 99ms @ http://localhost:5173/_next/static/chunks/node_modules_next_dist_1e8vcs8._.js:776
[ 3553126ms] [LOG] [Fast Refresh] done in 99ms @ http://localhost:5173/_next/static/chunks/node_modules_next_dist_1e8vcs8._.js:776
[ 3553168ms] [LOG] [Fast Refresh] done in 99ms @ http://localhost:5173/_next/static/chunks/node_modules_next_dist_1e8vcs8._.js:776
[ 3553216ms] [LOG] [Fast Refresh] done in 99ms @ http://localhost:5173/_next/static/chunks/node_modules_next_dist_1e8vcs8._.js:776
[ 3553262ms] [LOG] [Fast Refresh] done in 99ms @ http://localhost:5173/_next/static/chunks/node_modules_next_dist_1e8vcs8._.js:776
[ 3553306ms] [LOG] [Fast Refresh] done in 99ms @ http://localhost:5173/_next/static/chunks/node_modules_next_dist_1e8vcs8._.js:776
[ 3553353ms] [LOG] [Fast Refresh] done in 99ms @ http://localhost:5173/_next/static/chunks/node_modules_next_dist_1e8vcs8._.js:776
[ 3553403ms] [LOG] [Fast Refresh] done in 99ms @ http://localhost:5173/_next/static/chunks/node_modules_next_dist_1e8vcs8._.js:776
[ 3553445ms] [LOG] [Fast Refresh] done in 99ms @ http://localhost:5173/_next/static/chunks/node_modules_next_dist_1e8vcs8._.js:776
[ 3553486ms] [LOG] [Fast Refresh] done in 99ms @ http://localhost:5173/_next/static/chunks/node_modules_next_dist_1e8vcs8._.js:776
[ 3553528ms] [LOG] [Fast Refresh] done in 99ms @ http://localhost:5173/_next/static/chunks/node_modules_next_dist_1e8vcs8._.js:776
[ 3553570ms] [LOG] [Fast Refresh] done in 99ms @ http://localhost:5173/_next/static/chunks/node_modules_next_dist_1e8vcs8._.js:776
[ 3553625ms] [LOG] [Fast Refresh] done in 99ms @ http://localhost:5173/_next/static/chunks/node_modules_next_dist_1e8vcs8._.js:776
[ 3553667ms] [LOG] [Fast Refresh] done in 99ms @ http://localhost:5173/_next/static/chunks/node_modules_next_dist_1e8vcs8._.js:776
[ 3553709ms] [LOG] [Fast Refresh] done in 99ms @ http://localhost:5173/_next/static/chunks/node_modules_next_dist_1e8vcs8._.js:776
[ 3553757ms] [LOG] [Fast Refresh] done in 99ms @ http://localhost:5173/_next/static/chunks/node_modules_next_dist_1e8vcs8._.js:776
[ 3553807ms] [LOG] [Fast Refresh] done in 99ms @ http://localhost:5173/_next/static/chunks/node_modules_next_dist_1e8vcs8._.js:776
[ 3553847ms] [LOG] [Fast Refresh] done in 99ms @ http://localhost:5173/_next/static/chunks/node_modules_next_dist_1e8vcs8._.js:776
[ 3553897ms] [LOG] [Fast Refresh] done in 99ms @ http://localhost:5173/_next/static/chunks/node_modules_next_dist_1e8vcs8._.js:776
[ 3553938ms] [LOG] [Fast Refresh] done in 99ms @ http://localhost:5173/_next/static/chunks/node_modules_next_dist_1e8vcs8._.js:776
[ 3553987ms] [LOG] [Fast Refresh] done in 99ms @ http://localhost:5173/_next/static/chunks/node_modules_next_dist_1e8vcs8._.js:776
[ 3554028ms] [LOG] [Fast Refresh] done in 99ms @ http://localhost:5173/_next/static/chunks/node_modules_next_dist_1e8vcs8._.js:776
[ 3554069ms] [LOG] [Fast Refresh] done in 99ms @ http://localhost:5173/_next/static/chunks/node_modules_next_dist_1e8vcs8._.js:776
[ 3554111ms] [LOG] [Fast Refresh] done in 99ms @ http://localhost:5173/_next/static/chunks/node_modules_next_dist_1e8vcs8._.js:776
[ 3554153ms] [LOG] [Fast Refresh] done in 99ms @ http://localhost:5173/_next/static/chunks/node_modules_next_dist_1e8vcs8._.js:776
[ 3554202ms] [LOG] [Fast Refresh] done in 99ms @ http://localhost:5173/_next/static/chunks/node_modules_next_dist_1e8vcs8._.js:776
[ 3554252ms] [LOG] [Fast Refresh] done in 99ms @ http://localhost:5173/_next/static/chunks/node_modules_next_dist_1e8vcs8._.js:776
[ 3554292ms] [LOG] [Fast Refresh] done in 99ms @ http://localhost:5173/_next/static/chunks/node_modules_next_dist_1e8vcs8._.js:776
[ 3554346ms] [LOG] [Fast Refresh] done in 99ms @ http://localhost:5173/_next/static/chunks/node_modules_next_dist_1e8vcs8._.js:776
[ 3554395ms] [LOG] [Fast Refresh] done in 99ms @ http://localhost:5173/_next/static/chunks/node_modules_next_dist_1e8vcs8._.js:776
[ 3554437ms] [LOG] [Fast Refresh] done in 99ms @ http://localhost:5173/_next/static/chunks/node_modules_next_dist_1e8vcs8._.js:776
[ 3554494ms] [LOG] [Fast Refresh] done in 99ms @ http://localhost:5173/_next/static/chunks/node_modules_next_dist_1e8vcs8._.js:776
[ 3554547ms] [LOG] [Fast Refresh] done in 99ms @ http://localhost:5173/_next/static/chunks/node_modules_next_dist_1e8vcs8._.js:776
[ 3554590ms] [LOG] [Fast Refresh] done in 99ms @ http://localhost:5173/_next/static/chunks/node_modules_next_dist_1e8vcs8._.js:776
[ 3554644ms] [LOG] [Fast Refresh] done in 99ms @ http://localhost:5173/_next/static/chunks/node_modules_next_dist_1e8vcs8._.js:776
[ 3554704ms] [LOG] [Fast Refresh] done in 99ms @ http://localhost:5173/_next/static/chunks/node_modules_next_dist_1e8vcs8._.js:776
[ 3554756ms] [LOG] [Fast Refresh] done in 99ms @ http://localhost:5173/_next/static/chunks/node_modules_next_dist_1e8vcs8._.js:776
[ 3554808ms] [LOG] [Fast Refresh] done in 99ms @ http://localhost:5173/_next/static/chunks/node_modules_next_dist_1e8vcs8._.js:776
[ 3554870ms] [LOG] [Fast Refresh] done in 99ms @ http://localhost:5173/_next/static/chunks/node_modules_next_dist_1e8vcs8._.js:776
[ 3554920ms] [LOG] [Fast Refresh] done in 99ms @ http://localhost:5173/_next/static/chunks/node_modules_next_dist_1e8vcs8._.js:776
[ 3554968ms] [LOG] [Fast Refresh] done in 99ms @ http://localhost:5173/_next/static/chunks/node_modules_next_dist_1e8vcs8._.js:776
[ 3555029ms] [LOG] [Fast Refresh] done in 99ms @ http://localhost:5173/_next/static/chunks/node_modules_next_dist_1e8vcs8._.js:776
[ 3555092ms] [LOG] [Fast Refresh] done in 99ms @ http://localhost:5173/_next/static/chunks/node_modules_next_dist_1e8vcs8._.js:776
[ 3555153ms] [LOG] [Fast Refresh] done in 99ms @ http://localhost:5173/_next/static/chunks/node_modules_next_dist_1e8vcs8._.js:776
[ 3555216ms] [LOG] [Fast Refresh] done in 99ms @ http://localhost:5173/_next/static/chunks/node_modules_next_dist_1e8vcs8._.js:776
[ 3555278ms] [LOG] [Fast Refresh] done in 99ms @ http://localhost:5173/_next/static/chunks/node_modules_next_dist_1e8vcs8._.js:776
[ 3555342ms] [LOG] [Fast Refresh] done in 99ms @ http://localhost:5173/_next/static/chunks/node_modules_next_dist_1e8vcs8._.js:776
[ 3555404ms] [LOG] [Fast Refresh] done in 99ms @ http://localhost:5173/_next/static/chunks/node_modules_next_dist_1e8vcs8._.js:776
[ 3555466ms] [LOG] [Fast Refresh] done in 99ms @ http://localhost:5173/_next/static/chunks/node_modules_next_dist_1e8vcs8._.js:776
[ 3555528ms] [LOG] [Fast Refresh] done in 99ms @ http://localhost:5173/_next/static/chunks/node_modules_next_dist_1e8vcs8._.js:776
[ 3555590ms] [LOG] [Fast Refresh] done in 99ms @ http://localhost:5173/_next/static/chunks/node_modules_next_dist_1e8vcs8._.js:776
[ 3555653ms] [LOG] [Fast Refresh] done in 99ms @ http://localhost:5173/_next/static/chunks/node_modules_next_dist_1e8vcs8._.js:776
[ 3555715ms] [LOG] [Fast Refresh] done in 99ms @ http://localhost:5173/_next/static/chunks/node_modules_next_dist_1e8vcs8._.js:776
[ 3555776ms] [LOG] [Fast Refresh] done in 99ms @ http://localhost:5173/_next/static/chunks/node_modules_next_dist_1e8vcs8._.js:776
[ 3555823ms] [LOG] [Fast Refresh] done in 99ms @ http://localhost:5173/_next/static/chunks/node_modules_next_dist_1e8vcs8._.js:776
[ 3555886ms] [LOG] [Fast Refresh] done in 99ms @ http://localhost:5173/_next/static/chunks/node_modules_next_dist_1e8vcs8._.js:776
[ 3555933ms] [LOG] [Fast Refresh] done in 99ms @ http://localhost:5173/_next/static/chunks/node_modules_next_dist_1e8vcs8._.js:776
[ 3555995ms] [LOG] [Fast Refresh] done in 99ms @ http://localhost:5173/_next/static/chunks/node_modules_next_dist_1e8vcs8._.js:776
[ 3556043ms] [LOG] [Fast Refresh] done in 99ms @ http://localhost:5173/_next/static/chunks/node_modules_next_dist_1e8vcs8._.js:776
[ 3556104ms] [LOG] [Fast Refresh] done in 99ms @ http://localhost:5173/_next/static/chunks/node_modules_next_dist_1e8vcs8._.js:776
[ 3556151ms] [LOG] [Fast Refresh] done in 99ms @ http://localhost:5173/_next/static/chunks/node_modules_next_dist_1e8vcs8._.js:776
[ 3556214ms] [LOG] [Fast Refresh] done in 99ms @ http://localhost:5173/_next/static/chunks/node_modules_next_dist_1e8vcs8._.js:776
[ 3556277ms] [LOG] [Fast Refresh] done in 99ms @ http://localhost:5173/_next/static/chunks/node_modules_next_dist_1e8vcs8._.js:776
[ 3556338ms] [LOG] [Fast Refresh] done in 99ms @ http://localhost:5173/_next/static/chunks/node_modules_next_dist_1e8vcs8._.js:776
[ 3556400ms] [LOG] [Fast Refresh] done in 99ms @ http://localhost:5173/_next/static/chunks/node_modules_next_dist_1e8vcs8._.js:776
[ 3556448ms] [LOG] [Fast Refresh] done in 99ms @ http://localhost:5173/_next/static/chunks/node_modules_next_dist_1e8vcs8._.js:776
[ 3556510ms] [LOG] [Fast Refresh] done in 99ms @ http://localhost:5173/_next/static/chunks/node_modules_next_dist_1e8vcs8._.js:776
[ 3556572ms] [LOG] [Fast Refresh] done in 99ms @ http://localhost:5173/_next/static/chunks/node_modules_next_dist_1e8vcs8._.js:776
[ 3556634ms] [LOG] [Fast Refresh] done in 99ms @ http://localhost:5173/_next/static/chunks/node_modules_next_dist_1e8vcs8._.js:776
[ 3556697ms] [LOG] [Fast Refresh] done in 99ms @ http://localhost:5173/_next/static/chunks/node_modules_next_dist_1e8vcs8._.js:776
[ 3556759ms] [LOG] [Fast Refresh] done in 99ms @ http://localhost:5173/_next/static/chunks/node_modules_next_dist_1e8vcs8._.js:776
[ 3556821ms] [LOG] [Fast Refresh] done in 99ms @ http://localhost:5173/_next/static/chunks/node_modules_next_dist_1e8vcs8._.js:776
[ 3556869ms] [LOG] [Fast Refresh] done in 99ms @ http://localhost:5173/_next/static/chunks/node_modules_next_dist_1e8vcs8._.js:776
[ 3556932ms] [LOG] [Fast Refresh] done in 99ms @ http://localhost:5173/_next/static/chunks/node_modules_next_dist_1e8vcs8._.js:776
[ 3556994ms] [LOG] [Fast Refresh] done in 99ms @ http://localhost:5173/_next/static/chunks/node_modules_next_dist_1e8vcs8._.js:776
[ 3557056ms] [LOG] [Fast Refresh] done in 99ms @ http://localhost:5173/_next/static/chunks/node_modules_next_dist_1e8vcs8._.js:776
[ 3557118ms] [LOG] [Fast Refresh] done in 99ms @ http://localhost:5173/_next/static/chunks/node_modules_next_dist_1e8vcs8._.js:776
[ 3557180ms] [LOG] [Fast Refresh] done in 99ms @ http://localhost:5173/_next/static/chunks/node_modules_next_dist_1e8vcs8._.js:776
[ 3557243ms] [LOG] [Fast Refresh] done in 99ms @ http://localhost:5173/_next/static/chunks/node_modules_next_dist_1e8vcs8._.js:776
[ 3557290ms] [LOG] [Fast Refresh] done in 99ms @ http://localhost:5173/_next/static/chunks/node_modules_next_dist_1e8vcs8._.js:776
[ 3557337ms] [LOG] [Fast Refresh] done in 99ms @ http://localhost:5173/_next/static/chunks/node_modules_next_dist_1e8vcs8._.js:776
[ 3557384ms] [LOG] [Fast Refresh] done in 99ms @ http://localhost:5173/_next/static/chunks/node_modules_next_dist_1e8vcs8._.js:776
[ 3557446ms] [LOG] [Fast Refresh] done in 99ms @ http://localhost:5173/_next/static/chunks/node_modules_next_dist_1e8vcs8._.js:776
[ 3557508ms] [LOG] [Fast Refresh] done in 99ms @ http://localhost:5173/_next/static/chunks/node_modules_next_dist_1e8vcs8._.js:776
[ 3557570ms] [LOG] [Fast Refresh] done in 99ms @ http://localhost:5173/_next/static/chunks/node_modules_next_dist_1e8vcs8._.js:776
[ 3557632ms] [LOG] [Fast Refresh] done in 99ms @ http://localhost:5173/_next/static/chunks/node_modules_next_dist_1e8vcs8._.js:776
[ 3557679ms] [LOG] [Fast Refresh] done in 99ms @ http://localhost:5173/_next/static/chunks/node_modules_next_dist_1e8vcs8._.js:776
[ 3557742ms] [LOG] [Fast Refresh] done in 99ms @ http://localhost:5173/_next/static/chunks/node_modules_next_dist_1e8vcs8._.js:776
[ 3557803ms] [LOG] [Fast Refresh] done in 99ms @ http://localhost:5173/_next/static/chunks/node_modules_next_dist_1e8vcs8._.js:776
[ 3557865ms] [LOG] [Fast Refresh] done in 99ms @ http://localhost:5173/_next/static/chunks/node_modules_next_dist_1e8vcs8._.js:776
[ 3557928ms] [LOG] [Fast Refresh] done in 99ms @ http://localhost:5173/_next/static/chunks/node_modules_next_dist_1e8vcs8._.js:776
[ 3557989ms] [LOG] [Fast Refresh] done in 99ms @ http://localhost:5173/_next/static/chunks/node_modules_next_dist_1e8vcs8._.js:776
[ 3558051ms] [LOG] [Fast Refresh] done in 99ms @ http://localhost:5173/_next/static/chunks/node_modules_next_dist_1e8vcs8._.js:776
[ 3558114ms] [LOG] [Fast Refresh] done in 99ms @ http://localhost:5173/_next/static/chunks/node_modules_next_dist_1e8vcs8._.js:776
[ 3558175ms] [LOG] [Fast Refresh] done in 99ms @ http://localhost:5173/_next/static/chunks/node_modules_next_dist_1e8vcs8._.js:776
[ 3558237ms] [LOG] [Fast Refresh] done in 99ms @ http://localhost:5173/_next/static/chunks/node_modules_next_dist_1e8vcs8._.js:776
[ 3558298ms] [LOG] [Fast Refresh] done in 99ms @ http://localhost:5173/_next/static/chunks/node_modules_next_dist_1e8vcs8._.js:776
[ 3558361ms] [LOG] [Fast Refresh] done in 99ms @ http://localhost:5173/_next/static/chunks/node_modules_next_dist_1e8vcs8._.js:776
[ 3558423ms] [LOG] [Fast Refresh] done in 99ms @ http://localhost:5173/_next/static/chunks/node_modules_next_dist_1e8vcs8._.js:776
[ 3558486ms] [LOG] [Fast Refresh] done in 99ms @ http://localhost:5173/_next/static/chunks/node_modules_next_dist_1e8vcs8._.js:776
[ 3558548ms] [LOG] [Fast Refresh] done in 99ms @ http://localhost:5173/_next/static/chunks/node_modules_next_dist_1e8vcs8._.js:776
[ 3558610ms] [LOG] [Fast Refresh] done in 99ms @ http://localhost:5173/_next/static/chunks/node_modules_next_dist_1e8vcs8._.js:776
[ 3558658ms] [LOG] [Fast Refresh] done in 99ms @ http://localhost:5173/_next/static/chunks/node_modules_next_dist_1e8vcs8._.js:776
[ 3558720ms] [LOG] [Fast Refresh] done in 99ms @ http://localhost:5173/_next/static/chunks/node_modules_next_dist_1e8vcs8._.js:776
[ 3558768ms] [LOG] [Fast Refresh] done in 99ms @ http://localhost:5173/_next/static/chunks/node_modules_next_dist_1e8vcs8._.js:776
[ 3558816ms] [LOG] [Fast Refresh] done in 99ms @ http://localhost:5173/_next/static/chunks/node_modules_next_dist_1e8vcs8._.js:776
[ 3558879ms] [LOG] [Fast Refresh] done in 99ms @ http://localhost:5173/_next/static/chunks/node_modules_next_dist_1e8vcs8._.js:776
[ 3558929ms] [LOG] [Fast Refresh] done in 99ms @ http://localhost:5173/_next/static/chunks/node_modules_next_dist_1e8vcs8._.js:776
[ 3558971ms] [LOG] [Fast Refresh] done in 99ms @ http://localhost:5173/_next/static/chunks/node_modules_next_dist_1e8vcs8._.js:776
[ 3559028ms] [LOG] [Fast Refresh] done in 99ms @ http://localhost:5173/_next/static/chunks/node_modules_next_dist_1e8vcs8._.js:776
[ 3559078ms] [LOG] [Fast Refresh] done in 99ms @ http://localhost:5173/_next/static/chunks/node_modules_next_dist_1e8vcs8._.js:776
[ 3559118ms] [LOG] [Fast Refresh] done in 99ms @ http://localhost:5173/_next/static/chunks/node_modules_next_dist_1e8vcs8._.js:776
[ 3559165ms] [LOG] [Fast Refresh] done in 99ms @ http://localhost:5173/_next/static/chunks/node_modules_next_dist_1e8vcs8._.js:776
[ 3559212ms] [LOG] [Fast Refresh] done in 99ms @ http://localhost:5173/_next/static/chunks/node_modules_next_dist_1e8vcs8._.js:776
[ 3559253ms] [LOG] [Fast Refresh] done in 99ms @ http://localhost:5173/_next/static/chunks/node_modules_next_dist_1e8vcs8._.js:776
[ 3559294ms] [LOG] [Fast Refresh] done in 99ms @ http://localhost:5173/_next/static/chunks/node_modules_next_dist_1e8vcs8._.js:776
[ 3559334ms] [LOG] [Fast Refresh] done in 99ms @ http://localhost:5173/_next/static/chunks/node_modules_next_dist_1e8vcs8._.js:776
[ 3559390ms] [LOG] [Fast Refresh] done in 99ms @ http://localhost:5173/_next/static/chunks/node_modules_next_dist_1e8vcs8._.js:776
[ 3559433ms] [LOG] [Fast Refresh] done in 99ms @ http://localhost:5173/_next/static/chunks/node_modules_next_dist_1e8vcs8._.js:776
[ 3559488ms] [LOG] [Fast Refresh] done in 99ms @ http://localhost:5173/_next/static/chunks/node_modules_next_dist_1e8vcs8._.js:776
[ 3559538ms] [LOG] [Fast Refresh] done in 99ms @ http://localhost:5173/_next/static/chunks/node_modules_next_dist_1e8vcs8._.js:776
[ 3559592ms] [LOG] [Fast Refresh] done in 99ms @ http://localhost:5173/_next/static/chunks/node_modules_next_dist_1e8vcs8._.js:776
[ 3559641ms] [LOG] [Fast Refresh] done in 99ms @ http://localhost:5173/_next/static/chunks/node_modules_next_dist_1e8vcs8._.js:776
[ 3559683ms] [LOG] [Fast Refresh] done in 99ms @ http://localhost:5173/_next/static/chunks/node_modules_next_dist_1e8vcs8._.js:776
[ 3559740ms] [LOG] [Fast Refresh] done in 99ms @ http://localhost:5173/_next/static/chunks/node_modules_next_dist_1e8vcs8._.js:776
[ 3559786ms] [LOG] [Fast Refresh] done in 99ms @ http://localhost:5173/_next/static/chunks/node_modules_next_dist_1e8vcs8._.js:776
[ 3559838ms] [LOG] [Fast Refresh] done in 99ms @ http://localhost:5173/_next/static/chunks/node_modules_next_dist_1e8vcs8._.js:776
[ 3559891ms] [LOG] [Fast Refresh] done in 99ms @ http://localhost:5173/_next/static/chunks/node_modules_next_dist_1e8vcs8._.js:776
[ 3559942ms] [LOG] [Fast Refresh] done in 99ms @ http://localhost:5173/_next/static/chunks/node_modules_next_dist_1e8vcs8._.js:776
[ 3560005ms] [LOG] [Fast Refresh] done in 99ms @ http://localhost:5173/_next/static/chunks/node_modules_next_dist_1e8vcs8._.js:776
[ 3560068ms] [LOG] [Fast Refresh] done in 99ms @ http://localhost:5173/_next/static/chunks/node_modules_next_dist_1e8vcs8._.js:776
[ 3560109ms] [LOG] [Fast Refresh] done in 99ms @ http://localhost:5173/_next/static/chunks/node_modules_next_dist_1e8vcs8._.js:776
[ 3560161ms] [LOG] [Fast Refresh] done in 99ms @ http://localhost:5173/_next/static/chunks/node_modules_next_dist_1e8vcs8._.js:776
[ 3560215ms] [LOG] [Fast Refresh] done in 99ms @ http://localhost:5173/_next/static/chunks/node_modules_next_dist_1e8vcs8._.js:776
[ 3560279ms] [LOG] [Fast Refresh] done in 99ms @ http://localhost:5173/_next/static/chunks/node_modules_next_dist_1e8vcs8._.js:776
[ 3560338ms] [LOG] [Fast Refresh] done in 99ms @ http://localhost:5173/_next/static/chunks/node_modules_next_dist_1e8vcs8._.js:776
[ 3560388ms] [LOG] [Fast Refresh] done in 99ms @ http://localhost:5173/_next/static/chunks/node_modules_next_dist_1e8vcs8._.js:776
[ 3560449ms] [LOG] [Fast Refresh] done in 99ms @ http://localhost:5173/_next/static/chunks/node_modules_next_dist_1e8vcs8._.js:776
[ 3560502ms] [LOG] [Fast Refresh] done in 99ms @ http://localhost:5173/_next/static/chunks/node_modules_next_dist_1e8vcs8._.js:776
[ 3560565ms] [LOG] [Fast Refresh] done in 99ms @ http://localhost:5173/_next/static/chunks/node_modules_next_dist_1e8vcs8._.js:776
[ 3560634ms] [LOG] [Fast Refresh] done in 99ms @ http://localhost:5173/_next/static/chunks/node_modules_next_dist_1e8vcs8._.js:776
[ 3560685ms] [LOG] [Fast Refresh] done in 99ms @ http://localhost:5173/_next/static/chunks/node_modules_next_dist_1e8vcs8._.js:776
[ 3560748ms] [LOG] [Fast Refresh] done in 99ms @ http://localhost:5173/_next/static/chunks/node_modules_next_dist_1e8vcs8._.js:776
[ 3560802ms] [LOG] [Fast Refresh] done in 99ms @ http://localhost:5173/_next/static/chunks/node_modules_next_dist_1e8vcs8._.js:776
[ 3560850ms] [LOG] [Fast Refresh] done in 99ms @ http://localhost:5173/_next/static/chunks/node_modules_next_dist_1e8vcs8._.js:776
[ 3560907ms] [LOG] [Fast Refresh] done in 99ms @ http://localhost:5173/_next/static/chunks/node_modules_next_dist_1e8vcs8._.js:776
[ 3560968ms] [LOG] [Fast Refresh] done in 99ms @ http://localhost:5173/_next/static/chunks/node_modules_next_dist_1e8vcs8._.js:776
[ 3561019ms] [LOG] [Fast Refresh] done in 99ms @ http://localhost:5173/_next/static/chunks/node_modules_next_dist_1e8vcs8._.js:776
[ 3561077ms] [LOG] [Fast Refresh] done in 99ms @ http://localhost:5173/_next/static/chunks/node_modules_next_dist_1e8vcs8._.js:776
[ 3561139ms] [LOG] [Fast Refresh] done in 99ms @ http://localhost:5173/_next/static/chunks/node_modules_next_dist_1e8vcs8._.js:776
[ 3561198ms] [LOG] [Fast Refresh] done in 99ms @ http://localhost:5173/_next/static/chunks/node_modules_next_dist_1e8vcs8._.js:776
[ 3561249ms] [LOG] [Fast Refresh] done in 99ms @ http://localhost:5173/_next/static/chunks/node_modules_next_dist_1e8vcs8._.js:776
[ 3561303ms] [LOG] [Fast Refresh] done in 99ms @ http://localhost:5173/_next/static/chunks/node_modules_next_dist_1e8vcs8._.js:776
[ 3561364ms] [LOG] [Fast Refresh] done in 99ms @ http://localhost:5173/_next/static/chunks/node_modules_next_dist_1e8vcs8._.js:776
[ 3561406ms] [LOG] [Fast Refresh] done in 99ms @ http://localhost:5173/_next/static/chunks/node_modules_next_dist_1e8vcs8._.js:776
[ 3561450ms] [LOG] [Fast Refresh] done in 99ms @ http://localhost:5173/_next/static/chunks/node_modules_next_dist_1e8vcs8._.js:776
[ 3561488ms] [LOG] [Fast Refresh] done in 99ms @ http://localhost:5173/_next/static/chunks/node_modules_next_dist_1e8vcs8._.js:776
[ 3561532ms] [LOG] [Fast Refresh] done in 99ms @ http://localhost:5173/_next/static/chunks/node_modules_next_dist_1e8vcs8._.js:776
[ 3561579ms] [LOG] [Fast Refresh] done in 99ms @ http://localhost:5173/_next/static/chunks/node_modules_next_dist_1e8vcs8._.js:776
[ 3561630ms] [LOG] [Fast Refresh] done in 99ms @ http://localhost:5173/_next/static/chunks/node_modules_next_dist_1e8vcs8._.js:776
[ 3561667ms] [LOG] [Fast Refresh] done in 99ms @ http://localhost:5173/_next/static/chunks/node_modules_next_dist_1e8vcs8._.js:776
[ 3561704ms] [LOG] [Fast Refresh] done in 99ms @ http://localhost:5173/_next/static/chunks/node_modules_next_dist_1e8vcs8._.js:776
[ 3561758ms] [LOG] [Fast Refresh] done in 99ms @ http://localhost:5173/_next/static/chunks/node_modules_next_dist_1e8vcs8._.js:776
[ 3561800ms] [LOG] [Fast Refresh] done in 99ms @ http://localhost:5173/_next/static/chunks/node_modules_next_dist_1e8vcs8._.js:776
[ 3561837ms] [LOG] [Fast Refresh] done in 99ms @ http://localhost:5173/_next/static/chunks/node_modules_next_dist_1e8vcs8._.js:776
[ 3561881ms] [LOG] [Fast Refresh] done in 99ms @ http://localhost:5173/_next/static/chunks/node_modules_next_dist_1e8vcs8._.js:776
[ 3561924ms] [LOG] [Fast Refresh] done in 99ms @ http://localhost:5173/_next/static/chunks/node_modules_next_dist_1e8vcs8._.js:776
[ 3561965ms] [LOG] [Fast Refresh] done in 99ms @ http://localhost:5173/_next/static/chunks/node_modules_next_dist_1e8vcs8._.js:776
[ 3562006ms] [LOG] [Fast Refresh] done in 99ms @ http://localhost:5173/_next/static/chunks/node_modules_next_dist_1e8vcs8._.js:776
[ 3562055ms] [LOG] [Fast Refresh] done in 99ms @ http://localhost:5173/_next/static/chunks/node_modules_next_dist_1e8vcs8._.js:776
[ 3562098ms] [LOG] [Fast Refresh] done in 99ms @ http://localhost:5173/_next/static/chunks/node_modules_next_dist_1e8vcs8._.js:776
[ 3562146ms] [LOG] [Fast Refresh] done in 99ms @ http://localhost:5173/_next/static/chunks/node_modules_next_dist_1e8vcs8._.js:776
[ 3562188ms] [LOG] [Fast Refresh] done in 99ms @ http://localhost:5173/_next/static/chunks/node_modules_next_dist_1e8vcs8._.js:776
[ 3562238ms] [LOG] [Fast Refresh] done in 99ms @ http://localhost:5173/_next/static/chunks/node_modules_next_dist_1e8vcs8._.js:776
[ 3562281ms] [LOG] [Fast Refresh] done in 99ms @ http://localhost:5173/_next/static/chunks/node_modules_next_dist_1e8vcs8._.js:776
[ 3562333ms] [LOG] [Fast Refresh] done in 99ms @ http://localhost:5173/_next/static/chunks/node_modules_next_dist_1e8vcs8._.js:776
[ 3562371ms] [LOG] [Fast Refresh] done in 99ms @ http://localhost:5173/_next/static/chunks/node_modules_next_dist_1e8vcs8._.js:776
[ 3562415ms] [LOG] [Fast Refresh] done in 99ms @ http://localhost:5173/_next/static/chunks/node_modules_next_dist_1e8vcs8._.js:776
[ 3562454ms] [LOG] [Fast Refresh] done in 99ms @ http://localhost:5173/_next/static/chunks/node_modules_next_dist_1e8vcs8._.js:776
[ 3562506ms] [LOG] [Fast Refresh] done in 99ms @ http://localhost:5173/_next/static/chunks/node_modules_next_dist_1e8vcs8._.js:776
[ 3562556ms] [LOG] [Fast Refresh] done in 99ms @ http://localhost:5173/_next/static/chunks/node_modules_next_dist_1e8vcs8._.js:776
[ 3562611ms] [LOG] [Fast Refresh] done in 99ms @ http://localhost:5173/_next/static/chunks/node_modules_next_dist_1e8vcs8._.js:776
[ 3562656ms] [LOG] [Fast Refresh] done in 99ms @ http://localhost:5173/_next/static/chunks/node_modules_next_dist_1e8vcs8._.js:776
[ 3562702ms] [LOG] [Fast Refresh] done in 99ms @ http://localhost:5173/_next/static/chunks/node_modules_next_dist_1e8vcs8._.js:776
[ 3562745ms] [LOG] [Fast Refresh] done in 99ms @ http://localhost:5173/_next/static/chunks/node_modules_next_dist_1e8vcs8._.js:776
[ 3562793ms] [LOG] [Fast Refresh] done in 99ms @ http://localhost:5173/_next/static/chunks/node_modules_next_dist_1e8vcs8._.js:776
[ 3562844ms] [LOG] [Fast Refresh] done in 99ms @ http://localhost:5173/_next/static/chunks/node_modules_next_dist_1e8vcs8._.js:776
[ 3562905ms] [LOG] [Fast Refresh] done in 99ms @ http://localhost:5173/_next/static/chunks/node_modules_next_dist_1e8vcs8._.js:776
[ 3562962ms] [LOG] [Fast Refresh] done in 99ms @ http://localhost:5173/_next/static/chunks/node_modules_next_dist_1e8vcs8._.js:776
[ 3563028ms] [LOG] [Fast Refresh] done in 99ms @ http://localhost:5173/_next/static/chunks/node_modules_next_dist_1e8vcs8._.js:776
[ 3563084ms] [LOG] [Fast Refresh] done in 99ms @ http://localhost:5173/_next/static/chunks/node_modules_next_dist_1e8vcs8._.js:776
[ 3563131ms] [LOG] [Fast Refresh] done in 99ms @ http://localhost:5173/_next/static/chunks/node_modules_next_dist_1e8vcs8._.js:776
[ 3563171ms] [LOG] [Fast Refresh] done in 99ms @ http://localhost:5173/_next/static/chunks/node_modules_next_dist_1e8vcs8._.js:776
[ 3563220ms] [LOG] [Fast Refresh] done in 99ms @ http://localhost:5173/_next/static/chunks/node_modules_next_dist_1e8vcs8._.js:776
[ 3563275ms] [LOG] [Fast Refresh] done in 99ms @ http://localhost:5173/_next/static/chunks/node_modules_next_dist_1e8vcs8._.js:776
[ 3563317ms] [LOG] [Fast Refresh] done in 99ms @ http://localhost:5173/_next/static/chunks/node_modules_next_dist_1e8vcs8._.js:776
[ 3563358ms] [LOG] [Fast Refresh] done in 99ms @ http://localhost:5173/_next/static/chunks/node_modules_next_dist_1e8vcs8._.js:776
[ 3563410ms] [LOG] [Fast Refresh] done in 99ms @ http://localhost:5173/_next/static/chunks/node_modules_next_dist_1e8vcs8._.js:776
[ 3563451ms] [LOG] [Fast Refresh] done in 99ms @ http://localhost:5173/_next/static/chunks/node_modules_next_dist_1e8vcs8._.js:776
[ 3563500ms] [LOG] [Fast Refresh] done in 99ms @ http://localhost:5173/_next/static/chunks/node_modules_next_dist_1e8vcs8._.js:776
[ 3563540ms] [LOG] [Fast Refresh] done in 99ms @ http://localhost:5173/_next/static/chunks/node_modules_next_dist_1e8vcs8._.js:776
[ 3563582ms] [LOG] [Fast Refresh] done in 99ms @ http://localhost:5173/_next/static/chunks/node_modules_next_dist_1e8vcs8._.js:776
[ 3563636ms] [LOG] [Fast Refresh] done in 99ms @ http://localhost:5173/_next/static/chunks/node_modules_next_dist_1e8vcs8._.js:776
[ 3563685ms] [LOG] [Fast Refresh] done in 99ms @ http://localhost:5173/_next/static/chunks/node_modules_next_dist_1e8vcs8._.js:776
[ 3563733ms] [LOG] [Fast Refresh] done in 99ms @ http://localhost:5173/_next/static/chunks/node_modules_next_dist_1e8vcs8._.js:776
[ 3563791ms] [LOG] [Fast Refresh] done in 99ms @ http://localhost:5173/_next/static/chunks/node_modules_next_dist_1e8vcs8._.js:776
[ 3563835ms] [LOG] [Fast Refresh] done in 99ms @ http://localhost:5173/_next/static/chunks/node_modules_next_dist_1e8vcs8._.js:776
[ 3563886ms] [LOG] [Fast Refresh] done in 99ms @ http://localhost:5173/_next/static/chunks/node_modules_next_dist_1e8vcs8._.js:776
[ 3563947ms] [LOG] [Fast Refresh] done in 99ms @ http://localhost:5173/_next/static/chunks/node_modules_next_dist_1e8vcs8._.js:776
[ 3563996ms] [LOG] [Fast Refresh] done in 99ms @ http://localhost:5173/_next/static/chunks/node_modules_next_dist_1e8vcs8._.js:776
[ 3564047ms] [LOG] [Fast Refresh] done in 99ms @ http://localhost:5173/_next/static/chunks/node_modules_next_dist_1e8vcs8._.js:776
[ 3564109ms] [LOG] [Fast Refresh] done in 99ms @ http://localhost:5173/_next/static/chunks/node_modules_next_dist_1e8vcs8._.js:776
[ 3564171ms] [LOG] [Fast Refresh] done in 99ms @ http://localhost:5173/_next/static/chunks/node_modules_next_dist_1e8vcs8._.js:776
[ 3564216ms] [LOG] [Fast Refresh] done in 99ms @ http://localhost:5173/_next/static/chunks/node_modules_next_dist_1e8vcs8._.js:776
[ 3564275ms] [LOG] [Fast Refresh] done in 99ms @ http://localhost:5173/_next/static/chunks/node_modules_next_dist_1e8vcs8._.js:776
[ 3564337ms] [LOG] [Fast Refresh] done in 99ms @ http://localhost:5173/_next/static/chunks/node_modules_next_dist_1e8vcs8._.js:776
[ 3564388ms] [LOG] [Fast Refresh] done in 99ms @ http://localhost:5173/_next/static/chunks/node_modules_next_dist_1e8vcs8._.js:776
[ 3564443ms] [LOG] [Fast Refresh] done in 99ms @ http://localhost:5173/_next/static/chunks/node_modules_next_dist_1e8vcs8._.js:776
[ 3564495ms] [LOG] [Fast Refresh] done in 99ms @ http://localhost:5173/_next/static/chunks/node_modules_next_dist_1e8vcs8._.js:776
[ 3564546ms] [LOG] [Fast Refresh] done in 99ms @ http://localhost:5173/_next/static/chunks/node_modules_next_dist_1e8vcs8._.js:776
[ 3564599ms] [LOG] [Fast Refresh] done in 99ms @ http://localhost:5173/_next/static/chunks/node_modules_next_dist_1e8vcs8._.js:776
[ 3564648ms] [LOG] [Fast Refresh] done in 99ms @ http://localhost:5173/_next/static/chunks/node_modules_next_dist_1e8vcs8._.js:776
[ 3564698ms] [LOG] [Fast Refresh] done in 99ms @ http://localhost:5173/_next/static/chunks/node_modules_next_dist_1e8vcs8._.js:776
[ 3564752ms] [LOG] [Fast Refresh] done in 99ms @ http://localhost:5173/_next/static/chunks/node_modules_next_dist_1e8vcs8._.js:776
[ 3564802ms] [LOG] [Fast Refresh] done in 99ms @ http://localhost:5173/_next/static/chunks/node_modules_next_dist_1e8vcs8._.js:776
[ 3564864ms] [LOG] [Fast Refresh] done in 99ms @ http://localhost:5173/_next/static/chunks/node_modules_next_dist_1e8vcs8._.js:776
[ 3564916ms] [LOG] [Fast Refresh] done in 99ms @ http://localhost:5173/_next/static/chunks/node_modules_next_dist_1e8vcs8._.js:776
[ 3564976ms] [LOG] [Fast Refresh] done in 99ms @ http://localhost:5173/_next/static/chunks/node_modules_next_dist_1e8vcs8._.js:776
[ 3565024ms] [LOG] [Fast Refresh] done in 99ms @ http://localhost:5173/_next/static/chunks/node_modules_next_dist_1e8vcs8._.js:776
[ 3565064ms] [LOG] [Fast Refresh] done in 99ms @ http://localhost:5173/_next/static/chunks/node_modules_next_dist_1e8vcs8._.js:776
[ 3565125ms] [LOG] [Fast Refresh] done in 99ms @ http://localhost:5173/_next/static/chunks/node_modules_next_dist_1e8vcs8._.js:776
[ 3565178ms] [LOG] [Fast Refresh] done in 99ms @ http://localhost:5173/_next/static/chunks/node_modules_next_dist_1e8vcs8._.js:776
[ 3565242ms] [LOG] [Fast Refresh] done in 99ms @ http://localhost:5173/_next/static/chunks/node_modules_next_dist_1e8vcs8._.js:776
[ 3565297ms] [LOG] [Fast Refresh] done in 99ms @ http://localhost:5173/_next/static/chunks/node_modules_next_dist_1e8vcs8._.js:776
[ 3565360ms] [LOG] [Fast Refresh] done in 99ms @ http://localhost:5173/_next/static/chunks/node_modules_next_dist_1e8vcs8._.js:776
[ 3565418ms] [LOG] [Fast Refresh] done in 99ms @ http://localhost:5173/_next/static/chunks/node_modules_next_dist_1e8vcs8._.js:776
[ 3565479ms] [LOG] [Fast Refresh] done in 99ms @ http://localhost:5173/_next/static/chunks/node_modules_next_dist_1e8vcs8._.js:776
[ 3565528ms] [LOG] [Fast Refresh] done in 99ms @ http://localhost:5173/_next/static/chunks/node_modules_next_dist_1e8vcs8._.js:776
[ 3565594ms] [LOG] [Fast Refresh] done in 99ms @ http://localhost:5173/_next/static/chunks/node_modules_next_dist_1e8vcs8._.js:776
[ 3565656ms] [LOG] [Fast Refresh] done in 99ms @ http://localhost:5173/_next/static/chunks/node_modules_next_dist_1e8vcs8._.js:776
[ 3565724ms] [LOG] [Fast Refresh] done in 99ms @ http://localhost:5173/_next/static/chunks/node_modules_next_dist_1e8vcs8._.js:776
[ 3565772ms] [LOG] [Fast Refresh] done in 99ms @ http://localhost:5173/_next/static/chunks/node_modules_next_dist_1e8vcs8._.js:776
[ 3565827ms] [LOG] [Fast Refresh] done in 99ms @ http://localhost:5173/_next/static/chunks/node_modules_next_dist_1e8vcs8._.js:776
[ 3565877ms] [LOG] [Fast Refresh] done in 99ms @ http://localhost:5173/_next/static/chunks/node_modules_next_dist_1e8vcs8._.js:776
[ 3565925ms] [LOG] [Fast Refresh] done in 99ms @ http://localhost:5173/_next/static/chunks/node_modules_next_dist_1e8vcs8._.js:776
[ 3565973ms] [LOG] [Fast Refresh] done in 99ms @ http://localhost:5173/_next/static/chunks/node_modules_next_dist_1e8vcs8._.js:776
[ 3566034ms] [LOG] [Fast Refresh] done in 99ms @ http://localhost:5173/_next/static/chunks/node_modules_next_dist_1e8vcs8._.js:776
[ 3566085ms] [LOG] [Fast Refresh] done in 99ms @ http://localhost:5173/_next/static/chunks/node_modules_next_dist_1e8vcs8._.js:776
[ 3566148ms] [LOG] [Fast Refresh] done in 99ms @ http://localhost:5173/_next/static/chunks/node_modules_next_dist_1e8vcs8._.js:776
[ 3566205ms] [LOG] [Fast Refresh] done in 99ms @ http://localhost:5173/_next/static/chunks/node_modules_next_dist_1e8vcs8._.js:776
[ 3566268ms] [LOG] [Fast Refresh] done in 99ms @ http://localhost:5173/_next/static/chunks/node_modules_next_dist_1e8vcs8._.js:776
[ 3566307ms] [LOG] [Fast Refresh] done in 99ms @ http://localhost:5173/_next/static/chunks/node_modules_next_dist_1e8vcs8._.js:776
[ 3566364ms] [LOG] [Fast Refresh] done in 99ms @ http://localhost:5173/_next/static/chunks/node_modules_next_dist_1e8vcs8._.js:776
[ 3566422ms] [LOG] [Fast Refresh] done in 99ms @ http://localhost:5173/_next/static/chunks/node_modules_next_dist_1e8vcs8._.js:776
[ 3566473ms] [LOG] [Fast Refresh] done in 99ms @ http://localhost:5173/_next/static/chunks/node_modules_next_dist_1e8vcs8._.js:776
[ 3566539ms] [LOG] [Fast Refresh] done in 99ms @ http://localhost:5173/_next/static/chunks/node_modules_next_dist_1e8vcs8._.js:776
[ 3566593ms] [LOG] [Fast Refresh] done in 99ms @ http://localhost:5173/_next/static/chunks/node_modules_next_dist_1e8vcs8._.js:776
[ 3566656ms] [LOG] [Fast Refresh] done in 99ms @ http://localhost:5173/_next/static/chunks/node_modules_next_dist_1e8vcs8._.js:776
[ 3566722ms] [LOG] [Fast Refresh] done in 99ms @ http://localhost:5173/_next/static/chunks/node_modules_next_dist_1e8vcs8._.js:776
[ 3566771ms] [LOG] [Fast Refresh] done in 99ms @ http://localhost:5173/_next/static/chunks/node_modules_next_dist_1e8vcs8._.js:776
[ 3566838ms] [LOG] [Fast Refresh] done in 99ms @ http://localhost:5173/_next/static/chunks/node_modules_next_dist_1e8vcs8._.js:776
[ 3566898ms] [LOG] [Fast Refresh] done in 99ms @ http://localhost:5173/_next/static/chunks/node_modules_next_dist_1e8vcs8._.js:776
[ 3566958ms] [LOG] [Fast Refresh] done in 99ms @ http://localhost:5173/_next/static/chunks/node_modules_next_dist_1e8vcs8._.js:776
[ 3567025ms] [LOG] [Fast Refresh] done in 99ms @ http://localhost:5173/_next/static/chunks/node_modules_next_dist_1e8vcs8._.js:776
[ 3567078ms] [LOG] [Fast Refresh] done in 99ms @ http://localhost:5173/_next/static/chunks/node_modules_next_dist_1e8vcs8._.js:776
[ 3567125ms] [LOG] [Fast Refresh] done in 99ms @ http://localhost:5173/_next/static/chunks/node_modules_next_dist_1e8vcs8._.js:776
[ 3567175ms] [LOG] [Fast Refresh] done in 99ms @ http://localhost:5173/_next/static/chunks/node_modules_next_dist_1e8vcs8._.js:776
[ 3567238ms] [LOG] [Fast Refresh] done in 99ms @ http://localhost:5173/_next/static/chunks/node_modules_next_dist_1e8vcs8._.js:776
[ 3567299ms] [LOG] [Fast Refresh] done in 99ms @ http://localhost:5173/_next/static/chunks/node_modules_next_dist_1e8vcs8._.js:776
[ 3567355ms] [LOG] [Fast Refresh] done in 99ms @ http://localhost:5173/_next/static/chunks/node_modules_next_dist_1e8vcs8._.js:776
[ 3567407ms] [LOG] [Fast Refresh] done in 99ms @ http://localhost:5173/_next/static/chunks/node_modules_next_dist_1e8vcs8._.js:776
[ 3567469ms] [LOG] [Fast Refresh] done in 99ms @ http://localhost:5173/_next/static/chunks/node_modules_next_dist_1e8vcs8._.js:776
[ 3567519ms] [LOG] [Fast Refresh] done in 99ms @ http://localhost:5173/_next/static/chunks/node_modules_next_dist_1e8vcs8._.js:776
[ 3567567ms] [LOG] [Fast Refresh] done in 99ms @ http://localhost:5173/_next/static/chunks/node_modules_next_dist_1e8vcs8._.js:776
[ 3567610ms] [LOG] [Fast Refresh] done in 99ms @ http://localhost:5173/_next/static/chunks/node_modules_next_dist_1e8vcs8._.js:776
[ 3567660ms] [LOG] [Fast Refresh] done in 99ms @ http://localhost:5173/_next/static/chunks/node_modules_next_dist_1e8vcs8._.js:776
[ 3567712ms] [LOG] [Fast Refresh] done in 99ms @ http://localhost:5173/_next/static/chunks/node_modules_next_dist_1e8vcs8._.js:776
[ 3567773ms] [LOG] [Fast Refresh] done in 99ms @ http://localhost:5173/_next/static/chunks/node_modules_next_dist_1e8vcs8._.js:776
[ 3567819ms] [LOG] [Fast Refresh] done in 99ms @ http://localhost:5173/_next/static/chunks/node_modules_next_dist_1e8vcs8._.js:776
[ 3567874ms] [LOG] [Fast Refresh] done in 99ms @ http://localhost:5173/_next/static/chunks/node_modules_next_dist_1e8vcs8._.js:776
[ 3567928ms] [LOG] [Fast Refresh] done in 99ms @ http://localhost:5173/_next/static/chunks/node_modules_next_dist_1e8vcs8._.js:776
[ 3567978ms] [LOG] [Fast Refresh] done in 99ms @ http://localhost:5173/_next/static/chunks/node_modules_next_dist_1e8vcs8._.js:776
[ 3568025ms] [LOG] [Fast Refresh] done in 99ms @ http://localhost:5173/_next/static/chunks/node_modules_next_dist_1e8vcs8._.js:776
[ 3568077ms] [LOG] [Fast Refresh] done in 99ms @ http://localhost:5173/_next/static/chunks/node_modules_next_dist_1e8vcs8._.js:776
[ 3568140ms] [LOG] [Fast Refresh] done in 99ms @ http://localhost:5173/_next/static/chunks/node_modules_next_dist_1e8vcs8._.js:776
[ 3568190ms] [LOG] [Fast Refresh] done in 99ms @ http://localhost:5173/_next/static/chunks/node_modules_next_dist_1e8vcs8._.js:776
[ 3568252ms] [LOG] [Fast Refresh] done in 99ms @ http://localhost:5173/_next/static/chunks/node_modules_next_dist_1e8vcs8._.js:776
[ 3568300ms] [LOG] [Fast Refresh] done in 99ms @ http://localhost:5173/_next/static/chunks/node_modules_next_dist_1e8vcs8._.js:776
[ 3568352ms] [LOG] [Fast Refresh] done in 99ms @ http://localhost:5173/_next/static/chunks/node_modules_next_dist_1e8vcs8._.js:776
[ 3568402ms] [LOG] [Fast Refresh] done in 99ms @ http://localhost:5173/_next/static/chunks/node_modules_next_dist_1e8vcs8._.js:776
[ 3568465ms] [LOG] [Fast Refresh] done in 99ms @ http://localhost:5173/_next/static/chunks/node_modules_next_dist_1e8vcs8._.js:776
[ 3568512ms] [LOG] [Fast Refresh] done in 99ms @ http://localhost:5173/_next/static/chunks/node_modules_next_dist_1e8vcs8._.js:776
[ 3568573ms] [LOG] [Fast Refresh] done in 99ms @ http://localhost:5173/_next/static/chunks/node_modules_next_dist_1e8vcs8._.js:776
[ 3568635ms] [LOG] [Fast Refresh] done in 99ms @ http://localhost:5173/_next/static/chunks/node_modules_next_dist_1e8vcs8._.js:776
[ 3568695ms] [LOG] [Fast Refresh] done in 99ms @ http://localhost:5173/_next/static/chunks/node_modules_next_dist_1e8vcs8._.js:776
[ 3568757ms] [LOG] [Fast Refresh] done in 99ms @ http://localhost:5173/_next/static/chunks/node_modules_next_dist_1e8vcs8._.js:776
[ 3568820ms] [LOG] [Fast Refresh] done in 99ms @ http://localhost:5173/_next/static/chunks/node_modules_next_dist_1e8vcs8._.js:776
[ 3568882ms] [LOG] [Fast Refresh] done in 99ms @ http://localhost:5173/_next/static/chunks/node_modules_next_dist_1e8vcs8._.js:776
[ 3568929ms] [LOG] [Fast Refresh] done in 99ms @ http://localhost:5173/_next/static/chunks/node_modules_next_dist_1e8vcs8._.js:776
[ 3568986ms] [LOG] [Fast Refresh] done in 99ms @ http://localhost:5173/_next/static/chunks/node_modules_next_dist_1e8vcs8._.js:776
[ 3569048ms] [LOG] [Fast Refresh] done in 99ms @ http://localhost:5173/_next/static/chunks/node_modules_next_dist_1e8vcs8._.js:776
[ 3569106ms] [LOG] [Fast Refresh] done in 99ms @ http://localhost:5173/_next/static/chunks/node_modules_next_dist_1e8vcs8._.js:776
[ 3569154ms] [LOG] [Fast Refresh] done in 99ms @ http://localhost:5173/_next/static/chunks/node_modules_next_dist_1e8vcs8._.js:776
[ 3569219ms] [LOG] [Fast Refresh] done in 99ms @ http://localhost:5173/_next/static/chunks/node_modules_next_dist_1e8vcs8._.js:776
[ 3569256ms] [LOG] [Fast Refresh] done in 99ms @ http://localhost:5173/_next/static/chunks/node_modules_next_dist_1e8vcs8._.js:776
[ 3569322ms] [LOG] [Fast Refresh] done in 99ms @ http://localhost:5173/_next/static/chunks/node_modules_next_dist_1e8vcs8._.js:776
[ 3569374ms] [LOG] [Fast Refresh] done in 99ms @ http://localhost:5173/_next/static/chunks/node_modules_next_dist_1e8vcs8._.js:776
[ 3569436ms] [LOG] [Fast Refresh] done in 99ms @ http://localhost:5173/_next/static/chunks/node_modules_next_dist_1e8vcs8._.js:776
[ 3569499ms] [LOG] [Fast Refresh] done in 99ms @ http://localhost:5173/_next/static/chunks/node_modules_next_dist_1e8vcs8._.js:776
[ 3569546ms] [LOG] [Fast Refresh] done in 99ms @ http://localhost:5173/_next/static/chunks/node_modules_next_dist_1e8vcs8._.js:776
[ 3569594ms] [LOG] [Fast Refresh] done in 99ms @ http://localhost:5173/_next/static/chunks/node_modules_next_dist_1e8vcs8._.js:776
[ 3569644ms] [LOG] [Fast Refresh] done in 99ms @ http://localhost:5173/_next/static/chunks/node_modules_next_dist_1e8vcs8._.js:776
[ 3569693ms] [LOG] [Fast Refresh] done in 99ms @ http://localhost:5173/_next/static/chunks/node_modules_next_dist_1e8vcs8._.js:776
[ 3569758ms] [LOG] [Fast Refresh] done in 99ms @ http://localhost:5173/_next/static/chunks/node_modules_next_dist_1e8vcs8._.js:776
[ 3569824ms] [LOG] [Fast Refresh] done in 99ms @ http://localhost:5173/_next/static/chunks/node_modules_next_dist_1e8vcs8._.js:776
[ 3569874ms] [LOG] [Fast Refresh] done in 99ms @ http://localhost:5173/_next/static/chunks/node_modules_next_dist_1e8vcs8._.js:776
[ 3569925ms] [LOG] [Fast Refresh] done in 99ms @ http://localhost:5173/_next/static/chunks/node_modules_next_dist_1e8vcs8._.js:776
[ 3569979ms] [LOG] [Fast Refresh] done in 99ms @ http://localhost:5173/_next/static/chunks/node_modules_next_dist_1e8vcs8._.js:776
[ 3570028ms] [LOG] [Fast Refresh] done in 99ms @ http://localhost:5173/_next/static/chunks/node_modules_next_dist_1e8vcs8._.js:776
[ 3570082ms] [LOG] [Fast Refresh] done in 99ms @ http://localhost:5173/_next/static/chunks/node_modules_next_dist_1e8vcs8._.js:776
[ 3570143ms] [LOG] [Fast Refresh] done in 99ms @ http://localhost:5173/_next/static/chunks/node_modules_next_dist_1e8vcs8._.js:776
[ 3570193ms] [LOG] [Fast Refresh] done in 99ms @ http://localhost:5173/_next/static/chunks/node_modules_next_dist_1e8vcs8._.js:776
[ 3570255ms] [LOG] [Fast Refresh] done in 99ms @ http://localhost:5173/_next/static/chunks/node_modules_next_dist_1e8vcs8._.js:776
[ 3570306ms] [LOG] [Fast Refresh] done in 99ms @ http://localhost:5173/_next/static/chunks/node_modules_next_dist_1e8vcs8._.js:776
[ 3570369ms] [LOG] [Fast Refresh] done in 99ms @ http://localhost:5173/_next/static/chunks/node_modules_next_dist_1e8vcs8._.js:776
[ 3570422ms] [LOG] [Fast Refresh] done in 99ms @ http://localhost:5173/_next/static/chunks/node_modules_next_dist_1e8vcs8._.js:776
[ 3570476ms] [LOG] [Fast Refresh] done in 99ms @ http://localhost:5173/_next/static/chunks/node_modules_next_dist_1e8vcs8._.js:776
[ 3570539ms] [LOG] [Fast Refresh] done in 99ms @ http://localhost:5173/_next/static/chunks/node_modules_next_dist_1e8vcs8._.js:776
[ 3570594ms] [LOG] [Fast Refresh] done in 99ms @ http://localhost:5173/_next/static/chunks/node_modules_next_dist_1e8vcs8._.js:776
[ 3570644ms] [LOG] [Fast Refresh] done in 99ms @ http://localhost:5173/_next/static/chunks/node_modules_next_dist_1e8vcs8._.js:776
[ 3570700ms] [LOG] [Fast Refresh] done in 99ms @ http://localhost:5173/_next/static/chunks/node_modules_next_dist_1e8vcs8._.js:776
[ 3570761ms] [LOG] [Fast Refresh] done in 99ms @ http://localhost:5173/_next/static/chunks/node_modules_next_dist_1e8vcs8._.js:776
[ 3570828ms] [LOG] [Fast Refresh] done in 99ms @ http://localhost:5173/_next/static/chunks/node_modules_next_dist_1e8vcs8._.js:776
[ 3570886ms] [LOG] [Fast Refresh] done in 99ms @ http://localhost:5173/_next/static/chunks/node_modules_next_dist_1e8vcs8._.js:776
[ 3570940ms] [LOG] [Fast Refresh] done in 99ms @ http://localhost:5173/_next/static/chunks/node_modules_next_dist_1e8vcs8._.js:776
[ 3570993ms] [LOG] [Fast Refresh] done in 99ms @ http://localhost:5173/_next/static/chunks/node_modules_next_dist_1e8vcs8._.js:776
[ 3571056ms] [LOG] [Fast Refresh] done in 99ms @ http://localhost:5173/_next/static/chunks/node_modules_next_dist_1e8vcs8._.js:776
[ 3571107ms] [LOG] [Fast Refresh] done in 99ms @ http://localhost:5173/_next/static/chunks/node_modules_next_dist_1e8vcs8._.js:776
[ 3571154ms] [LOG] [Fast Refresh] done in 99ms @ http://localhost:5173/_next/static/chunks/node_modules_next_dist_1e8vcs8._.js:776
[ 3571204ms] [LOG] [Fast Refresh] done in 99ms @ http://localhost:5173/_next/static/chunks/node_modules_next_dist_1e8vcs8._.js:776
[ 3571262ms] [LOG] [Fast Refresh] done in 99ms @ http://localhost:5173/_next/static/chunks/node_modules_next_dist_1e8vcs8._.js:776
[ 3571312ms] [LOG] [Fast Refresh] done in 99ms @ http://localhost:5173/_next/static/chunks/node_modules_next_dist_1e8vcs8._.js:776
[ 3571366ms] [LOG] [Fast Refresh] done in 99ms @ http://localhost:5173/_next/static/chunks/node_modules_next_dist_1e8vcs8._.js:776
[ 3571418ms] [LOG] [Fast Refresh] done in 99ms @ http://localhost:5173/_next/static/chunks/node_modules_next_dist_1e8vcs8._.js:776
[ 3571475ms] [LOG] [Fast Refresh] done in 99ms @ http://localhost:5173/_next/static/chunks/node_modules_next_dist_1e8vcs8._.js:776
[ 3571538ms] [LOG] [Fast Refresh] done in 99ms @ http://localhost:5173/_next/static/chunks/node_modules_next_dist_1e8vcs8._.js:776
[ 3571588ms] [LOG] [Fast Refresh] done in 99ms @ http://localhost:5173/_next/static/chunks/node_modules_next_dist_1e8vcs8._.js:776
[ 3571636ms] [LOG] [Fast Refresh] done in 99ms @ http://localhost:5173/_next/static/chunks/node_modules_next_dist_1e8vcs8._.js:776
[ 3571690ms] [LOG] [Fast Refresh] done in 99ms @ http://localhost:5173/_next/static/chunks/node_modules_next_dist_1e8vcs8._.js:776
[ 3571738ms] [LOG] [Fast Refresh] done in 99ms @ http://localhost:5173/_next/static/chunks/node_modules_next_dist_1e8vcs8._.js:776
[ 3571791ms] [LOG] [Fast Refresh] done in 99ms @ http://localhost:5173/_next/static/chunks/node_modules_next_dist_1e8vcs8._.js:776
[ 3571855ms] [LOG] [Fast Refresh] done in 99ms @ http://localhost:5173/_next/static/chunks/node_modules_next_dist_1e8vcs8._.js:776
[ 3571907ms] [LOG] [Fast Refresh] done in 99ms @ http://localhost:5173/_next/static/chunks/node_modules_next_dist_1e8vcs8._.js:776
[ 3571970ms] [LOG] [Fast Refresh] done in 99ms @ http://localhost:5173/_next/static/chunks/node_modules_next_dist_1e8vcs8._.js:776
[ 3572020ms] [LOG] [Fast Refresh] done in 99ms @ http://localhost:5173/_next/static/chunks/node_modules_next_dist_1e8vcs8._.js:776
[ 3572086ms] [LOG] [Fast Refresh] done in 99ms @ http://localhost:5173/_next/static/chunks/node_modules_next_dist_1e8vcs8._.js:776
[ 3572148ms] [LOG] [Fast Refresh] done in 99ms @ http://localhost:5173/_next/static/chunks/node_modules_next_dist_1e8vcs8._.js:776
[ 3572211ms] [LOG] [Fast Refresh] done in 99ms @ http://localhost:5173/_next/static/chunks/node_modules_next_dist_1e8vcs8._.js:776
[ 3572262ms] [LOG] [Fast Refresh] done in 99ms @ http://localhost:5173/_next/static/chunks/node_modules_next_dist_1e8vcs8._.js:776
[ 3572310ms] [LOG] [Fast Refresh] done in 99ms @ http://localhost:5173/_next/static/chunks/node_modules_next_dist_1e8vcs8._.js:776
[ 3572377ms] [LOG] [Fast Refresh] done in 99ms @ http://localhost:5173/_next/static/chunks/node_modules_next_dist_1e8vcs8._.js:776
[ 3572438ms] [LOG] [Fast Refresh] done in 99ms @ http://localhost:5173/_next/static/chunks/node_modules_next_dist_1e8vcs8._.js:776
[ 3572481ms] [LOG] [Fast Refresh] done in 99ms @ http://localhost:5173/_next/static/chunks/node_modules_next_dist_1e8vcs8._.js:776
[ 3572532ms] [LOG] [Fast Refresh] done in 99ms @ http://localhost:5173/_next/static/chunks/node_modules_next_dist_1e8vcs8._.js:776
[ 3572594ms] [LOG] [Fast Refresh] done in 99ms @ http://localhost:5173/_next/static/chunks/node_modules_next_dist_1e8vcs8._.js:776
[ 3572649ms] [LOG] [Fast Refresh] done in 99ms @ http://localhost:5173/_next/static/chunks/node_modules_next_dist_1e8vcs8._.js:776
[ 3572697ms] [LOG] [Fast Refresh] done in 99ms @ http://localhost:5173/_next/static/chunks/node_modules_next_dist_1e8vcs8._.js:776
[ 3572759ms] [LOG] [Fast Refresh] done in 99ms @ http://localhost:5173/_next/static/chunks/node_modules_next_dist_1e8vcs8._.js:776
[ 3572824ms] [LOG] [Fast Refresh] done in 99ms @ http://localhost:5173/_next/static/chunks/node_modules_next_dist_1e8vcs8._.js:776
[ 3572876ms] [LOG] [Fast Refresh] done in 99ms @ http://localhost:5173/_next/static/chunks/node_modules_next_dist_1e8vcs8._.js:776
[ 3572939ms] [LOG] [Fast Refresh] done in 99ms @ http://localhost:5173/_next/static/chunks/node_modules_next_dist_1e8vcs8._.js:776
[ 3572997ms] [LOG] [Fast Refresh] done in 99ms @ http://localhost:5173/_next/static/chunks/node_modules_next_dist_1e8vcs8._.js:776
[ 3573051ms] [LOG] [Fast Refresh] done in 99ms @ http://localhost:5173/_next/static/chunks/node_modules_next_dist_1e8vcs8._.js:776
[ 3573102ms] [LOG] [Fast Refresh] done in 99ms @ http://localhost:5173/_next/static/chunks/node_modules_next_dist_1e8vcs8._.js:776
[ 3573150ms] [LOG] [Fast Refresh] done in 99ms @ http://localhost:5173/_next/static/chunks/node_modules_next_dist_1e8vcs8._.js:776
[ 3573199ms] [LOG] [Fast Refresh] done in 99ms @ http://localhost:5173/_next/static/chunks/node_modules_next_dist_1e8vcs8._.js:776
[ 3573245ms] [LOG] [Fast Refresh] done in 99ms @ http://localhost:5173/_next/static/chunks/node_modules_next_dist_1e8vcs8._.js:776
[ 3573294ms] [LOG] [Fast Refresh] done in 99ms @ http://localhost:5173/_next/static/chunks/node_modules_next_dist_1e8vcs8._.js:776
[ 3573356ms] [LOG] [Fast Refresh] done in 99ms @ http://localhost:5173/_next/static/chunks/node_modules_next_dist_1e8vcs8._.js:776
[ 3573425ms] [LOG] [Fast Refresh] done in 99ms @ http://localhost:5173/_next/static/chunks/node_modules_next_dist_1e8vcs8._.js:776
[ 3573479ms] [LOG] [Fast Refresh] done in 99ms @ http://localhost:5173/_next/static/chunks/node_modules_next_dist_1e8vcs8._.js:776
[ 3573532ms] [LOG] [Fast Refresh] done in 99ms @ http://localhost:5173/_next/static/chunks/node_modules_next_dist_1e8vcs8._.js:776
[ 3573593ms] [LOG] [Fast Refresh] done in 99ms @ http://localhost:5173/_next/static/chunks/node_modules_next_dist_1e8vcs8._.js:776
[ 3573641ms] [LOG] [Fast Refresh] done in 99ms @ http://localhost:5173/_next/static/chunks/node_modules_next_dist_1e8vcs8._.js:776
[ 3573690ms] [LOG] [Fast Refresh] done in 99ms @ http://localhost:5173/_next/static/chunks/node_modules_next_dist_1e8vcs8._.js:776
[ 3573753ms] [LOG] [Fast Refresh] done in 99ms @ http://localhost:5173/_next/static/chunks/node_modules_next_dist_1e8vcs8._.js:776
[ 3573815ms] [LOG] [Fast Refresh] done in 99ms @ http://localhost:5173/_next/static/chunks/node_modules_next_dist_1e8vcs8._.js:776
[ 3573878ms] [LOG] [Fast Refresh] done in 99ms @ http://localhost:5173/_next/static/chunks/node_modules_next_dist_1e8vcs8._.js:776
[ 3573926ms] [LOG] [Fast Refresh] done in 99ms @ http://localhost:5173/_next/static/chunks/node_modules_next_dist_1e8vcs8._.js:776
[ 3573978ms] [LOG] [Fast Refresh] done in 99ms @ http://localhost:5173/_next/static/chunks/node_modules_next_dist_1e8vcs8._.js:776
[ 3574025ms] [LOG] [Fast Refresh] done in 99ms @ http://localhost:5173/_next/static/chunks/node_modules_next_dist_1e8vcs8._.js:776
[ 3574079ms] [LOG] [Fast Refresh] done in 99ms @ http://localhost:5173/_next/static/chunks/node_modules_next_dist_1e8vcs8._.js:776
[ 3574140ms] [LOG] [Fast Refresh] done in 99ms @ http://localhost:5173/_next/static/chunks/node_modules_next_dist_1e8vcs8._.js:776
[ 3574194ms] [LOG] [Fast Refresh] done in 99ms @ http://localhost:5173/_next/static/chunks/node_modules_next_dist_1e8vcs8._.js:776
[ 3574257ms] [LOG] [Fast Refresh] done in 99ms @ http://localhost:5173/_next/static/chunks/node_modules_next_dist_1e8vcs8._.js:776
[ 3574324ms] [LOG] [Fast Refresh] done in 99ms @ http://localhost:5173/_next/static/chunks/node_modules_next_dist_1e8vcs8._.js:776
[ 3574379ms] [LOG] [Fast Refresh] done in 99ms @ http://localhost:5173/_next/static/chunks/node_modules_next_dist_1e8vcs8._.js:776
[ 3574440ms] [LOG] [Fast Refresh] done in 99ms @ http://localhost:5173/_next/static/chunks/node_modules_next_dist_1e8vcs8._.js:776
[ 3574494ms] [LOG] [Fast Refresh] done in 99ms @ http://localhost:5173/_next/static/chunks/node_modules_next_dist_1e8vcs8._.js:776
[ 3574543ms] [LOG] [Fast Refresh] done in 99ms @ http://localhost:5173/_next/static/chunks/node_modules_next_dist_1e8vcs8._.js:776
[ 3574593ms] [LOG] [Fast Refresh] done in 99ms @ http://localhost:5173/_next/static/chunks/node_modules_next_dist_1e8vcs8._.js:776
[ 3574653ms] [LOG] [Fast Refresh] done in 99ms @ http://localhost:5173/_next/static/chunks/node_modules_next_dist_1e8vcs8._.js:776
[ 3574702ms] [LOG] [Fast Refresh] done in 99ms @ http://localhost:5173/_next/static/chunks/node_modules_next_dist_1e8vcs8._.js:776
[ 3574764ms] [LOG] [Fast Refresh] done in 99ms @ http://localhost:5173/_next/static/chunks/node_modules_next_dist_1e8vcs8._.js:776
[ 3574806ms] [LOG] [Fast Refresh] done in 99ms @ http://localhost:5173/_next/static/chunks/node_modules_next_dist_1e8vcs8._.js:776
[ 3574868ms] [LOG] [Fast Refresh] done in 99ms @ http://localhost:5173/_next/static/chunks/node_modules_next_dist_1e8vcs8._.js:776
[ 3574920ms] [LOG] [Fast Refresh] done in 99ms @ http://localhost:5173/_next/static/chunks/node_modules_next_dist_1e8vcs8._.js:776
[ 3574983ms] [LOG] [Fast Refresh] done in 99ms @ http://localhost:5173/_next/static/chunks/node_modules_next_dist_1e8vcs8._.js:776
[ 3575045ms] [LOG] [Fast Refresh] done in 99ms @ http://localhost:5173/_next/static/chunks/node_modules_next_dist_1e8vcs8._.js:776
[ 3575107ms] [LOG] [Fast Refresh] done in 99ms @ http://localhost:5173/_next/static/chunks/node_modules_next_dist_1e8vcs8._.js:776
[ 3575169ms] [LOG] [Fast Refresh] done in 99ms @ http://localhost:5173/_next/static/chunks/node_modules_next_dist_1e8vcs8._.js:776
[ 3575208ms] [LOG] [Fast Refresh] done in 99ms @ http://localhost:5173/_next/static/chunks/node_modules_next_dist_1e8vcs8._.js:776
[ 3575263ms] [LOG] [Fast Refresh] done in 99ms @ http://localhost:5173/_next/static/chunks/node_modules_next_dist_1e8vcs8._.js:776
[ 3575325ms] [LOG] [Fast Refresh] done in 99ms @ http://localhost:5173/_next/static/chunks/node_modules_next_dist_1e8vcs8._.js:776
[ 3575373ms] [LOG] [Fast Refresh] done in 99ms @ http://localhost:5173/_next/static/chunks/node_modules_next_dist_1e8vcs8._.js:776
[ 3575431ms] [LOG] [Fast Refresh] done in 99ms @ http://localhost:5173/_next/static/chunks/node_modules_next_dist_1e8vcs8._.js:776
[ 3575478ms] [LOG] [Fast Refresh] done in 99ms @ http://localhost:5173/_next/static/chunks/node_modules_next_dist_1e8vcs8._.js:776
[ 3575540ms] [LOG] [Fast Refresh] done in 99ms @ http://localhost:5173/_next/static/chunks/node_modules_next_dist_1e8vcs8._.js:776
[ 3575591ms] [LOG] [Fast Refresh] done in 99ms @ http://localhost:5173/_next/static/chunks/node_modules_next_dist_1e8vcs8._.js:776
[ 3575654ms] [LOG] [Fast Refresh] done in 99ms @ http://localhost:5173/_next/static/chunks/node_modules_next_dist_1e8vcs8._.js:776
[ 3575714ms] [LOG] [Fast Refresh] done in 99ms @ http://localhost:5173/_next/static/chunks/node_modules_next_dist_1e8vcs8._.js:776
[ 3575771ms] [LOG] [Fast Refresh] done in 99ms @ http://localhost:5173/_next/static/chunks/node_modules_next_dist_1e8vcs8._.js:776
[ 3575822ms] [LOG] [Fast Refresh] done in 99ms @ http://localhost:5173/_next/static/chunks/node_modules_next_dist_1e8vcs8._.js:776
[ 3575875ms] [LOG] [Fast Refresh] done in 99ms @ http://localhost:5173/_next/static/chunks/node_modules_next_dist_1e8vcs8._.js:776
[ 3575939ms] [LOG] [Fast Refresh] done in 99ms @ http://localhost:5173/_next/static/chunks/node_modules_next_dist_1e8vcs8._.js:776
[ 3575993ms] [LOG] [Fast Refresh] done in 99ms @ http://localhost:5173/_next/static/chunks/node_modules_next_dist_1e8vcs8._.js:776
[ 3576055ms] [LOG] [Fast Refresh] done in 99ms @ http://localhost:5173/_next/static/chunks/node_modules_next_dist_1e8vcs8._.js:776
[ 3576113ms] [LOG] [Fast Refresh] done in 99ms @ http://localhost:5173/_next/static/chunks/node_modules_next_dist_1e8vcs8._.js:776
[ 3576173ms] [LOG] [Fast Refresh] done in 99ms @ http://localhost:5173/_next/static/chunks/node_modules_next_dist_1e8vcs8._.js:776
[ 3576227ms] [LOG] [Fast Refresh] done in 99ms @ http://localhost:5173/_next/static/chunks/node_modules_next_dist_1e8vcs8._.js:776
[ 3576276ms] [LOG] [Fast Refresh] done in 99ms @ http://localhost:5173/_next/static/chunks/node_modules_next_dist_1e8vcs8._.js:776
[ 3576338ms] [LOG] [Fast Refresh] done in 99ms @ http://localhost:5173/_next/static/chunks/node_modules_next_dist_1e8vcs8._.js:776
[ 3576380ms] [LOG] [Fast Refresh] done in 99ms @ http://localhost:5173/_next/static/chunks/node_modules_next_dist_1e8vcs8._.js:776
[ 3576442ms] [LOG] [Fast Refresh] done in 99ms @ http://localhost:5173/_next/static/chunks/node_modules_next_dist_1e8vcs8._.js:776
[ 3576492ms] [LOG] [Fast Refresh] done in 99ms @ http://localhost:5173/_next/static/chunks/node_modules_next_dist_1e8vcs8._.js:776
[ 3576554ms] [LOG] [Fast Refresh] done in 99ms @ http://localhost:5173/_next/static/chunks/node_modules_next_dist_1e8vcs8._.js:776
[ 3576611ms] [LOG] [Fast Refresh] done in 99ms @ http://localhost:5173/_next/static/chunks/node_modules_next_dist_1e8vcs8._.js:776
[ 3576673ms] [LOG] [Fast Refresh] done in 99ms @ http://localhost:5173/_next/static/chunks/node_modules_next_dist_1e8vcs8._.js:776
[ 3576723ms] [LOG] [Fast Refresh] done in 99ms @ http://localhost:5173/_next/static/chunks/node_modules_next_dist_1e8vcs8._.js:776
[ 3576775ms] [LOG] [Fast Refresh] done in 99ms @ http://localhost:5173/_next/static/chunks/node_modules_next_dist_1e8vcs8._.js:776
[ 3576827ms] [LOG] [Fast Refresh] done in 99ms @ http://localhost:5173/_next/static/chunks/node_modules_next_dist_1e8vcs8._.js:776
[ 3576880ms] [LOG] [Fast Refresh] done in 99ms @ http://localhost:5173/_next/static/chunks/node_modules_next_dist_1e8vcs8._.js:776
[ 3576943ms] [LOG] [Fast Refresh] done in 99ms @ http://localhost:5173/_next/static/chunks/node_modules_next_dist_1e8vcs8._.js:776
[ 3576992ms] [LOG] [Fast Refresh] done in 99ms @ http://localhost:5173/_next/static/chunks/node_modules_next_dist_1e8vcs8._.js:776
[ 3577050ms] [LOG] [Fast Refresh] done in 99ms @ http://localhost:5173/_next/static/chunks/node_modules_next_dist_1e8vcs8._.js:776
[ 3577102ms] [LOG] [Fast Refresh] done in 99ms @ http://localhost:5173/_next/static/chunks/node_modules_next_dist_1e8vcs8._.js:776
[ 3577154ms] [LOG] [Fast Refresh] done in 99ms @ http://localhost:5173/_next/static/chunks/node_modules_next_dist_1e8vcs8._.js:776
[ 3577216ms] [LOG] [Fast Refresh] done in 99ms @ http://localhost:5173/_next/static/chunks/node_modules_next_dist_1e8vcs8._.js:776
[ 3577278ms] [LOG] [Fast Refresh] done in 99ms @ http://localhost:5173/_next/static/chunks/node_modules_next_dist_1e8vcs8._.js:776
[ 3577339ms] [LOG] [Fast Refresh] done in 99ms @ http://localhost:5173/_next/static/chunks/node_modules_next_dist_1e8vcs8._.js:776
[ 3577394ms] [LOG] [Fast Refresh] done in 99ms @ http://localhost:5173/_next/static/chunks/node_modules_next_dist_1e8vcs8._.js:776
[ 3577455ms] [LOG] [Fast Refresh] done in 99ms @ http://localhost:5173/_next/static/chunks/node_modules_next_dist_1e8vcs8._.js:776
[ 3577509ms] [LOG] [Fast Refresh] done in 99ms @ http://localhost:5173/_next/static/chunks/node_modules_next_dist_1e8vcs8._.js:776
[ 3577571ms] [LOG] [Fast Refresh] done in 99ms @ http://localhost:5173/_next/static/chunks/node_modules_next_dist_1e8vcs8._.js:776
[ 3577628ms] [LOG] [Fast Refresh] done in 99ms @ http://localhost:5173/_next/static/chunks/node_modules_next_dist_1e8vcs8._.js:776
[ 3577678ms] [LOG] [Fast Refresh] done in 99ms @ http://localhost:5173/_next/static/chunks/node_modules_next_dist_1e8vcs8._.js:776
[ 3577740ms] [LOG] [Fast Refresh] done in 99ms @ http://localhost:5173/_next/static/chunks/node_modules_next_dist_1e8vcs8._.js:776
[ 3577794ms] [LOG] [Fast Refresh] done in 99ms @ http://localhost:5173/_next/static/chunks/node_modules_next_dist_1e8vcs8._.js:776
[ 3577856ms] [LOG] [Fast Refresh] done in 99ms @ http://localhost:5173/_next/static/chunks/node_modules_next_dist_1e8vcs8._.js:776
[ 3577924ms] [LOG] [Fast Refresh] done in 99ms @ http://localhost:5173/_next/static/chunks/node_modules_next_dist_1e8vcs8._.js:776
[ 3577982ms] [LOG] [Fast Refresh] done in 99ms @ http://localhost:5173/_next/static/chunks/node_modules_next_dist_1e8vcs8._.js:776
[ 3578042ms] [LOG] [Fast Refresh] done in 99ms @ http://localhost:5173/_next/static/chunks/node_modules_next_dist_1e8vcs8._.js:776
[ 3578105ms] [LOG] [Fast Refresh] done in 99ms @ http://localhost:5173/_next/static/chunks/node_modules_next_dist_1e8vcs8._.js:776
[ 3578169ms] [LOG] [Fast Refresh] done in 99ms @ http://localhost:5173/_next/static/chunks/node_modules_next_dist_1e8vcs8._.js:776
[ 3578231ms] [LOG] [Fast Refresh] done in 99ms @ http://localhost:5173/_next/static/chunks/node_modules_next_dist_1e8vcs8._.js:776
[ 3578280ms] [LOG] [Fast Refresh] done in 99ms @ http://localhost:5173/_next/static/chunks/node_modules_next_dist_1e8vcs8._.js:776
[ 3578342ms] [LOG] [Fast Refresh] done in 99ms @ http://localhost:5173/_next/static/chunks/node_modules_next_dist_1e8vcs8._.js:776
[ 3578404ms] [LOG] [Fast Refresh] done in 99ms @ http://localhost:5173/_next/static/chunks/node_modules_next_dist_1e8vcs8._.js:776
[ 3578469ms] [LOG] [Fast Refresh] done in 99ms @ http://localhost:5173/_next/static/chunks/node_modules_next_dist_1e8vcs8._.js:776
[ 3578527ms] [LOG] [Fast Refresh] done in 99ms @ http://localhost:5173/_next/static/chunks/node_modules_next_dist_1e8vcs8._.js:776
[ 3578578ms] [LOG] [Fast Refresh] done in 99ms @ http://localhost:5173/_next/static/chunks/node_modules_next_dist_1e8vcs8._.js:776
[ 3578639ms] [LOG] [Fast Refresh] done in 99ms @ http://localhost:5173/_next/static/chunks/node_modules_next_dist_1e8vcs8._.js:776
[ 3578700ms] [LOG] [Fast Refresh] done in 99ms @ http://localhost:5173/_next/static/chunks/node_modules_next_dist_1e8vcs8._.js:776
[ 3578762ms] [LOG] [Fast Refresh] done in 99ms @ http://localhost:5173/_next/static/chunks/node_modules_next_dist_1e8vcs8._.js:776
[ 3578813ms] [LOG] [Fast Refresh] done in 99ms @ http://localhost:5173/_next/static/chunks/node_modules_next_dist_1e8vcs8._.js:776
[ 3578862ms] [LOG] [Fast Refresh] done in 99ms @ http://localhost:5173/_next/static/chunks/node_modules_next_dist_1e8vcs8._.js:776
[ 3578912ms] [LOG] [Fast Refresh] done in 99ms @ http://localhost:5173/_next/static/chunks/node_modules_next_dist_1e8vcs8._.js:776
[ 3578965ms] [LOG] [Fast Refresh] done in 99ms @ http://localhost:5173/_next/static/chunks/node_modules_next_dist_1e8vcs8._.js:776
[ 3579005ms] [LOG] [Fast Refresh] done in 99ms @ http://localhost:5173/_next/static/chunks/node_modules_next_dist_1e8vcs8._.js:776
[ 3579052ms] [LOG] [Fast Refresh] done in 99ms @ http://localhost:5173/_next/static/chunks/node_modules_next_dist_1e8vcs8._.js:776
[ 3579113ms] [LOG] [Fast Refresh] done in 99ms @ http://localhost:5173/_next/static/chunks/node_modules_next_dist_1e8vcs8._.js:776
[ 3579172ms] [LOG] [Fast Refresh] done in 99ms @ http://localhost:5173/_next/static/chunks/node_modules_next_dist_1e8vcs8._.js:776
[ 3579235ms] [LOG] [Fast Refresh] done in 99ms @ http://localhost:5173/_next/static/chunks/node_modules_next_dist_1e8vcs8._.js:776
[ 3579291ms] [LOG] [Fast Refresh] done in 99ms @ http://localhost:5173/_next/static/chunks/node_modules_next_dist_1e8vcs8._.js:776
[ 3579355ms] [LOG] [Fast Refresh] done in 99ms @ http://localhost:5173/_next/static/chunks/node_modules_next_dist_1e8vcs8._.js:776
[ 3579406ms] [LOG] [Fast Refresh] done in 99ms @ http://localhost:5173/_next/static/chunks/node_modules_next_dist_1e8vcs8._.js:776
[ 3579454ms] [LOG] [Fast Refresh] done in 99ms @ http://localhost:5173/_next/static/chunks/node_modules_next_dist_1e8vcs8._.js:776
[ 3579511ms] [LOG] [Fast Refresh] done in 99ms @ http://localhost:5173/_next/static/chunks/node_modules_next_dist_1e8vcs8._.js:776
[ 3579561ms] [LOG] [Fast Refresh] done in 99ms @ http://localhost:5173/_next/static/chunks/node_modules_next_dist_1e8vcs8._.js:776
[ 3579607ms] [LOG] [Fast Refresh] done in 99ms @ http://localhost:5173/_next/static/chunks/node_modules_next_dist_1e8vcs8._.js:776
[ 3579669ms] [LOG] [Fast Refresh] done in 99ms @ http://localhost:5173/_next/static/chunks/node_modules_next_dist_1e8vcs8._.js:776
[ 3579716ms] [LOG] [Fast Refresh] done in 99ms @ http://localhost:5173/_next/static/chunks/node_modules_next_dist_1e8vcs8._.js:776
[ 3579758ms] [LOG] [Fast Refresh] done in 99ms @ http://localhost:5173/_next/static/chunks/node_modules_next_dist_1e8vcs8._.js:776
[ 3579806ms] [LOG] [Fast Refresh] done in 99ms @ http://localhost:5173/_next/static/chunks/node_modules_next_dist_1e8vcs8._.js:776
[ 3579868ms] [LOG] [Fast Refresh] done in 99ms @ http://localhost:5173/_next/static/chunks/node_modules_next_dist_1e8vcs8._.js:776
[ 3579907ms] [LOG] [Fast Refresh] done in 99ms @ http://localhost:5173/_next/static/chunks/node_modules_next_dist_1e8vcs8._.js:776
[ 3579961ms] [LOG] [Fast Refresh] done in 99ms @ http://localhost:5173/_next/static/chunks/node_modules_next_dist_1e8vcs8._.js:776
[ 3580006ms] [LOG] [Fast Refresh] done in 99ms @ http://localhost:5173/_next/static/chunks/node_modules_next_dist_1e8vcs8._.js:776
[ 3580067ms] [LOG] [Fast Refresh] done in 99ms @ http://localhost:5173/_next/static/chunks/node_modules_next_dist_1e8vcs8._.js:776
[ 3580111ms] [LOG] [Fast Refresh] done in 99ms @ http://localhost:5173/_next/static/chunks/node_modules_next_dist_1e8vcs8._.js:776
[ 3580168ms] [LOG] [Fast Refresh] done in 99ms @ http://localhost:5173/_next/static/chunks/node_modules_next_dist_1e8vcs8._.js:776
[ 3580212ms] [LOG] [Fast Refresh] done in 99ms @ http://localhost:5173/_next/static/chunks/node_modules_next_dist_1e8vcs8._.js:776
[ 3580271ms] [LOG] [Fast Refresh] done in 99ms @ http://localhost:5173/_next/static/chunks/node_modules_next_dist_1e8vcs8._.js:776
[ 3580317ms] [LOG] [Fast Refresh] done in 99ms @ http://localhost:5173/_next/static/chunks/node_modules_next_dist_1e8vcs8._.js:776
[ 3580365ms] [LOG] [Fast Refresh] done in 99ms @ http://localhost:5173/_next/static/chunks/node_modules_next_dist_1e8vcs8._.js:776
[ 3580422ms] [LOG] [Fast Refresh] done in 99ms @ http://localhost:5173/_next/static/chunks/node_modules_next_dist_1e8vcs8._.js:776
[ 3580475ms] [LOG] [Fast Refresh] done in 99ms @ http://localhost:5173/_next/static/chunks/node_modules_next_dist_1e8vcs8._.js:776
[ 3580512ms] [LOG] [Fast Refresh] done in 99ms @ http://localhost:5173/_next/static/chunks/node_modules_next_dist_1e8vcs8._.js:776
[ 3580578ms] [LOG] [Fast Refresh] done in 99ms @ http://localhost:5173/_next/static/chunks/node_modules_next_dist_1e8vcs8._.js:776
[ 3580640ms] [LOG] [Fast Refresh] done in 99ms @ http://localhost:5173/_next/static/chunks/node_modules_next_dist_1e8vcs8._.js:776
[ 3580693ms] [LOG] [Fast Refresh] done in 99ms @ http://localhost:5173/_next/static/chunks/node_modules_next_dist_1e8vcs8._.js:776
[ 3580756ms] [LOG] [Fast Refresh] done in 99ms @ http://localhost:5173/_next/static/chunks/node_modules_next_dist_1e8vcs8._.js:776
[ 3580826ms] [LOG] [Fast Refresh] done in 99ms @ http://localhost:5173/_next/static/chunks/node_modules_next_dist_1e8vcs8._.js:776
[ 3580880ms] [LOG] [Fast Refresh] done in 99ms @ http://localhost:5173/_next/static/chunks/node_modules_next_dist_1e8vcs8._.js:776
[ 3580940ms] [LOG] [Fast Refresh] done in 99ms @ http://localhost:5173/_next/static/chunks/node_modules_next_dist_1e8vcs8._.js:776
[ 3580993ms] [LOG] [Fast Refresh] done in 99ms @ http://localhost:5173/_next/static/chunks/node_modules_next_dist_1e8vcs8._.js:776
[ 3581057ms] [LOG] [Fast Refresh] done in 99ms @ http://localhost:5173/_next/static/chunks/node_modules_next_dist_1e8vcs8._.js:776
[ 3581124ms] [LOG] [Fast Refresh] done in 99ms @ http://localhost:5173/_next/static/chunks/node_modules_next_dist_1e8vcs8._.js:776
[ 3581173ms] [LOG] [Fast Refresh] done in 99ms @ http://localhost:5173/_next/static/chunks/node_modules_next_dist_1e8vcs8._.js:776
[ 3581226ms] [LOG] [Fast Refresh] done in 99ms @ http://localhost:5173/_next/static/chunks/node_modules_next_dist_1e8vcs8._.js:776
[ 3581278ms] [LOG] [Fast Refresh] done in 99ms @ http://localhost:5173/_next/static/chunks/node_modules_next_dist_1e8vcs8._.js:776
[ 3581339ms] [LOG] [Fast Refresh] done in 99ms @ http://localhost:5173/_next/static/chunks/node_modules_next_dist_1e8vcs8._.js:776
[ 3581397ms] [LOG] [Fast Refresh] done in 99ms @ http://localhost:5173/_next/static/chunks/node_modules_next_dist_1e8vcs8._.js:776
[ 3581460ms] [LOG] [Fast Refresh] done in 99ms @ http://localhost:5173/_next/static/chunks/node_modules_next_dist_1e8vcs8._.js:776
[ 3581527ms] [LOG] [Fast Refresh] done in 99ms @ http://localhost:5173/_next/static/chunks/node_modules_next_dist_1e8vcs8._.js:776
[ 3581575ms] [LOG] [Fast Refresh] done in 99ms @ http://localhost:5173/_next/static/chunks/node_modules_next_dist_1e8vcs8._.js:776
[ 3581631ms] [LOG] [Fast Refresh] done in 99ms @ http://localhost:5173/_next/static/chunks/node_modules_next_dist_1e8vcs8._.js:776
[ 3581690ms] [LOG] [Fast Refresh] done in 99ms @ http://localhost:5173/_next/static/chunks/node_modules_next_dist_1e8vcs8._.js:776
[ 3581752ms] [LOG] [Fast Refresh] done in 99ms @ http://localhost:5173/_next/static/chunks/node_modules_next_dist_1e8vcs8._.js:776
[ 3581801ms] [LOG] [Fast Refresh] done in 99ms @ http://localhost:5173/_next/static/chunks/node_modules_next_dist_1e8vcs8._.js:776
[ 3581864ms] [LOG] [Fast Refresh] done in 99ms @ http://localhost:5173/_next/static/chunks/node_modules_next_dist_1e8vcs8._.js:776
[ 3581925ms] [LOG] [Fast Refresh] done in 99ms @ http://localhost:5173/_next/static/chunks/node_modules_next_dist_1e8vcs8._.js:776
[ 3581975ms] [LOG] [Fast Refresh] done in 99ms @ http://localhost:5173/_next/static/chunks/node_modules_next_dist_1e8vcs8._.js:776
[ 3582012ms] [LOG] [Fast Refresh] done in 99ms @ http://localhost:5173/_next/static/chunks/node_modules_next_dist_1e8vcs8._.js:776
[ 3582079ms] [LOG] [Fast Refresh] done in 99ms @ http://localhost:5173/_next/static/chunks/node_modules_next_dist_1e8vcs8._.js:776
[ 3582128ms] [LOG] [Fast Refresh] done in 99ms @ http://localhost:5173/_next/static/chunks/node_modules_next_dist_1e8vcs8._.js:776
[ 3582179ms] [LOG] [Fast Refresh] done in 99ms @ http://localhost:5173/_next/static/chunks/node_modules_next_dist_1e8vcs8._.js:776
[ 3582240ms] [LOG] [Fast Refresh] done in 99ms @ http://localhost:5173/_next/static/chunks/node_modules_next_dist_1e8vcs8._.js:776
[ 3582293ms] [LOG] [Fast Refresh] done in 99ms @ http://localhost:5173/_next/static/chunks/node_modules_next_dist_1e8vcs8._.js:776
[ 3582355ms] [LOG] [Fast Refresh] done in 99ms @ http://localhost:5173/_next/static/chunks/node_modules_next_dist_1e8vcs8._.js:776
[ 3582403ms] [LOG] [Fast Refresh] done in 99ms @ http://localhost:5173/_next/static/chunks/node_modules_next_dist_1e8vcs8._.js:776
[ 3582464ms] [LOG] [Fast Refresh] done in 99ms @ http://localhost:5173/_next/static/chunks/node_modules_next_dist_1e8vcs8._.js:776
[ 3582527ms] [LOG] [Fast Refresh] done in 99ms @ http://localhost:5173/_next/static/chunks/node_modules_next_dist_1e8vcs8._.js:776
[ 3582590ms] [LOG] [Fast Refresh] done in 99ms @ http://localhost:5173/_next/static/chunks/node_modules_next_dist_1e8vcs8._.js:776
[ 3582653ms] [LOG] [Fast Refresh] done in 99ms @ http://localhost:5173/_next/static/chunks/node_modules_next_dist_1e8vcs8._.js:776
[ 3582712ms] [LOG] [Fast Refresh] done in 99ms @ http://localhost:5173/_next/static/chunks/node_modules_next_dist_1e8vcs8._.js:776
[ 3582778ms] [LOG] [Fast Refresh] done in 99ms @ http://localhost:5173/_next/static/chunks/node_modules_next_dist_1e8vcs8._.js:776
[ 3582839ms] [LOG] [Fast Refresh] done in 99ms @ http://localhost:5173/_next/static/chunks/node_modules_next_dist_1e8vcs8._.js:776
[ 3582894ms] [LOG] [Fast Refresh] done in 99ms @ http://localhost:5173/_next/static/chunks/node_modules_next_dist_1e8vcs8._.js:776
[ 3582950ms] [LOG] [Fast Refresh] done in 99ms @ http://localhost:5173/_next/static/chunks/node_modules_next_dist_1e8vcs8._.js:776
[ 3583007ms] [LOG] [Fast Refresh] done in 99ms @ http://localhost:5173/_next/static/chunks/node_modules_next_dist_1e8vcs8._.js:776
[ 3583070ms] [LOG] [Fast Refresh] done in 99ms @ http://localhost:5173/_next/static/chunks/node_modules_next_dist_1e8vcs8._.js:776
[ 3583124ms] [LOG] [Fast Refresh] done in 99ms @ http://localhost:5173/_next/static/chunks/node_modules_next_dist_1e8vcs8._.js:776
[ 3583178ms] [LOG] [Fast Refresh] done in 99ms @ http://localhost:5173/_next/static/chunks/node_modules_next_dist_1e8vcs8._.js:776
[ 3583234ms] [LOG] [Fast Refresh] done in 99ms @ http://localhost:5173/_next/static/chunks/node_modules_next_dist_1e8vcs8._.js:776
[ 3583293ms] [LOG] [Fast Refresh] done in 99ms @ http://localhost:5173/_next/static/chunks/node_modules_next_dist_1e8vcs8._.js:776
[ 3583354ms] [LOG] [Fast Refresh] done in 99ms @ http://localhost:5173/_next/static/chunks/node_modules_next_dist_1e8vcs8._.js:776
[ 3583407ms] [LOG] [Fast Refresh] done in 99ms @ http://localhost:5173/_next/static/chunks/node_modules_next_dist_1e8vcs8._.js:776
[ 3583453ms] [LOG] [Fast Refresh] done in 99ms @ http://localhost:5173/_next/static/chunks/node_modules_next_dist_1e8vcs8._.js:776
[ 3583502ms] [LOG] [Fast Refresh] done in 99ms @ http://localhost:5173/_next/static/chunks/node_modules_next_dist_1e8vcs8._.js:776
[ 3583564ms] [LOG] [Fast Refresh] done in 99ms @ http://localhost:5173/_next/static/chunks/node_modules_next_dist_1e8vcs8._.js:776
[ 3583626ms] [LOG] [Fast Refresh] done in 99ms @ http://localhost:5173/_next/static/chunks/node_modules_next_dist_1e8vcs8._.js:776
[ 3583677ms] [LOG] [Fast Refresh] done in 99ms @ http://localhost:5173/_next/static/chunks/node_modules_next_dist_1e8vcs8._.js:776
[ 3583741ms] [LOG] [Fast Refresh] done in 99ms @ http://localhost:5173/_next/static/chunks/node_modules_next_dist_1e8vcs8._.js:776
[ 3583794ms] [LOG] [Fast Refresh] done in 99ms @ http://localhost:5173/_next/static/chunks/node_modules_next_dist_1e8vcs8._.js:776
[ 3583856ms] [LOG] [Fast Refresh] done in 99ms @ http://localhost:5173/_next/static/chunks/node_modules_next_dist_1e8vcs8._.js:776
[ 3583924ms] [LOG] [Fast Refresh] done in 99ms @ http://localhost:5173/_next/static/chunks/node_modules_next_dist_1e8vcs8._.js:776
[ 3583978ms] [LOG] [Fast Refresh] done in 99ms @ http://localhost:5173/_next/static/chunks/node_modules_next_dist_1e8vcs8._.js:776
[ 3584029ms] [LOG] [Fast Refresh] done in 99ms @ http://localhost:5173/_next/static/chunks/node_modules_next_dist_1e8vcs8._.js:776
[ 3584078ms] [LOG] [Fast Refresh] done in 99ms @ http://localhost:5173/_next/static/chunks/node_modules_next_dist_1e8vcs8._.js:776
[ 3584140ms] [LOG] [Fast Refresh] done in 99ms @ http://localhost:5173/_next/static/chunks/node_modules_next_dist_1e8vcs8._.js:776
[ 3584202ms] [LOG] [Fast Refresh] done in 99ms @ http://localhost:5173/_next/static/chunks/node_modules_next_dist_1e8vcs8._.js:776
[ 3584253ms] [LOG] [Fast Refresh] done in 99ms @ http://localhost:5173/_next/static/chunks/node_modules_next_dist_1e8vcs8._.js:776
[ 3584317ms] [LOG] [Fast Refresh] done in 99ms @ http://localhost:5173/_next/static/chunks/node_modules_next_dist_1e8vcs8._.js:776
[ 3584378ms] [LOG] [Fast Refresh] done in 99ms @ http://localhost:5173/_next/static/chunks/node_modules_next_dist_1e8vcs8._.js:776
[ 3584428ms] [LOG] [Fast Refresh] done in 99ms @ http://localhost:5173/_next/static/chunks/node_modules_next_dist_1e8vcs8._.js:776
[ 3584478ms] [LOG] [Fast Refresh] done in 99ms @ http://localhost:5173/_next/static/chunks/node_modules_next_dist_1e8vcs8._.js:776
[ 3584539ms] [LOG] [Fast Refresh] done in 99ms @ http://localhost:5173/_next/static/chunks/node_modules_next_dist_1e8vcs8._.js:776
[ 3584594ms] [LOG] [Fast Refresh] done in 99ms @ http://localhost:5173/_next/static/chunks/node_modules_next_dist_1e8vcs8._.js:776
[ 3584644ms] [LOG] [Fast Refresh] done in 99ms @ http://localhost:5173/_next/static/chunks/node_modules_next_dist_1e8vcs8._.js:776
[ 3584693ms] [LOG] [Fast Refresh] done in 99ms @ http://localhost:5173/_next/static/chunks/node_modules_next_dist_1e8vcs8._.js:776
[ 3584758ms] [LOG] [Fast Refresh] done in 99ms @ http://localhost:5173/_next/static/chunks/node_modules_next_dist_1e8vcs8._.js:776
[ 3584824ms] [LOG] [Fast Refresh] done in 99ms @ http://localhost:5173/_next/static/chunks/node_modules_next_dist_1e8vcs8._.js:776
[ 3584886ms] [LOG] [Fast Refresh] done in 99ms @ http://localhost:5173/_next/static/chunks/node_modules_next_dist_1e8vcs8._.js:776
[ 3584935ms] [LOG] [Fast Refresh] done in 99ms @ http://localhost:5173/_next/static/chunks/node_modules_next_dist_1e8vcs8._.js:776
[ 3584986ms] [LOG] [Fast Refresh] done in 99ms @ http://localhost:5173/_next/static/chunks/node_modules_next_dist_1e8vcs8._.js:776
[ 3585047ms] [LOG] [Fast Refresh] done in 99ms @ http://localhost:5173/_next/static/chunks/node_modules_next_dist_1e8vcs8._.js:776
[ 3585094ms] [LOG] [Fast Refresh] done in 99ms @ http://localhost:5173/_next/static/chunks/node_modules_next_dist_1e8vcs8._.js:776
[ 3585149ms] [LOG] [Fast Refresh] done in 99ms @ http://localhost:5173/_next/static/chunks/node_modules_next_dist_1e8vcs8._.js:776
[ 3585206ms] [LOG] [Fast Refresh] done in 99ms @ http://localhost:5173/_next/static/chunks/node_modules_next_dist_1e8vcs8._.js:776
[ 3585258ms] [LOG] [Fast Refresh] done in 99ms @ http://localhost:5173/_next/static/chunks/node_modules_next_dist_1e8vcs8._.js:776
[ 3585324ms] [LOG] [Fast Refresh] done in 99ms @ http://localhost:5173/_next/static/chunks/node_modules_next_dist_1e8vcs8._.js:776
[ 3585378ms] [LOG] [Fast Refresh] done in 99ms @ http://localhost:5173/_next/static/chunks/node_modules_next_dist_1e8vcs8._.js:776
[ 3585425ms] [LOG] [Fast Refresh] done in 99ms @ http://localhost:5173/_next/static/chunks/node_modules_next_dist_1e8vcs8._.js:776
[ 3585481ms] [LOG] [Fast Refresh] done in 99ms @ http://localhost:5173/_next/static/chunks/node_modules_next_dist_1e8vcs8._.js:776
[ 3585543ms] [LOG] [Fast Refresh] done in 99ms @ http://localhost:5173/_next/static/chunks/node_modules_next_dist_1e8vcs8._.js:776
[ 3585595ms] [LOG] [Fast Refresh] done in 99ms @ http://localhost:5173/_next/static/chunks/node_modules_next_dist_1e8vcs8._.js:776
[ 3585647ms] [LOG] [Fast Refresh] done in 99ms @ http://localhost:5173/_next/static/chunks/node_modules_next_dist_1e8vcs8._.js:776
[ 3585696ms] [LOG] [Fast Refresh] done in 99ms @ http://localhost:5173/_next/static/chunks/node_modules_next_dist_1e8vcs8._.js:776
[ 3585744ms] [LOG] [Fast Refresh] done in 99ms @ http://localhost:5173/_next/static/chunks/node_modules_next_dist_1e8vcs8._.js:776
[ 3585793ms] [LOG] [Fast Refresh] done in 99ms @ http://localhost:5173/_next/static/chunks/node_modules_next_dist_1e8vcs8._.js:776
[ 3585854ms] [LOG] [Fast Refresh] done in 99ms @ http://localhost:5173/_next/static/chunks/node_modules_next_dist_1e8vcs8._.js:776
[ 3585907ms] [LOG] [Fast Refresh] done in 99ms @ http://localhost:5173/_next/static/chunks/node_modules_next_dist_1e8vcs8._.js:776
[ 3585969ms] [LOG] [Fast Refresh] done in 99ms @ http://localhost:5173/_next/static/chunks/node_modules_next_dist_1e8vcs8._.js:776
[ 3586032ms] [LOG] [Fast Refresh] done in 99ms @ http://localhost:5173/_next/static/chunks/node_modules_next_dist_1e8vcs8._.js:776
[ 3586091ms] [LOG] [Fast Refresh] done in 99ms @ http://localhost:5173/_next/static/chunks/node_modules_next_dist_1e8vcs8._.js:776
[ 3586142ms] [LOG] [Fast Refresh] done in 99ms @ http://localhost:5173/_next/static/chunks/node_modules_next_dist_1e8vcs8._.js:776
[ 3586191ms] [LOG] [Fast Refresh] done in 99ms @ http://localhost:5173/_next/static/chunks/node_modules_next_dist_1e8vcs8._.js:776
[ 3586253ms] [LOG] [Fast Refresh] done in 99ms @ http://localhost:5173/_next/static/chunks/node_modules_next_dist_1e8vcs8._.js:776
[ 3586301ms] [LOG] [Fast Refresh] done in 99ms @ http://localhost:5173/_next/static/chunks/node_modules_next_dist_1e8vcs8._.js:776
[ 3586363ms] [LOG] [Fast Refresh] done in 99ms @ http://localhost:5173/_next/static/chunks/node_modules_next_dist_1e8vcs8._.js:776
[ 3586426ms] [LOG] [Fast Refresh] done in 99ms @ http://localhost:5173/_next/static/chunks/node_modules_next_dist_1e8vcs8._.js:776
[ 3586478ms] [LOG] [Fast Refresh] done in 99ms @ http://localhost:5173/_next/static/chunks/node_modules_next_dist_1e8vcs8._.js:776
[ 3586524ms] [LOG] [Fast Refresh] done in 99ms @ http://localhost:5173/_next/static/chunks/node_modules_next_dist_1e8vcs8._.js:776
[ 3586585ms] [LOG] [Fast Refresh] done in 99ms @ http://localhost:5173/_next/static/chunks/node_modules_next_dist_1e8vcs8._.js:776
[ 3586633ms] [LOG] [Fast Refresh] done in 99ms @ http://localhost:5173/_next/static/chunks/node_modules_next_dist_1e8vcs8._.js:776
[ 3586694ms] [LOG] [Fast Refresh] done in 99ms @ http://localhost:5173/_next/static/chunks/node_modules_next_dist_1e8vcs8._.js:776
[ 3586756ms] [LOG] [Fast Refresh] done in 99ms @ http://localhost:5173/_next/static/chunks/node_modules_next_dist_1e8vcs8._.js:776
[ 3586821ms] [LOG] [Fast Refresh] done in 99ms @ http://localhost:5173/_next/static/chunks/node_modules_next_dist_1e8vcs8._.js:776
[ 3586868ms] [LOG] [Fast Refresh] done in 99ms @ http://localhost:5173/_next/static/chunks/node_modules_next_dist_1e8vcs8._.js:776
[ 3586917ms] [LOG] [Fast Refresh] done in 99ms @ http://localhost:5173/_next/static/chunks/node_modules_next_dist_1e8vcs8._.js:776
[ 3586984ms] [LOG] [Fast Refresh] done in 99ms @ http://localhost:5173/_next/static/chunks/node_modules_next_dist_1e8vcs8._.js:776
[ 3587031ms] [LOG] [Fast Refresh] done in 99ms @ http://localhost:5173/_next/static/chunks/node_modules_next_dist_1e8vcs8._.js:776
[ 3587092ms] [LOG] [Fast Refresh] done in 99ms @ http://localhost:5173/_next/static/chunks/node_modules_next_dist_1e8vcs8._.js:776
[ 3587140ms] [LOG] [Fast Refresh] done in 99ms @ http://localhost:5173/_next/static/chunks/node_modules_next_dist_1e8vcs8._.js:776
[ 3587195ms] [LOG] [Fast Refresh] done in 99ms @ http://localhost:5173/_next/static/chunks/node_modules_next_dist_1e8vcs8._.js:776
[ 3587257ms] [LOG] [Fast Refresh] done in 99ms @ http://localhost:5173/_next/static/chunks/node_modules_next_dist_1e8vcs8._.js:776
[ 3587306ms] [LOG] [Fast Refresh] done in 99ms @ http://localhost:5173/_next/static/chunks/node_modules_next_dist_1e8vcs8._.js:776
[ 3587357ms] [LOG] [Fast Refresh] done in 99ms @ http://localhost:5173/_next/static/chunks/node_modules_next_dist_1e8vcs8._.js:776
[ 3587417ms] [LOG] [Fast Refresh] done in 99ms @ http://localhost:5173/_next/static/chunks/node_modules_next_dist_1e8vcs8._.js:776
[ 3587479ms] [LOG] [Fast Refresh] done in 99ms @ http://localhost:5173/_next/static/chunks/node_modules_next_dist_1e8vcs8._.js:776
[ 3587528ms] [LOG] [Fast Refresh] done in 99ms @ http://localhost:5173/_next/static/chunks/node_modules_next_dist_1e8vcs8._.js:776
[ 3587576ms] [LOG] [Fast Refresh] done in 99ms @ http://localhost:5173/_next/static/chunks/node_modules_next_dist_1e8vcs8._.js:776
[ 3587638ms] [LOG] [Fast Refresh] done in 99ms @ http://localhost:5173/_next/static/chunks/node_modules_next_dist_1e8vcs8._.js:776
[ 3587680ms] [LOG] [Fast Refresh] done in 99ms @ http://localhost:5173/_next/static/chunks/node_modules_next_dist_1e8vcs8._.js:776
[ 3587742ms] [LOG] [Fast Refresh] done in 99ms @ http://localhost:5173/_next/static/chunks/node_modules_next_dist_1e8vcs8._.js:776
[ 3587793ms] [LOG] [Fast Refresh] done in 99ms @ http://localhost:5173/_next/static/chunks/node_modules_next_dist_1e8vcs8._.js:776
[ 3587857ms] [LOG] [Fast Refresh] done in 99ms @ http://localhost:5173/_next/static/chunks/node_modules_next_dist_1e8vcs8._.js:776
[ 3587902ms] [LOG] [Fast Refresh] done in 99ms @ http://localhost:5173/_next/static/chunks/node_modules_next_dist_1e8vcs8._.js:776
[ 3587951ms] [LOG] [Fast Refresh] done in 99ms @ http://localhost:5173/_next/static/chunks/node_modules_next_dist_1e8vcs8._.js:776
[ 3588010ms] [LOG] [Fast Refresh] done in 99ms @ http://localhost:5173/_next/static/chunks/node_modules_next_dist_1e8vcs8._.js:776
[ 3588071ms] [LOG] [Fast Refresh] done in 99ms @ http://localhost:5173/_next/static/chunks/node_modules_next_dist_1e8vcs8._.js:776
[ 3588127ms] [LOG] [Fast Refresh] done in 99ms @ http://localhost:5173/_next/static/chunks/node_modules_next_dist_1e8vcs8._.js:776
[ 3588180ms] [LOG] [Fast Refresh] done in 99ms @ http://localhost:5173/_next/static/chunks/node_modules_next_dist_1e8vcs8._.js:776
[ 3588244ms] [LOG] [Fast Refresh] done in 99ms @ http://localhost:5173/_next/static/chunks/node_modules_next_dist_1e8vcs8._.js:776
[ 3588285ms] [LOG] [Fast Refresh] done in 99ms @ http://localhost:5173/_next/static/chunks/node_modules_next_dist_1e8vcs8._.js:776
[ 3588348ms] [LOG] [Fast Refresh] done in 99ms @ http://localhost:5173/_next/static/chunks/node_modules_next_dist_1e8vcs8._.js:776
[ 3588385ms] [LOG] [Fast Refresh] done in 99ms @ http://localhost:5173/_next/static/chunks/node_modules_next_dist_1e8vcs8._.js:776
[ 3588446ms] [LOG] [Fast Refresh] done in 99ms @ http://localhost:5173/_next/static/chunks/node_modules_next_dist_1e8vcs8._.js:776
[ 3588503ms] [LOG] [Fast Refresh] done in 99ms @ http://localhost:5173/_next/static/chunks/node_modules_next_dist_1e8vcs8._.js:776
[ 3588563ms] [LOG] [Fast Refresh] done in 99ms @ http://localhost:5173/_next/static/chunks/node_modules_next_dist_1e8vcs8._.js:776
[ 3588618ms] [LOG] [Fast Refresh] done in 99ms @ http://localhost:5173/_next/static/chunks/node_modules_next_dist_1e8vcs8._.js:776
[ 3588676ms] [LOG] [Fast Refresh] done in 99ms @ http://localhost:5173/_next/static/chunks/node_modules_next_dist_1e8vcs8._.js:776
[ 3588724ms] [LOG] [Fast Refresh] done in 99ms @ http://localhost:5173/_next/static/chunks/node_modules_next_dist_1e8vcs8._.js:776
[ 3588776ms] [LOG] [Fast Refresh] done in 99ms @ http://localhost:5173/_next/static/chunks/node_modules_next_dist_1e8vcs8._.js:776
[ 3588839ms] [LOG] [Fast Refresh] done in 99ms @ http://localhost:5173/_next/static/chunks/node_modules_next_dist_1e8vcs8._.js:776
[ 3588892ms] [LOG] [Fast Refresh] done in 99ms @ http://localhost:5173/_next/static/chunks/node_modules_next_dist_1e8vcs8._.js:776
[ 3588954ms] [LOG] [Fast Refresh] done in 99ms @ http://localhost:5173/_next/static/chunks/node_modules_next_dist_1e8vcs8._.js:776
[ 3589006ms] [LOG] [Fast Refresh] done in 99ms @ http://localhost:5173/_next/static/chunks/node_modules_next_dist_1e8vcs8._.js:776
[ 3589069ms] [LOG] [Fast Refresh] done in 99ms @ http://localhost:5173/_next/static/chunks/node_modules_next_dist_1e8vcs8._.js:776
[ 3589113ms] [LOG] [Fast Refresh] done in 99ms @ http://localhost:5173/_next/static/chunks/node_modules_next_dist_1e8vcs8._.js:776
[ 3589176ms] [LOG] [Fast Refresh] done in 99ms @ http://localhost:5173/_next/static/chunks/node_modules_next_dist_1e8vcs8._.js:776
[ 3589237ms] [LOG] [Fast Refresh] done in 99ms @ http://localhost:5173/_next/static/chunks/node_modules_next_dist_1e8vcs8._.js:776
[ 3589292ms] [LOG] [Fast Refresh] done in 99ms @ http://localhost:5173/_next/static/chunks/node_modules_next_dist_1e8vcs8._.js:776
[ 3589354ms] [LOG] [Fast Refresh] done in 99ms @ http://localhost:5173/_next/static/chunks/node_modules_next_dist_1e8vcs8._.js:776
[ 3589416ms] [LOG] [Fast Refresh] done in 99ms @ http://localhost:5173/_next/static/chunks/node_modules_next_dist_1e8vcs8._.js:776
[ 3589463ms] [LOG] [Fast Refresh] done in 99ms @ http://localhost:5173/_next/static/chunks/node_modules_next_dist_1e8vcs8._.js:776
[ 3589508ms] [LOG] [Fast Refresh] done in 99ms @ http://localhost:5173/_next/static/chunks/node_modules_next_dist_1e8vcs8._.js:776
[ 3589570ms] [LOG] [Fast Refresh] done in 99ms @ http://localhost:5173/_next/static/chunks/node_modules_next_dist_1e8vcs8._.js:776
[ 3589609ms] [LOG] [Fast Refresh] done in 99ms @ http://localhost:5173/_next/static/chunks/node_modules_next_dist_1e8vcs8._.js:776
[ 3589655ms] [LOG] [Fast Refresh] done in 99ms @ http://localhost:5173/_next/static/chunks/node_modules_next_dist_1e8vcs8._.js:776
[ 3589711ms] [LOG] [Fast Refresh] done in 99ms @ http://localhost:5173/_next/static/chunks/node_modules_next_dist_1e8vcs8._.js:776
[ 3589771ms] [LOG] [Fast Refresh] done in 99ms @ http://localhost:5173/_next/static/chunks/node_modules_next_dist_1e8vcs8._.js:776
[ 3589824ms] [LOG] [Fast Refresh] done in 99ms @ http://localhost:5173/_next/static/chunks/node_modules_next_dist_1e8vcs8._.js:776
[ 3589883ms] [LOG] [Fast Refresh] done in 99ms @ http://localhost:5173/_next/static/chunks/node_modules_next_dist_1e8vcs8._.js:776
[ 3589946ms] [LOG] [Fast Refresh] done in 99ms @ http://localhost:5173/_next/static/chunks/node_modules_next_dist_1e8vcs8._.js:776
[ 3590007ms] [LOG] [Fast Refresh] done in 99ms @ http://localhost:5173/_next/static/chunks/node_modules_next_dist_1e8vcs8._.js:776
[ 3590070ms] [LOG] [Fast Refresh] done in 99ms @ http://localhost:5173/_next/static/chunks/node_modules_next_dist_1e8vcs8._.js:776
[ 3590134ms] [LOG] [Fast Refresh] done in 99ms @ http://localhost:5173/_next/static/chunks/node_modules_next_dist_1e8vcs8._.js:776
[ 3590185ms] [LOG] [Fast Refresh] done in 99ms @ http://localhost:5173/_next/static/chunks/node_modules_next_dist_1e8vcs8._.js:776
[ 3590237ms] [LOG] [Fast Refresh] done in 99ms @ http://localhost:5173/_next/static/chunks/node_modules_next_dist_1e8vcs8._.js:776
[ 3590297ms] [LOG] [Fast Refresh] done in 99ms @ http://localhost:5173/_next/static/chunks/node_modules_next_dist_1e8vcs8._.js:776
[ 3590359ms] [LOG] [Fast Refresh] done in 99ms @ http://localhost:5173/_next/static/chunks/node_modules_next_dist_1e8vcs8._.js:776
[ 3590424ms] [LOG] [Fast Refresh] done in 99ms @ http://localhost:5173/_next/static/chunks/node_modules_next_dist_1e8vcs8._.js:776
[ 3590478ms] [LOG] [Fast Refresh] done in 99ms @ http://localhost:5173/_next/static/chunks/node_modules_next_dist_1e8vcs8._.js:776
[ 3590535ms] [LOG] [Fast Refresh] done in 99ms @ http://localhost:5173/_next/static/chunks/node_modules_next_dist_1e8vcs8._.js:776
[ 3590586ms] [LOG] [Fast Refresh] done in 99ms @ http://localhost:5173/_next/static/chunks/node_modules_next_dist_1e8vcs8._.js:776
[ 3590648ms] [LOG] [Fast Refresh] done in 99ms @ http://localhost:5173/_next/static/chunks/node_modules_next_dist_1e8vcs8._.js:776
[ 3590699ms] [LOG] [Fast Refresh] done in 99ms @ http://localhost:5173/_next/static/chunks/node_modules_next_dist_1e8vcs8._.js:776
[ 3590746ms] [LOG] [Fast Refresh] done in 99ms @ http://localhost:5173/_next/static/chunks/node_modules_next_dist_1e8vcs8._.js:776
[ 3590793ms] [LOG] [Fast Refresh] done in 99ms @ http://localhost:5173/_next/static/chunks/node_modules_next_dist_1e8vcs8._.js:776
[ 3590841ms] [LOG] [Fast Refresh] done in 99ms @ http://localhost:5173/_next/static/chunks/node_modules_next_dist_1e8vcs8._.js:776
[ 3590908ms] [LOG] [Fast Refresh] done in 99ms @ http://localhost:5173/_next/static/chunks/node_modules_next_dist_1e8vcs8._.js:776
[ 3590970ms] [LOG] [Fast Refresh] done in 99ms @ http://localhost:5173/_next/static/chunks/node_modules_next_dist_1e8vcs8._.js:776
[ 3591032ms] [LOG] [Fast Refresh] done in 99ms @ http://localhost:5173/_next/static/chunks/node_modules_next_dist_1e8vcs8._.js:776
[ 3591095ms] [LOG] [Fast Refresh] done in 99ms @ http://localhost:5173/_next/static/chunks/node_modules_next_dist_1e8vcs8._.js:776
[ 3591157ms] [LOG] [Fast Refresh] done in 99ms @ http://localhost:5173/_next/static/chunks/node_modules_next_dist_1e8vcs8._.js:776
[ 3591225ms] [LOG] [Fast Refresh] done in 99ms @ http://localhost:5173/_next/static/chunks/node_modules_next_dist_1e8vcs8._.js:776
[ 3591278ms] [LOG] [Fast Refresh] done in 99ms @ http://localhost:5173/_next/static/chunks/node_modules_next_dist_1e8vcs8._.js:776
[ 3591325ms] [LOG] [Fast Refresh] done in 99ms @ http://localhost:5173/_next/static/chunks/node_modules_next_dist_1e8vcs8._.js:776
[ 3591378ms] [LOG] [Fast Refresh] done in 99ms @ http://localhost:5173/_next/static/chunks/node_modules_next_dist_1e8vcs8._.js:776
[ 3591440ms] [LOG] [Fast Refresh] done in 99ms @ http://localhost:5173/_next/static/chunks/node_modules_next_dist_1e8vcs8._.js:776
[ 3591493ms] [LOG] [Fast Refresh] done in 99ms @ http://localhost:5173/_next/static/chunks/node_modules_next_dist_1e8vcs8._.js:776
[ 3591555ms] [LOG] [Fast Refresh] done in 99ms @ http://localhost:5173/_next/static/chunks/node_modules_next_dist_1e8vcs8._.js:776
[ 3591624ms] [LOG] [Fast Refresh] done in 99ms @ http://localhost:5173/_next/static/chunks/node_modules_next_dist_1e8vcs8._.js:776
[ 3591686ms] [LOG] [Fast Refresh] done in 99ms @ http://localhost:5173/_next/static/chunks/node_modules_next_dist_1e8vcs8._.js:776
[ 3591755ms] [LOG] [Fast Refresh] done in 99ms @ http://localhost:5173/_next/static/chunks/node_modules_next_dist_1e8vcs8._.js:776
[ 3591810ms] [LOG] [Fast Refresh] done in 99ms @ http://localhost:5173/_next/static/chunks/node_modules_next_dist_1e8vcs8._.js:776
[ 3591858ms] [LOG] [Fast Refresh] done in 99ms @ http://localhost:5173/_next/static/chunks/node_modules_next_dist_1e8vcs8._.js:776
[ 3591925ms] [LOG] [Fast Refresh] done in 99ms @ http://localhost:5173/_next/static/chunks/node_modules_next_dist_1e8vcs8._.js:776
[ 3591978ms] [LOG] [Fast Refresh] done in 99ms @ http://localhost:5173/_next/static/chunks/node_modules_next_dist_1e8vcs8._.js:776
[ 3592028ms] [LOG] [Fast Refresh] done in 99ms @ http://localhost:5173/_next/static/chunks/node_modules_next_dist_1e8vcs8._.js:776
[ 3592078ms] [LOG] [Fast Refresh] done in 99ms @ http://localhost:5173/_next/static/chunks/node_modules_next_dist_1e8vcs8._.js:776
[ 3592125ms] [LOG] [Fast Refresh] done in 99ms @ http://localhost:5173/_next/static/chunks/node_modules_next_dist_1e8vcs8._.js:776
[ 3592176ms] [LOG] [Fast Refresh] done in 99ms @ http://localhost:5173/_next/static/chunks/node_modules_next_dist_1e8vcs8._.js:776
[ 3592227ms] [LOG] [Fast Refresh] done in 99ms @ http://localhost:5173/_next/static/chunks/node_modules_next_dist_1e8vcs8._.js:776
[ 3592278ms] [LOG] [Fast Refresh] done in 99ms @ http://localhost:5173/_next/static/chunks/node_modules_next_dist_1e8vcs8._.js:776
[ 3592325ms] [LOG] [Fast Refresh] done in 99ms @ http://localhost:5173/_next/static/chunks/node_modules_next_dist_1e8vcs8._.js:776
[ 3592378ms] [LOG] [Fast Refresh] done in 99ms @ http://localhost:5173/_next/static/chunks/node_modules_next_dist_1e8vcs8._.js:776
[ 3592441ms] [LOG] [Fast Refresh] done in 99ms @ http://localhost:5173/_next/static/chunks/node_modules_next_dist_1e8vcs8._.js:776
[ 3592493ms] [LOG] [Fast Refresh] done in 99ms @ http://localhost:5173/_next/static/chunks/node_modules_next_dist_1e8vcs8._.js:776
[ 3592544ms] [LOG] [Fast Refresh] done in 99ms @ http://localhost:5173/_next/static/chunks/node_modules_next_dist_1e8vcs8._.js:776
[ 3592593ms] [LOG] [Fast Refresh] done in 99ms @ http://localhost:5173/_next/static/chunks/node_modules_next_dist_1e8vcs8._.js:776
[ 3592657ms] [LOG] [Fast Refresh] done in 99ms @ http://localhost:5173/_next/static/chunks/node_modules_next_dist_1e8vcs8._.js:776
[ 3592715ms] [LOG] [Fast Refresh] done in 99ms @ http://localhost:5173/_next/static/chunks/node_modules_next_dist_1e8vcs8._.js:776
[ 3592761ms] [LOG] [Fast Refresh] done in 99ms @ http://localhost:5173/_next/static/chunks/node_modules_next_dist_1e8vcs8._.js:776
[ 3592824ms] [LOG] [Fast Refresh] done in 99ms @ http://localhost:5173/_next/static/chunks/node_modules_next_dist_1e8vcs8._.js:776
[ 3592880ms] [LOG] [Fast Refresh] done in 99ms @ http://localhost:5173/_next/static/chunks/node_modules_next_dist_1e8vcs8._.js:776
[ 3592926ms] [LOG] [Fast Refresh] done in 99ms @ http://localhost:5173/_next/static/chunks/node_modules_next_dist_1e8vcs8._.js:776
[ 3592974ms] [LOG] [Fast Refresh] done in 99ms @ http://localhost:5173/_next/static/chunks/node_modules_next_dist_1e8vcs8._.js:776
[ 3593027ms] [LOG] [Fast Refresh] done in 99ms @ http://localhost:5173/_next/static/chunks/node_modules_next_dist_1e8vcs8._.js:776
[ 3593078ms] [LOG] [Fast Refresh] done in 99ms @ http://localhost:5173/_next/static/chunks/node_modules_next_dist_1e8vcs8._.js:776
[ 3593130ms] [LOG] [Fast Refresh] done in 99ms @ http://localhost:5173/_next/static/chunks/node_modules_next_dist_1e8vcs8._.js:776
[ 3593191ms] [LOG] [Fast Refresh] done in 99ms @ http://localhost:5173/_next/static/chunks/node_modules_next_dist_1e8vcs8._.js:776
[ 3593248ms] [LOG] [Fast Refresh] done in 99ms @ http://localhost:5173/_next/static/chunks/node_modules_next_dist_1e8vcs8._.js:776
[ 3593295ms] [LOG] [Fast Refresh] done in 99ms @ http://localhost:5173/_next/static/chunks/node_modules_next_dist_1e8vcs8._.js:776
[ 3593358ms] [LOG] [Fast Refresh] done in 99ms @ http://localhost:5173/_next/static/chunks/node_modules_next_dist_1e8vcs8._.js:776
[ 3593421ms] [LOG] [Fast Refresh] done in 99ms @ http://localhost:5173/_next/static/chunks/node_modules_next_dist_1e8vcs8._.js:776
[ 3593479ms] [LOG] [Fast Refresh] done in 99ms @ http://localhost:5173/_next/static/chunks/node_modules_next_dist_1e8vcs8._.js:776
[ 3593527ms] [LOG] [Fast Refresh] done in 99ms @ http://localhost:5173/_next/static/chunks/node_modules_next_dist_1e8vcs8._.js:776
[ 3593577ms] [LOG] [Fast Refresh] done in 99ms @ http://localhost:5173/_next/static/chunks/node_modules_next_dist_1e8vcs8._.js:776
[ 3593624ms] [LOG] [Fast Refresh] done in 99ms @ http://localhost:5173/_next/static/chunks/node_modules_next_dist_1e8vcs8._.js:776
[ 3593678ms] [LOG] [Fast Refresh] done in 99ms @ http://localhost:5173/_next/static/chunks/node_modules_next_dist_1e8vcs8._.js:776
[ 3593741ms] [LOG] [Fast Refresh] done in 99ms @ http://localhost:5173/_next/static/chunks/node_modules_next_dist_1e8vcs8._.js:776
[ 3593799ms] [LOG] [Fast Refresh] done in 99ms @ http://localhost:5173/_next/static/chunks/node_modules_next_dist_1e8vcs8._.js:776
[ 3593858ms] [LOG] [Fast Refresh] done in 99ms @ http://localhost:5173/_next/static/chunks/node_modules_next_dist_1e8vcs8._.js:776
[ 3593916ms] [LOG] [Fast Refresh] done in 99ms @ http://localhost:5173/_next/static/chunks/node_modules_next_dist_1e8vcs8._.js:776
[ 3593972ms] [LOG] [Fast Refresh] done in 99ms @ http://localhost:5173/_next/static/chunks/node_modules_next_dist_1e8vcs8._.js:776
[ 3594033ms] [LOG] [Fast Refresh] done in 99ms @ http://localhost:5173/_next/static/chunks/node_modules_next_dist_1e8vcs8._.js:776
[ 3594094ms] [LOG] [Fast Refresh] done in 99ms @ http://localhost:5173/_next/static/chunks/node_modules_next_dist_1e8vcs8._.js:776
[ 3594156ms] [LOG] [Fast Refresh] done in 99ms @ http://localhost:5173/_next/static/chunks/node_modules_next_dist_1e8vcs8._.js:776
[ 3594205ms] [LOG] [Fast Refresh] done in 99ms @ http://localhost:5173/_next/static/chunks/node_modules_next_dist_1e8vcs8._.js:776
[ 3594266ms] [LOG] [Fast Refresh] done in 99ms @ http://localhost:5173/_next/static/chunks/node_modules_next_dist_1e8vcs8._.js:776
[ 3594304ms] [LOG] [Fast Refresh] done in 99ms @ http://localhost:5173/_next/static/chunks/node_modules_next_dist_1e8vcs8._.js:776
[ 3594363ms] [LOG] [Fast Refresh] done in 99ms @ http://localhost:5173/_next/static/chunks/node_modules_next_dist_1e8vcs8._.js:776
[ 3594420ms] [LOG] [Fast Refresh] done in 99ms @ http://localhost:5173/_next/static/chunks/node_modules_next_dist_1e8vcs8._.js:776
[ 3594485ms] [LOG] [Fast Refresh] done in 99ms @ http://localhost:5173/_next/static/chunks/node_modules_next_dist_1e8vcs8._.js:776
[ 3594548ms] [LOG] [Fast Refresh] done in 99ms @ http://localhost:5173/_next/static/chunks/node_modules_next_dist_1e8vcs8._.js:776
[ 3594598ms] [LOG] [Fast Refresh] done in 99ms @ http://localhost:5173/_next/static/chunks/node_modules_next_dist_1e8vcs8._.js:776
[ 3594659ms] [LOG] [Fast Refresh] done in 99ms @ http://localhost:5173/_next/static/chunks/node_modules_next_dist_1e8vcs8._.js:776
[ 3594709ms] [LOG] [Fast Refresh] done in 99ms @ http://localhost:5173/_next/static/chunks/node_modules_next_dist_1e8vcs8._.js:776
[ 3594778ms] [LOG] [Fast Refresh] done in 99ms @ http://localhost:5173/_next/static/chunks/node_modules_next_dist_1e8vcs8._.js:776
[ 3594824ms] [LOG] [Fast Refresh] done in 99ms @ http://localhost:5173/_next/static/chunks/node_modules_next_dist_1e8vcs8._.js:776
[ 3594874ms] [LOG] [Fast Refresh] done in 99ms @ http://localhost:5173/_next/static/chunks/node_modules_next_dist_1e8vcs8._.js:776
[ 3595040ms] [LOG] [Fast Refresh] done in 99ms @ http://localhost:5173/_next/static/chunks/node_modules_next_dist_1e8vcs8._.js:776
[ 3595088ms] [LOG] [Fast Refresh] done in 99ms @ http://localhost:5173/_next/static/chunks/node_modules_next_dist_1e8vcs8._.js:776
[ 3595135ms] [LOG] [Fast Refresh] done in 99ms @ http://localhost:5173/_next/static/chunks/node_modules_next_dist_1e8vcs8._.js:776
[ 3595186ms] [LOG] [Fast Refresh] done in 99ms @ http://localhost:5173/_next/static/chunks/node_modules_next_dist_1e8vcs8._.js:776
[ 3595233ms] [LOG] [Fast Refresh] done in 99ms @ http://localhost:5173/_next/static/chunks/node_modules_next_dist_1e8vcs8._.js:776
[ 3595285ms] [LOG] [Fast Refresh] done in 99ms @ http://localhost:5173/_next/static/chunks/node_modules_next_dist_1e8vcs8._.js:776
[ 3595332ms] [LOG] [Fast Refresh] done in 99ms @ http://localhost:5173/_next/static/chunks/node_modules_next_dist_1e8vcs8._.js:776
[ 3595378ms] [LOG] [Fast Refresh] done in 99ms @ http://localhost:5173/_next/static/chunks/node_modules_next_dist_1e8vcs8._.js:776
[ 3595440ms] [LOG] [Fast Refresh] done in 99ms @ http://localhost:5173/_next/static/chunks/node_modules_next_dist_1e8vcs8._.js:776
[ 3595489ms] [LOG] [Fast Refresh] done in 99ms @ http://localhost:5173/_next/static/chunks/node_modules_next_dist_1e8vcs8._.js:776
[ 3595551ms] [LOG] [Fast Refresh] done in 99ms @ http://localhost:5173/_next/static/chunks/node_modules_next_dist_1e8vcs8._.js:776
[ 3595592ms] [LOG] [Fast Refresh] done in 99ms @ http://localhost:5173/_next/static/chunks/node_modules_next_dist_1e8vcs8._.js:776
[ 3595654ms] [LOG] [Fast Refresh] done in 99ms @ http://localhost:5173/_next/static/chunks/node_modules_next_dist_1e8vcs8._.js:776
[ 3595712ms] [LOG] [Fast Refresh] done in 99ms @ http://localhost:5173/_next/static/chunks/node_modules_next_dist_1e8vcs8._.js:776
[ 3595765ms] [LOG] [Fast Refresh] done in 99ms @ http://localhost:5173/_next/static/chunks/node_modules_next_dist_1e8vcs8._.js:776
[ 3595834ms] [LOG] [Fast Refresh] done in 99ms @ http://localhost:5173/_next/static/chunks/node_modules_next_dist_1e8vcs8._.js:776
[ 3595894ms] [LOG] [Fast Refresh] done in 99ms @ http://localhost:5173/_next/static/chunks/node_modules_next_dist_1e8vcs8._.js:776
[ 3595957ms] [LOG] [Fast Refresh] done in 99ms @ http://localhost:5173/_next/static/chunks/node_modules_next_dist_1e8vcs8._.js:776
[ 3596016ms] [LOG] [Fast Refresh] done in 99ms @ http://localhost:5173/_next/static/chunks/node_modules_next_dist_1e8vcs8._.js:776
[ 3596071ms] [LOG] [Fast Refresh] done in 99ms @ http://localhost:5173/_next/static/chunks/node_modules_next_dist_1e8vcs8._.js:776
[ 3596112ms] [LOG] [Fast Refresh] done in 99ms @ http://localhost:5173/_next/static/chunks/node_modules_next_dist_1e8vcs8._.js:776
[ 3596167ms] [LOG] [Fast Refresh] done in 99ms @ http://localhost:5173/_next/static/chunks/node_modules_next_dist_1e8vcs8._.js:776
[ 3596210ms] [LOG] [Fast Refresh] done in 99ms @ http://localhost:5173/_next/static/chunks/node_modules_next_dist_1e8vcs8._.js:776
[ 3596268ms] [LOG] [Fast Refresh] done in 99ms @ http://localhost:5173/_next/static/chunks/node_modules_next_dist_1e8vcs8._.js:776
[ 3596325ms] [LOG] [Fast Refresh] done in 99ms @ http://localhost:5173/_next/static/chunks/node_modules_next_dist_1e8vcs8._.js:776
[ 3596373ms] [LOG] [Fast Refresh] done in 99ms @ http://localhost:5173/_next/static/chunks/node_modules_next_dist_1e8vcs8._.js:776
[ 3596435ms] [LOG] [Fast Refresh] done in 99ms @ http://localhost:5173/_next/static/chunks/node_modules_next_dist_1e8vcs8._.js:776
[ 3596485ms] [LOG] [Fast Refresh] done in 99ms @ http://localhost:5173/_next/static/chunks/node_modules_next_dist_1e8vcs8._.js:776
[ 3596543ms] [LOG] [Fast Refresh] done in 99ms @ http://localhost:5173/_next/static/chunks/node_modules_next_dist_1e8vcs8._.js:776
[ 3596591ms] [LOG] [Fast Refresh] done in 99ms @ http://localhost:5173/_next/static/chunks/node_modules_next_dist_1e8vcs8._.js:776
[ 3596651ms] [LOG] [Fast Refresh] done in 99ms @ http://localhost:5173/_next/static/chunks/node_modules_next_dist_1e8vcs8._.js:776
[ 3596710ms] [LOG] [Fast Refresh] done in 99ms @ http://localhost:5173/_next/static/chunks/node_modules_next_dist_1e8vcs8._.js:776
[ 3596775ms] [LOG] [Fast Refresh] done in 99ms @ http://localhost:5173/_next/static/chunks/node_modules_next_dist_1e8vcs8._.js:776
[ 3596838ms] [LOG] [Fast Refresh] done in 99ms @ http://localhost:5173/_next/static/chunks/node_modules_next_dist_1e8vcs8._.js:776
[ 3596885ms] [LOG] [Fast Refresh] done in 99ms @ http://localhost:5173/_next/static/chunks/node_modules_next_dist_1e8vcs8._.js:776
[ 3596935ms] [LOG] [Fast Refresh] done in 99ms @ http://localhost:5173/_next/static/chunks/node_modules_next_dist_1e8vcs8._.js:776
[ 3596999ms] [LOG] [Fast Refresh] done in 99ms @ http://localhost:5173/_next/static/chunks/node_modules_next_dist_1e8vcs8._.js:776
[ 3597057ms] [LOG] [Fast Refresh] done in 99ms @ http://localhost:5173/_next/static/chunks/node_modules_next_dist_1e8vcs8._.js:776
[ 3597113ms] [LOG] [Fast Refresh] done in 99ms @ http://localhost:5173/_next/static/chunks/node_modules_next_dist_1e8vcs8._.js:776
[ 3597178ms] [LOG] [Fast Refresh] done in 99ms @ http://localhost:5173/_next/static/chunks/node_modules_next_dist_1e8vcs8._.js:776
[ 3597228ms] [LOG] [Fast Refresh] done in 99ms @ http://localhost:5173/_next/static/chunks/node_modules_next_dist_1e8vcs8._.js:776
[ 3597279ms] [LOG] [Fast Refresh] done in 99ms @ http://localhost:5173/_next/static/chunks/node_modules_next_dist_1e8vcs8._.js:776
[ 3597344ms] [LOG] [Fast Refresh] done in 99ms @ http://localhost:5173/_next/static/chunks/node_modules_next_dist_1e8vcs8._.js:776
[ 3597403ms] [LOG] [Fast Refresh] done in 99ms @ http://localhost:5173/_next/static/chunks/node_modules_next_dist_1e8vcs8._.js:776
[ 3597464ms] [LOG] [Fast Refresh] done in 99ms @ http://localhost:5173/_next/static/chunks/node_modules_next_dist_1e8vcs8._.js:776
[ 3597508ms] [LOG] [Fast Refresh] done in 99ms @ http://localhost:5173/_next/static/chunks/node_modules_next_dist_1e8vcs8._.js:776
[ 3597570ms] [LOG] [Fast Refresh] done in 99ms @ http://localhost:5173/_next/static/chunks/node_modules_next_dist_1e8vcs8._.js:776
[ 3597626ms] [LOG] [Fast Refresh] done in 99ms @ http://localhost:5173/_next/static/chunks/node_modules_next_dist_1e8vcs8._.js:776
[ 3597679ms] [LOG] [Fast Refresh] done in 99ms @ http://localhost:5173/_next/static/chunks/node_modules_next_dist_1e8vcs8._.js:776
[ 3597740ms] [LOG] [Fast Refresh] done in 99ms @ http://localhost:5173/_next/static/chunks/node_modules_next_dist_1e8vcs8._.js:776
[ 3597794ms] [LOG] [Fast Refresh] done in 99ms @ http://localhost:5173/_next/static/chunks/node_modules_next_dist_1e8vcs8._.js:776
[ 3597857ms] [LOG] [Fast Refresh] done in 99ms @ http://localhost:5173/_next/static/chunks/node_modules_next_dist_1e8vcs8._.js:776
[ 3597926ms] [LOG] [Fast Refresh] done in 99ms @ http://localhost:5173/_next/static/chunks/node_modules_next_dist_1e8vcs8._.js:776
[ 3597979ms] [LOG] [Fast Refresh] done in 99ms @ http://localhost:5173/_next/static/chunks/node_modules_next_dist_1e8vcs8._.js:776
[ 3598039ms] [LOG] [Fast Refresh] done in 99ms @ http://localhost:5173/_next/static/chunks/node_modules_next_dist_1e8vcs8._.js:776
[ 3598095ms] [LOG] [Fast Refresh] done in 99ms @ http://localhost:5173/_next/static/chunks/node_modules_next_dist_1e8vcs8._.js:776
[ 3598155ms] [LOG] [Fast Refresh] done in 99ms @ http://localhost:5173/_next/static/chunks/node_modules_next_dist_1e8vcs8._.js:776
[ 3598225ms] [LOG] [Fast Refresh] done in 99ms @ http://localhost:5173/_next/static/chunks/node_modules_next_dist_1e8vcs8._.js:776
[ 3598278ms] [LOG] [Fast Refresh] done in 99ms @ http://localhost:5173/_next/static/chunks/node_modules_next_dist_1e8vcs8._.js:776
[ 3598326ms] [LOG] [Fast Refresh] done in 99ms @ http://localhost:5173/_next/static/chunks/node_modules_next_dist_1e8vcs8._.js:776
[ 3598378ms] [LOG] [Fast Refresh] done in 99ms @ http://localhost:5173/_next/static/chunks/node_modules_next_dist_1e8vcs8._.js:776
[ 3598439ms] [LOG] [Fast Refresh] done in 99ms @ http://localhost:5173/_next/static/chunks/node_modules_next_dist_1e8vcs8._.js:776
[ 3598494ms] [LOG] [Fast Refresh] done in 99ms @ http://localhost:5173/_next/static/chunks/node_modules_next_dist_1e8vcs8._.js:776
[ 3598556ms] [LOG] [Fast Refresh] done in 99ms @ http://localhost:5173/_next/static/chunks/node_modules_next_dist_1e8vcs8._.js:776
[ 3598603ms] [LOG] [Fast Refresh] done in 99ms @ http://localhost:5173/_next/static/chunks/node_modules_next_dist_1e8vcs8._.js:776
[ 3598665ms] [LOG] [Fast Refresh] done in 99ms @ http://localhost:5173/_next/static/chunks/node_modules_next_dist_1e8vcs8._.js:776
[ 3598736ms] [LOG] [Fast Refresh] done in 99ms @ http://localhost:5173/_next/static/chunks/node_modules_next_dist_1e8vcs8._.js:776
[ 3598787ms] [LOG] [Fast Refresh] done in 99ms @ http://localhost:5173/_next/static/chunks/node_modules_next_dist_1e8vcs8._.js:776
[ 3598835ms] [LOG] [Fast Refresh] done in 99ms @ http://localhost:5173/_next/static/chunks/node_modules_next_dist_1e8vcs8._.js:776
[ 3598887ms] [LOG] [Fast Refresh] done in 99ms @ http://localhost:5173/_next/static/chunks/node_modules_next_dist_1e8vcs8._.js:776
[ 3598942ms] [LOG] [Fast Refresh] done in 99ms @ http://localhost:5173/_next/static/chunks/node_modules_next_dist_1e8vcs8._.js:776
[ 3598998ms] [LOG] [Fast Refresh] done in 99ms @ http://localhost:5173/_next/static/chunks/node_modules_next_dist_1e8vcs8._.js:776
[ 3599060ms] [LOG] [Fast Refresh] done in 99ms @ http://localhost:5173/_next/static/chunks/node_modules_next_dist_1e8vcs8._.js:776
[ 3599108ms] [LOG] [Fast Refresh] done in 99ms @ http://localhost:5173/_next/static/chunks/node_modules_next_dist_1e8vcs8._.js:776
[ 3599163ms] [LOG] [Fast Refresh] done in 99ms @ http://localhost:5173/_next/static/chunks/node_modules_next_dist_1e8vcs8._.js:776
[ 3599206ms] [LOG] [Fast Refresh] done in 99ms @ http://localhost:5173/_next/static/chunks/node_modules_next_dist_1e8vcs8._.js:776
[ 3599268ms] [LOG] [Fast Refresh] done in 99ms @ http://localhost:5173/_next/static/chunks/node_modules_next_dist_1e8vcs8._.js:776
[ 3599308ms] [LOG] [Fast Refresh] done in 99ms @ http://localhost:5173/_next/static/chunks/node_modules_next_dist_1e8vcs8._.js:776
[ 3599361ms] [LOG] [Fast Refresh] done in 99ms @ http://localhost:5173/_next/static/chunks/node_modules_next_dist_1e8vcs8._.js:776
[ 3599422ms] [LOG] [Fast Refresh] done in 99ms @ http://localhost:5173/_next/static/chunks/node_modules_next_dist_1e8vcs8._.js:776
[ 3599474ms] [LOG] [Fast Refresh] done in 99ms @ http://localhost:5173/_next/static/chunks/node_modules_next_dist_1e8vcs8._.js:776
[ 3599528ms] [LOG] [Fast Refresh] done in 99ms @ http://localhost:5173/_next/static/chunks/node_modules_next_dist_1e8vcs8._.js:776
[ 3599577ms] [LOG] [Fast Refresh] done in 99ms @ http://localhost:5173/_next/static/chunks/node_modules_next_dist_1e8vcs8._.js:776
[ 3599631ms] [LOG] [Fast Refresh] done in 99ms @ http://localhost:5173/_next/static/chunks/node_modules_next_dist_1e8vcs8._.js:776
[ 3599691ms] [LOG] [Fast Refresh] done in 99ms @ http://localhost:5173/_next/static/chunks/node_modules_next_dist_1e8vcs8._.js:776
[ 3599759ms] [LOG] [Fast Refresh] done in 99ms @ http://localhost:5173/_next/static/chunks/node_modules_next_dist_1e8vcs8._.js:776
[ 3599824ms] [LOG] [Fast Refresh] done in 99ms @ http://localhost:5173/_next/static/chunks/node_modules_next_dist_1e8vcs8._.js:776
[ 3599878ms] [LOG] [Fast Refresh] done in 99ms @ http://localhost:5173/_next/static/chunks/node_modules_next_dist_1e8vcs8._.js:776
[ 3599939ms] [LOG] [Fast Refresh] done in 99ms @ http://localhost:5173/_next/static/chunks/node_modules_next_dist_1e8vcs8._.js:776
[ 3599991ms] [LOG] [Fast Refresh] done in 99ms @ http://localhost:5173/_next/static/chunks/node_modules_next_dist_1e8vcs8._.js:776
[ 3600053ms] [LOG] [Fast Refresh] done in 99ms @ http://localhost:5173/_next/static/chunks/node_modules_next_dist_1e8vcs8._.js:776
[ 3600106ms] [LOG] [Fast Refresh] done in 99ms @ http://localhost:5173/_next/static/chunks/node_modules_next_dist_1e8vcs8._.js:776
[ 3600169ms] [LOG] [Fast Refresh] done in 99ms @ http://localhost:5173/_next/static/chunks/node_modules_next_dist_1e8vcs8._.js:776
[ 3600217ms] [LOG] [Fast Refresh] done in 99ms @ http://localhost:5173/_next/static/chunks/node_modules_next_dist_1e8vcs8._.js:776
[ 3600271ms] [LOG] [Fast Refresh] done in 99ms @ http://localhost:5173/_next/static/chunks/node_modules_next_dist_1e8vcs8._.js:776
[ 3600322ms] [LOG] [Fast Refresh] done in 99ms @ http://localhost:5173/_next/static/chunks/node_modules_next_dist_1e8vcs8._.js:776
[ 3600385ms] [LOG] [Fast Refresh] done in 99ms @ http://localhost:5173/_next/static/chunks/node_modules_next_dist_1e8vcs8._.js:776
[ 3600448ms] [LOG] [Fast Refresh] done in 99ms @ http://localhost:5173/_next/static/chunks/node_modules_next_dist_1e8vcs8._.js:776
[ 3600511ms] [LOG] [Fast Refresh] done in 99ms @ http://localhost:5173/_next/static/chunks/node_modules_next_dist_1e8vcs8._.js:776
[ 3600578ms] [LOG] [Fast Refresh] done in 99ms @ http://localhost:5173/_next/static/chunks/node_modules_next_dist_1e8vcs8._.js:776
[ 3600640ms] [LOG] [Fast Refresh] done in 99ms @ http://localhost:5173/_next/static/chunks/node_modules_next_dist_1e8vcs8._.js:776
[ 3600693ms] [LOG] [Fast Refresh] done in 99ms @ http://localhost:5173/_next/static/chunks/node_modules_next_dist_1e8vcs8._.js:776
[ 3600756ms] [LOG] [Fast Refresh] done in 99ms @ http://localhost:5173/_next/static/chunks/node_modules_next_dist_1e8vcs8._.js:776
[ 3600824ms] [LOG] [Fast Refresh] done in 99ms @ http://localhost:5173/_next/static/chunks/node_modules_next_dist_1e8vcs8._.js:776
[ 3600878ms] [LOG] [Fast Refresh] done in 99ms @ http://localhost:5173/_next/static/chunks/node_modules_next_dist_1e8vcs8._.js:776
[ 3600939ms] [LOG] [Fast Refresh] done in 99ms @ http://localhost:5173/_next/static/chunks/node_modules_next_dist_1e8vcs8._.js:776
[ 3600985ms] [LOG] [Fast Refresh] done in 99ms @ http://localhost:5173/_next/static/chunks/node_modules_next_dist_1e8vcs8._.js:776
[ 3601043ms] [LOG] [Fast Refresh] done in 99ms @ http://localhost:5173/_next/static/chunks/node_modules_next_dist_1e8vcs8._.js:776
[ 3601093ms] [LOG] [Fast Refresh] done in 99ms @ http://localhost:5173/_next/static/chunks/node_modules_next_dist_1e8vcs8._.js:776
[ 3601155ms] [LOG] [Fast Refresh] done in 99ms @ http://localhost:5173/_next/static/chunks/node_modules_next_dist_1e8vcs8._.js:776
[ 3601217ms] [LOG] [Fast Refresh] done in 99ms @ http://localhost:5173/_next/static/chunks/node_modules_next_dist_1e8vcs8._.js:776
[ 3601265ms] [LOG] [Fast Refresh] done in 99ms @ http://localhost:5173/_next/static/chunks/node_modules_next_dist_1e8vcs8._.js:776
[ 3601328ms] [LOG] [Fast Refresh] done in 99ms @ http://localhost:5173/_next/static/chunks/node_modules_next_dist_1e8vcs8._.js:776
[ 3601378ms] [LOG] [Fast Refresh] done in 99ms @ http://localhost:5173/_next/static/chunks/node_modules_next_dist_1e8vcs8._.js:776
[ 3601428ms] [LOG] [Fast Refresh] done in 99ms @ http://localhost:5173/_next/static/chunks/node_modules_next_dist_1e8vcs8._.js:776
[ 3601478ms] [LOG] [Fast Refresh] done in 99ms @ http://localhost:5173/_next/static/chunks/node_modules_next_dist_1e8vcs8._.js:776
[ 3601539ms] [LOG] [Fast Refresh] done in 99ms @ http://localhost:5173/_next/static/chunks/node_modules_next_dist_1e8vcs8._.js:776
[ 3601593ms] [LOG] [Fast Refresh] done in 99ms @ http://localhost:5173/_next/static/chunks/node_modules_next_dist_1e8vcs8._.js:776
[ 3601655ms] [LOG] [Fast Refresh] done in 99ms @ http://localhost:5173/_next/static/chunks/node_modules_next_dist_1e8vcs8._.js:776
[ 3601703ms] [LOG] [Fast Refresh] done in 99ms @ http://localhost:5173/_next/static/chunks/node_modules_next_dist_1e8vcs8._.js:776
[ 3601758ms] [LOG] [Fast Refresh] done in 99ms @ http://localhost:5173/_next/static/chunks/node_modules_next_dist_1e8vcs8._.js:776
[ 3601828ms] [LOG] [Fast Refresh] done in 99ms @ http://localhost:5173/_next/static/chunks/node_modules_next_dist_1e8vcs8._.js:776
[ 3601878ms] [LOG] [Fast Refresh] done in 99ms @ http://localhost:5173/_next/static/chunks/node_modules_next_dist_1e8vcs8._.js:776
[ 3601924ms] [LOG] [Fast Refresh] done in 99ms @ http://localhost:5173/_next/static/chunks/node_modules_next_dist_1e8vcs8._.js:776
[ 3601976ms] [LOG] [Fast Refresh] done in 99ms @ http://localhost:5173/_next/static/chunks/node_modules_next_dist_1e8vcs8._.js:776
[ 3602039ms] [LOG] [Fast Refresh] done in 99ms @ http://localhost:5173/_next/static/chunks/node_modules_next_dist_1e8vcs8._.js:776
[ 3602094ms] [LOG] [Fast Refresh] done in 99ms @ http://localhost:5173/_next/static/chunks/node_modules_next_dist_1e8vcs8._.js:776
[ 3602155ms] [LOG] [Fast Refresh] done in 99ms @ http://localhost:5173/_next/static/chunks/node_modules_next_dist_1e8vcs8._.js:776
[ 3602224ms] [LOG] [Fast Refresh] done in 99ms @ http://localhost:5173/_next/static/chunks/node_modules_next_dist_1e8vcs8._.js:776
[ 3602278ms] [LOG] [Fast Refresh] done in 99ms @ http://localhost:5173/_next/static/chunks/node_modules_next_dist_1e8vcs8._.js:776
[ 3602325ms] [LOG] [Fast Refresh] done in 99ms @ http://localhost:5173/_next/static/chunks/node_modules_next_dist_1e8vcs8._.js:776
[ 3602378ms] [LOG] [Fast Refresh] done in 99ms @ http://localhost:5173/_next/static/chunks/node_modules_next_dist_1e8vcs8._.js:776
[ 3602425ms] [LOG] [Fast Refresh] done in 99ms @ http://localhost:5173/_next/static/chunks/node_modules_next_dist_1e8vcs8._.js:776
[ 3602478ms] [LOG] [Fast Refresh] done in 99ms @ http://localhost:5173/_next/static/chunks/node_modules_next_dist_1e8vcs8._.js:776
[ 3602539ms] [LOG] [Fast Refresh] done in 99ms @ http://localhost:5173/_next/static/chunks/node_modules_next_dist_1e8vcs8._.js:776
[ 3602586ms] [LOG] [Fast Refresh] done in 99ms @ http://localhost:5173/_next/static/chunks/node_modules_next_dist_1e8vcs8._.js:776
[ 3602635ms] [LOG] [Fast Refresh] done in 99ms @ http://localhost:5173/_next/static/chunks/node_modules_next_dist_1e8vcs8._.js:776
[ 3602684ms] [LOG] [Fast Refresh] done in 99ms @ http://localhost:5173/_next/static/chunks/node_modules_next_dist_1e8vcs8._.js:776
[ 3602746ms] [LOG] [Fast Refresh] done in 99ms @ http://localhost:5173/_next/static/chunks/node_modules_next_dist_1e8vcs8._.js:776
[ 3602795ms] [LOG] [Fast Refresh] done in 99ms @ http://localhost:5173/_next/static/chunks/node_modules_next_dist_1e8vcs8._.js:776
[ 3602856ms] [LOG] [Fast Refresh] done in 99ms @ http://localhost:5173/_next/static/chunks/node_modules_next_dist_1e8vcs8._.js:776
[ 3602924ms] [LOG] [Fast Refresh] done in 99ms @ http://localhost:5173/_next/static/chunks/node_modules_next_dist_1e8vcs8._.js:776
[ 3602978ms] [LOG] [Fast Refresh] done in 99ms @ http://localhost:5173/_next/static/chunks/node_modules_next_dist_1e8vcs8._.js:776
[ 3603041ms] [LOG] [Fast Refresh] done in 99ms @ http://localhost:5173/_next/static/chunks/node_modules_next_dist_1e8vcs8._.js:776
[ 3603102ms] [LOG] [Fast Refresh] done in 99ms @ http://localhost:5173/_next/static/chunks/node_modules_next_dist_1e8vcs8._.js:776
[ 3603164ms] [LOG] [Fast Refresh] done in 99ms @ http://localhost:5173/_next/static/chunks/node_modules_next_dist_1e8vcs8._.js:776
[ 3603217ms] [LOG] [Fast Refresh] done in 99ms @ http://localhost:5173/_next/static/chunks/node_modules_next_dist_1e8vcs8._.js:776
[ 3603273ms] [LOG] [Fast Refresh] done in 99ms @ http://localhost:5173/_next/static/chunks/node_modules_next_dist_1e8vcs8._.js:776
[ 3603320ms] [LOG] [Fast Refresh] done in 99ms @ http://localhost:5173/_next/static/chunks/node_modules_next_dist_1e8vcs8._.js:776
[ 3603372ms] [LOG] [Fast Refresh] done in 99ms @ http://localhost:5173/_next/static/chunks/node_modules_next_dist_1e8vcs8._.js:776
[ 3603426ms] [LOG] [Fast Refresh] done in 99ms @ http://localhost:5173/_next/static/chunks/node_modules_next_dist_1e8vcs8._.js:776
[ 3603476ms] [LOG] [Fast Refresh] done in 99ms @ http://localhost:5173/_next/static/chunks/node_modules_next_dist_1e8vcs8._.js:776
[ 3603539ms] [LOG] [Fast Refresh] done in 99ms @ http://localhost:5173/_next/static/chunks/node_modules_next_dist_1e8vcs8._.js:776
[ 3603597ms] [LOG] [Fast Refresh] done in 99ms @ http://localhost:5173/_next/static/chunks/node_modules_next_dist_1e8vcs8._.js:776
[ 3603659ms] [LOG] [Fast Refresh] done in 99ms @ http://localhost:5173/_next/static/chunks/node_modules_next_dist_1e8vcs8._.js:776
[ 3603724ms] [LOG] [Fast Refresh] done in 99ms @ http://localhost:5173/_next/static/chunks/node_modules_next_dist_1e8vcs8._.js:776
[ 3603773ms] [LOG] [Fast Refresh] done in 99ms @ http://localhost:5173/_next/static/chunks/node_modules_next_dist_1e8vcs8._.js:776
[ 3603831ms] [LOG] [Fast Refresh] done in 99ms @ http://localhost:5173/_next/static/chunks/node_modules_next_dist_1e8vcs8._.js:776
[ 3603894ms] [LOG] [Fast Refresh] done in 99ms @ http://localhost:5173/_next/static/chunks/node_modules_next_dist_1e8vcs8._.js:776
[ 3603956ms] [LOG] [Fast Refresh] done in 99ms @ http://localhost:5173/_next/static/chunks/node_modules_next_dist_1e8vcs8._.js:776
[ 3604025ms] [LOG] [Fast Refresh] done in 99ms @ http://localhost:5173/_next/static/chunks/node_modules_next_dist_1e8vcs8._.js:776
[ 3604078ms] [LOG] [Fast Refresh] done in 99ms @ http://localhost:5173/_next/static/chunks/node_modules_next_dist_1e8vcs8._.js:776
[ 3604141ms] [LOG] [Fast Refresh] done in 99ms @ http://localhost:5173/_next/static/chunks/node_modules_next_dist_1e8vcs8._.js:776
[ 3604194ms] [LOG] [Fast Refresh] done in 99ms @ http://localhost:5173/_next/static/chunks/node_modules_next_dist_1e8vcs8._.js:776
[ 3604256ms] [LOG] [Fast Refresh] done in 99ms @ http://localhost:5173/_next/static/chunks/node_modules_next_dist_1e8vcs8._.js:776
[ 3604324ms] [LOG] [Fast Refresh] done in 99ms @ http://localhost:5173/_next/static/chunks/node_modules_next_dist_1e8vcs8._.js:776
[ 3604372ms] [LOG] [Fast Refresh] done in 99ms @ http://localhost:5173/_next/static/chunks/node_modules_next_dist_1e8vcs8._.js:776
[ 3604419ms] [LOG] [Fast Refresh] done in 99ms @ http://localhost:5173/_next/static/chunks/node_modules_next_dist_1e8vcs8._.js:776
[ 3604481ms] [LOG] [Fast Refresh] done in 99ms @ http://localhost:5173/_next/static/chunks/node_modules_next_dist_1e8vcs8._.js:776
[ 3604545ms] [LOG] [Fast Refresh] done in 99ms @ http://localhost:5173/_next/static/chunks/node_modules_next_dist_1e8vcs8._.js:776
[ 3604603ms] [LOG] [Fast Refresh] done in 99ms @ http://localhost:5173/_next/static/chunks/node_modules_next_dist_1e8vcs8._.js:776
[ 3604665ms] [LOG] [Fast Refresh] done in 99ms @ http://localhost:5173/_next/static/chunks/node_modules_next_dist_1e8vcs8._.js:776
[ 3604708ms] [LOG] [Fast Refresh] done in 99ms @ http://localhost:5173/_next/static/chunks/node_modules_next_dist_1e8vcs8._.js:776
[ 3604754ms] [LOG] [Fast Refresh] done in 99ms @ http://localhost:5173/_next/static/chunks/node_modules_next_dist_1e8vcs8._.js:776
[ 3604806ms] [LOG] [Fast Refresh] done in 99ms @ http://localhost:5173/_next/static/chunks/node_modules_next_dist_1e8vcs8._.js:776
[ 3604854ms] [LOG] [Fast Refresh] done in 99ms @ http://localhost:5173/_next/static/chunks/node_modules_next_dist_1e8vcs8._.js:776
[ 3604909ms] [LOG] [Fast Refresh] done in 99ms @ http://localhost:5173/_next/static/chunks/node_modules_next_dist_1e8vcs8._.js:776
[ 3604964ms] [LOG] [Fast Refresh] done in 99ms @ http://localhost:5173/_next/static/chunks/node_modules_next_dist_1e8vcs8._.js:776
[ 3605024ms] [LOG] [Fast Refresh] done in 99ms @ http://localhost:5173/_next/static/chunks/node_modules_next_dist_1e8vcs8._.js:776
[ 3605088ms] [LOG] [Fast Refresh] done in 99ms @ http://localhost:5173/_next/static/chunks/node_modules_next_dist_1e8vcs8._.js:776
[ 3605149ms] [LOG] [Fast Refresh] done in 99ms @ http://localhost:5173/_next/static/chunks/node_modules_next_dist_1e8vcs8._.js:776
[ 3605208ms] [LOG] [Fast Refresh] done in 99ms @ http://localhost:5173/_next/static/chunks/node_modules_next_dist_1e8vcs8._.js:776
[ 3605269ms] [LOG] [Fast Refresh] done in 99ms @ http://localhost:5173/_next/static/chunks/node_modules_next_dist_1e8vcs8._.js:776
[ 3605339ms] [LOG] [Fast Refresh] done in 99ms @ http://localhost:5173/_next/static/chunks/node_modules_next_dist_1e8vcs8._.js:776
[ 3605393ms] [LOG] [Fast Refresh] done in 99ms @ http://localhost:5173/_next/static/chunks/node_modules_next_dist_1e8vcs8._.js:776
[ 3605456ms] [LOG] [Fast Refresh] done in 99ms @ http://localhost:5173/_next/static/chunks/node_modules_next_dist_1e8vcs8._.js:776
[ 3605525ms] [LOG] [Fast Refresh] done in 99ms @ http://localhost:5173/_next/static/chunks/node_modules_next_dist_1e8vcs8._.js:776
[ 3605587ms] [LOG] [Fast Refresh] done in 99ms @ http://localhost:5173/_next/static/chunks/node_modules_next_dist_1e8vcs8._.js:776
[ 3605649ms] [LOG] [Fast Refresh] done in 99ms @ http://localhost:5173/_next/static/chunks/node_modules_next_dist_1e8vcs8._.js:776
[ 3605700ms] [LOG] [Fast Refresh] done in 99ms @ http://localhost:5173/_next/static/chunks/node_modules_next_dist_1e8vcs8._.js:776
[ 3605762ms] [LOG] [Fast Refresh] done in 99ms @ http://localhost:5173/_next/static/chunks/node_modules_next_dist_1e8vcs8._.js:776
[ 3605825ms] [LOG] [Fast Refresh] done in 99ms @ http://localhost:5173/_next/static/chunks/node_modules_next_dist_1e8vcs8._.js:776
[ 3605871ms] [LOG] [Fast Refresh] done in 99ms @ http://localhost:5173/_next/static/chunks/node_modules_next_dist_1e8vcs8._.js:776
[ 3605921ms] [LOG] [Fast Refresh] done in 99ms @ http://localhost:5173/_next/static/chunks/node_modules_next_dist_1e8vcs8._.js:776
[ 3605968ms] [LOG] [Fast Refresh] done in 99ms @ http://localhost:5173/_next/static/chunks/node_modules_next_dist_1e8vcs8._.js:776
[ 3606007ms] [LOG] [Fast Refresh] done in 99ms @ http://localhost:5173/_next/static/chunks/node_modules_next_dist_1e8vcs8._.js:776
[ 3606069ms] [LOG] [Fast Refresh] done in 99ms @ http://localhost:5173/_next/static/chunks/node_modules_next_dist_1e8vcs8._.js:776
[ 3606122ms] [LOG] [Fast Refresh] done in 99ms @ http://localhost:5173/_next/static/chunks/node_modules_next_dist_1e8vcs8._.js:776
[ 3606175ms] [LOG] [Fast Refresh] done in 99ms @ http://localhost:5173/_next/static/chunks/node_modules_next_dist_1e8vcs8._.js:776
[ 3606222ms] [LOG] [Fast Refresh] done in 99ms @ http://localhost:5173/_next/static/chunks/node_modules_next_dist_1e8vcs8._.js:776
[ 3606285ms] [LOG] [Fast Refresh] done in 99ms @ http://localhost:5173/_next/static/chunks/node_modules_next_dist_1e8vcs8._.js:776
[ 3606349ms] [LOG] [Fast Refresh] done in 99ms @ http://localhost:5173/_next/static/chunks/node_modules_next_dist_1e8vcs8._.js:776
[ 3606407ms] [LOG] [Fast Refresh] done in 99ms @ http://localhost:5173/_next/static/chunks/node_modules_next_dist_1e8vcs8._.js:776
[ 3606470ms] [LOG] [Fast Refresh] done in 99ms @ http://localhost:5173/_next/static/chunks/node_modules_next_dist_1e8vcs8._.js:776
[ 3606532ms] [LOG] [Fast Refresh] done in 99ms @ http://localhost:5173/_next/static/chunks/node_modules_next_dist_1e8vcs8._.js:776
[ 3606578ms] [LOG] [Fast Refresh] done in 99ms @ http://localhost:5173/_next/static/chunks/node_modules_next_dist_1e8vcs8._.js:776
[ 3606625ms] [LOG] [Fast Refresh] done in 99ms @ http://localhost:5173/_next/static/chunks/node_modules_next_dist_1e8vcs8._.js:776
[ 3606679ms] [LOG] [Fast Refresh] done in 99ms @ http://localhost:5173/_next/static/chunks/node_modules_next_dist_1e8vcs8._.js:776
[ 3606725ms] [LOG] [Fast Refresh] done in 99ms @ http://localhost:5173/_next/static/chunks/node_modules_next_dist_1e8vcs8._.js:776
[ 3606778ms] [LOG] [Fast Refresh] done in 99ms @ http://localhost:5173/_next/static/chunks/node_modules_next_dist_1e8vcs8._.js:776
[ 3606839ms] [LOG] [Fast Refresh] done in 99ms @ http://localhost:5173/_next/static/chunks/node_modules_next_dist_1e8vcs8._.js:776
[ 3606901ms] [LOG] [Fast Refresh] done in 99ms @ http://localhost:5173/_next/static/chunks/node_modules_next_dist_1e8vcs8._.js:776
[ 3606962ms] [LOG] [Fast Refresh] done in 99ms @ http://localhost:5173/_next/static/chunks/node_modules_next_dist_1e8vcs8._.js:776
[ 3607018ms] [LOG] [Fast Refresh] done in 99ms @ http://localhost:5173/_next/static/chunks/node_modules_next_dist_1e8vcs8._.js:776
[ 3607086ms] [LOG] [Fast Refresh] done in 99ms @ http://localhost:5173/_next/static/chunks/node_modules_next_dist_1e8vcs8._.js:776
[ 3607148ms] [LOG] [Fast Refresh] done in 99ms @ http://localhost:5173/_next/static/chunks/node_modules_next_dist_1e8vcs8._.js:776
[ 3607210ms] [LOG] [Fast Refresh] done in 99ms @ http://localhost:5173/_next/static/chunks/node_modules_next_dist_1e8vcs8._.js:776
[ 3607257ms] [LOG] [Fast Refresh] done in 99ms @ http://localhost:5173/_next/static/chunks/node_modules_next_dist_1e8vcs8._.js:776
[ 3607308ms] [LOG] [Fast Refresh] done in 99ms @ http://localhost:5173/_next/static/chunks/node_modules_next_dist_1e8vcs8._.js:776
[ 3607378ms] [LOG] [Fast Refresh] done in 99ms @ http://localhost:5173/_next/static/chunks/node_modules_next_dist_1e8vcs8._.js:776
[ 3607440ms] [LOG] [Fast Refresh] done in 99ms @ http://localhost:5173/_next/static/chunks/node_modules_next_dist_1e8vcs8._.js:776
[ 3607493ms] [LOG] [Fast Refresh] done in 99ms @ http://localhost:5173/_next/static/chunks/node_modules_next_dist_1e8vcs8._.js:776
[ 3607555ms] [LOG] [Fast Refresh] done in 99ms @ http://localhost:5173/_next/static/chunks/node_modules_next_dist_1e8vcs8._.js:776
[ 3607607ms] [LOG] [Fast Refresh] done in 99ms @ http://localhost:5173/_next/static/chunks/node_modules_next_dist_1e8vcs8._.js:776
[ 3607669ms] [LOG] [Fast Refresh] done in 99ms @ http://localhost:5173/_next/static/chunks/node_modules_next_dist_1e8vcs8._.js:776
[ 3607713ms] [LOG] [Fast Refresh] done in 99ms @ http://localhost:5173/_next/static/chunks/node_modules_next_dist_1e8vcs8._.js:776
[ 3607760ms] [LOG] [Fast Refresh] done in 99ms @ http://localhost:5173/_next/static/chunks/node_modules_next_dist_1e8vcs8._.js:776
[ 3607810ms] [LOG] [Fast Refresh] done in 99ms @ http://localhost:5173/_next/static/chunks/node_modules_next_dist_1e8vcs8._.js:776
[ 3607878ms] [LOG] [Fast Refresh] done in 99ms @ http://localhost:5173/_next/static/chunks/node_modules_next_dist_1e8vcs8._.js:776
[ 3607940ms] [LOG] [Fast Refresh] done in 99ms @ http://localhost:5173/_next/static/chunks/node_modules_next_dist_1e8vcs8._.js:776
[ 3607988ms] [LOG] [Fast Refresh] done in 99ms @ http://localhost:5173/_next/static/chunks/node_modules_next_dist_1e8vcs8._.js:776
[ 3608051ms] [LOG] [Fast Refresh] done in 99ms @ http://localhost:5173/_next/static/chunks/node_modules_next_dist_1e8vcs8._.js:776
[ 3608107ms] [LOG] [Fast Refresh] done in 99ms @ http://localhost:5173/_next/static/chunks/node_modules_next_dist_1e8vcs8._.js:776
[ 3608170ms] [LOG] [Fast Refresh] done in 99ms @ http://localhost:5173/_next/static/chunks/node_modules_next_dist_1e8vcs8._.js:776
[ 3608228ms] [LOG] [Fast Refresh] done in 99ms @ http://localhost:5173/_next/static/chunks/node_modules_next_dist_1e8vcs8._.js:776
[ 3608277ms] [LOG] [Fast Refresh] done in 99ms @ http://localhost:5173/_next/static/chunks/node_modules_next_dist_1e8vcs8._.js:776
[ 3608336ms] [LOG] [Fast Refresh] done in 99ms @ http://localhost:5173/_next/static/chunks/node_modules_next_dist_1e8vcs8._.js:776
[ 3608386ms] [LOG] [Fast Refresh] done in 99ms @ http://localhost:5173/_next/static/chunks/node_modules_next_dist_1e8vcs8._.js:776
[ 3608447ms] [LOG] [Fast Refresh] done in 99ms @ http://localhost:5173/_next/static/chunks/node_modules_next_dist_1e8vcs8._.js:776
[ 3608509ms] [LOG] [Fast Refresh] done in 99ms @ http://localhost:5173/_next/static/chunks/node_modules_next_dist_1e8vcs8._.js:776
[ 3608556ms] [LOG] [Fast Refresh] done in 99ms @ http://localhost:5173/_next/static/chunks/node_modules_next_dist_1e8vcs8._.js:776
[ 3608613ms] [LOG] [Fast Refresh] done in 99ms @ http://localhost:5173/_next/static/chunks/node_modules_next_dist_1e8vcs8._.js:776
[ 3608661ms] [LOG] [Fast Refresh] done in 99ms @ http://localhost:5173/_next/static/chunks/node_modules_next_dist_1e8vcs8._.js:776
[ 3608710ms] [LOG] [Fast Refresh] done in 99ms @ http://localhost:5173/_next/static/chunks/node_modules_next_dist_1e8vcs8._.js:776
[ 3608757ms] [LOG] [Fast Refresh] done in 99ms @ http://localhost:5173/_next/static/chunks/node_modules_next_dist_1e8vcs8._.js:776
[ 3608824ms] [LOG] [Fast Refresh] done in 99ms @ http://localhost:5173/_next/static/chunks/node_modules_next_dist_1e8vcs8._.js:776
[ 3608885ms] [LOG] [Fast Refresh] done in 99ms @ http://localhost:5173/_next/static/chunks/node_modules_next_dist_1e8vcs8._.js:776
[ 3608948ms] [LOG] [Fast Refresh] done in 99ms @ http://localhost:5173/_next/static/chunks/node_modules_next_dist_1e8vcs8._.js:776
[ 3609007ms] [LOG] [Fast Refresh] done in 99ms @ http://localhost:5173/_next/static/chunks/node_modules_next_dist_1e8vcs8._.js:776
[ 3609068ms] [LOG] [Fast Refresh] done in 99ms @ http://localhost:5173/_next/static/chunks/node_modules_next_dist_1e8vcs8._.js:776
[ 3609115ms] [LOG] [Fast Refresh] done in 99ms @ http://localhost:5173/_next/static/chunks/node_modules_next_dist_1e8vcs8._.js:776
[ 3609176ms] [LOG] [Fast Refresh] done in 99ms @ http://localhost:5173/_next/static/chunks/node_modules_next_dist_1e8vcs8._.js:776
[ 3609239ms] [LOG] [Fast Refresh] done in 99ms @ http://localhost:5173/_next/static/chunks/node_modules_next_dist_1e8vcs8._.js:776
[ 3609301ms] [LOG] [Fast Refresh] done in 99ms @ http://localhost:5173/_next/static/chunks/node_modules_next_dist_1e8vcs8._.js:776
[ 3609363ms] [LOG] [Fast Refresh] done in 99ms @ http://localhost:5173/_next/static/chunks/node_modules_next_dist_1e8vcs8._.js:776
[ 3609426ms] [LOG] [Fast Refresh] done in 99ms @ http://localhost:5173/_next/static/chunks/node_modules_next_dist_1e8vcs8._.js:776
[ 3609472ms] [LOG] [Fast Refresh] done in 99ms @ http://localhost:5173/_next/static/chunks/node_modules_next_dist_1e8vcs8._.js:776
[ 3609535ms] [LOG] [Fast Refresh] done in 99ms @ http://localhost:5173/_next/static/chunks/node_modules_next_dist_1e8vcs8._.js:776
[ 3609581ms] [LOG] [Fast Refresh] done in 99ms @ http://localhost:5173/_next/static/chunks/node_modules_next_dist_1e8vcs8._.js:776
[ 3609643ms] [LOG] [Fast Refresh] done in 99ms @ http://localhost:5173/_next/static/chunks/node_modules_next_dist_1e8vcs8._.js:776
[ 3609692ms] [LOG] [Fast Refresh] done in 99ms @ http://localhost:5173/_next/static/chunks/node_modules_next_dist_1e8vcs8._.js:776
[ 3609753ms] [LOG] [Fast Refresh] done in 99ms @ http://localhost:5173/_next/static/chunks/node_modules_next_dist_1e8vcs8._.js:776
[ 3609816ms] [LOG] [Fast Refresh] done in 99ms @ http://localhost:5173/_next/static/chunks/node_modules_next_dist_1e8vcs8._.js:776
[ 3609877ms] [LOG] [Fast Refresh] done in 99ms @ http://localhost:5173/_next/static/chunks/node_modules_next_dist_1e8vcs8._.js:776
[ 3609939ms] [LOG] [Fast Refresh] done in 99ms @ http://localhost:5173/_next/static/chunks/node_modules_next_dist_1e8vcs8._.js:776
[ 3610002ms] [LOG] [Fast Refresh] done in 99ms @ http://localhost:5173/_next/static/chunks/node_modules_next_dist_1e8vcs8._.js:776
[ 3610064ms] [LOG] [Fast Refresh] done in 99ms @ http://localhost:5173/_next/static/chunks/node_modules_next_dist_1e8vcs8._.js:776
[ 3610126ms] [LOG] [Fast Refresh] done in 99ms @ http://localhost:5173/_next/static/chunks/node_modules_next_dist_1e8vcs8._.js:776
[ 3610187ms] [LOG] [Fast Refresh] done in 99ms @ http://localhost:5173/_next/static/chunks/node_modules_next_dist_1e8vcs8._.js:776
[ 3610234ms] [LOG] [Fast Refresh] done in 99ms @ http://localhost:5173/_next/static/chunks/node_modules_next_dist_1e8vcs8._.js:776
[ 3610295ms] [LOG] [Fast Refresh] done in 99ms @ http://localhost:5173/_next/static/chunks/node_modules_next_dist_1e8vcs8._.js:776
[ 3610356ms] [LOG] [Fast Refresh] done in 99ms @ http://localhost:5173/_next/static/chunks/node_modules_next_dist_1e8vcs8._.js:776
[ 3610403ms] [LOG] [Fast Refresh] done in 99ms @ http://localhost:5173/_next/static/chunks/node_modules_next_dist_1e8vcs8._.js:776
[ 3610451ms] [LOG] [Fast Refresh] done in 99ms @ http://localhost:5173/_next/static/chunks/node_modules_next_dist_1e8vcs8._.js:776
[ 3610499ms] [LOG] [Fast Refresh] done in 99ms @ http://localhost:5173/_next/static/chunks/node_modules_next_dist_1e8vcs8._.js:776
[ 3610561ms] [LOG] [Fast Refresh] done in 99ms @ http://localhost:5173/_next/static/chunks/node_modules_next_dist_1e8vcs8._.js:776
[ 3610608ms] [LOG] [Fast Refresh] done in 99ms @ http://localhost:5173/_next/static/chunks/node_modules_next_dist_1e8vcs8._.js:776
[ 3610672ms] [LOG] [Fast Refresh] done in 99ms @ http://localhost:5173/_next/static/chunks/node_modules_next_dist_1e8vcs8._.js:776
[ 3610734ms] [LOG] [Fast Refresh] done in 99ms @ http://localhost:5173/_next/static/chunks/node_modules_next_dist_1e8vcs8._.js:776
[ 3610796ms] [LOG] [Fast Refresh] done in 99ms @ http://localhost:5173/_next/static/chunks/node_modules_next_dist_1e8vcs8._.js:776
[ 3610857ms] [LOG] [Fast Refresh] done in 99ms @ http://localhost:5173/_next/static/chunks/node_modules_next_dist_1e8vcs8._.js:776
[ 3610904ms] [LOG] [Fast Refresh] done in 99ms @ http://localhost:5173/_next/static/chunks/node_modules_next_dist_1e8vcs8._.js:776
[ 3610965ms] [LOG] [Fast Refresh] done in 99ms @ http://localhost:5173/_next/static/chunks/node_modules_next_dist_1e8vcs8._.js:776
[ 3611012ms] [LOG] [Fast Refresh] done in 99ms @ http://localhost:5173/_next/static/chunks/node_modules_next_dist_1e8vcs8._.js:776
[ 3611073ms] [LOG] [Fast Refresh] done in 99ms @ http://localhost:5173/_next/static/chunks/node_modules_next_dist_1e8vcs8._.js:776
[ 3611120ms] [LOG] [Fast Refresh] done in 99ms @ http://localhost:5173/_next/static/chunks/node_modules_next_dist_1e8vcs8._.js:776
[ 3611182ms] [LOG] [Fast Refresh] done in 99ms @ http://localhost:5173/_next/static/chunks/node_modules_next_dist_1e8vcs8._.js:776
[ 3611244ms] [LOG] [Fast Refresh] done in 99ms @ http://localhost:5173/_next/static/chunks/node_modules_next_dist_1e8vcs8._.js:776
[ 3611291ms] [LOG] [Fast Refresh] done in 99ms @ http://localhost:5173/_next/static/chunks/node_modules_next_dist_1e8vcs8._.js:776
[ 3611338ms] [LOG] [Fast Refresh] done in 99ms @ http://localhost:5173/_next/static/chunks/node_modules_next_dist_1e8vcs8._.js:776
[ 3611400ms] [LOG] [Fast Refresh] done in 99ms @ http://localhost:5173/_next/static/chunks/node_modules_next_dist_1e8vcs8._.js:776
[ 3611463ms] [LOG] [Fast Refresh] done in 99ms @ http://localhost:5173/_next/static/chunks/node_modules_next_dist_1e8vcs8._.js:776
[ 3611524ms] [LOG] [Fast Refresh] done in 99ms @ http://localhost:5173/_next/static/chunks/node_modules_next_dist_1e8vcs8._.js:776
[ 3611571ms] [LOG] [Fast Refresh] done in 99ms @ http://localhost:5173/_next/static/chunks/node_modules_next_dist_1e8vcs8._.js:776
[ 3611633ms] [LOG] [Fast Refresh] done in 99ms @ http://localhost:5173/_next/static/chunks/node_modules_next_dist_1e8vcs8._.js:776
[ 3611695ms] [LOG] [Fast Refresh] done in 99ms @ http://localhost:5173/_next/static/chunks/node_modules_next_dist_1e8vcs8._.js:776
[ 3611757ms] [LOG] [Fast Refresh] done in 99ms @ http://localhost:5173/_next/static/chunks/node_modules_next_dist_1e8vcs8._.js:776
[ 3611804ms] [LOG] [Fast Refresh] done in 99ms @ http://localhost:5173/_next/static/chunks/node_modules_next_dist_1e8vcs8._.js:776
[ 3611867ms] [LOG] [Fast Refresh] done in 99ms @ http://localhost:5173/_next/static/chunks/node_modules_next_dist_1e8vcs8._.js:776
[ 3611913ms] [LOG] [Fast Refresh] done in 99ms @ http://localhost:5173/_next/static/chunks/node_modules_next_dist_1e8vcs8._.js:776
[ 3611975ms] [LOG] [Fast Refresh] done in 99ms @ http://localhost:5173/_next/static/chunks/node_modules_next_dist_1e8vcs8._.js:776
[ 3612022ms] [LOG] [Fast Refresh] done in 99ms @ http://localhost:5173/_next/static/chunks/node_modules_next_dist_1e8vcs8._.js:776
[ 3612083ms] [LOG] [Fast Refresh] done in 99ms @ http://localhost:5173/_next/static/chunks/node_modules_next_dist_1e8vcs8._.js:776
[ 3612146ms] [LOG] [Fast Refresh] done in 99ms @ http://localhost:5173/_next/static/chunks/node_modules_next_dist_1e8vcs8._.js:776
[ 3612209ms] [LOG] [Fast Refresh] done in 99ms @ http://localhost:5173/_next/static/chunks/node_modules_next_dist_1e8vcs8._.js:776
[ 3612270ms] [LOG] [Fast Refresh] done in 99ms @ http://localhost:5173/_next/static/chunks/node_modules_next_dist_1e8vcs8._.js:776
[ 3612319ms] [LOG] [Fast Refresh] done in 99ms @ http://localhost:5173/_next/static/chunks/node_modules_next_dist_1e8vcs8._.js:776
[ 3612365ms] [LOG] [Fast Refresh] done in 99ms @ http://localhost:5173/_next/static/chunks/node_modules_next_dist_1e8vcs8._.js:776
[ 3612413ms] [LOG] [Fast Refresh] done in 99ms @ http://localhost:5173/_next/static/chunks/node_modules_next_dist_1e8vcs8._.js:776
[ 3612476ms] [LOG] [Fast Refresh] done in 99ms @ http://localhost:5173/_next/static/chunks/node_modules_next_dist_1e8vcs8._.js:776
[ 3612536ms] [LOG] [Fast Refresh] done in 99ms @ http://localhost:5173/_next/static/chunks/node_modules_next_dist_1e8vcs8._.js:776
[ 3612598ms] [LOG] [Fast Refresh] done in 99ms @ http://localhost:5173/_next/static/chunks/node_modules_next_dist_1e8vcs8._.js:776
[ 3612660ms] [LOG] [Fast Refresh] done in 99ms @ http://localhost:5173/_next/static/chunks/node_modules_next_dist_1e8vcs8._.js:776
[ 3612722ms] [LOG] [Fast Refresh] done in 99ms @ http://localhost:5173/_next/static/chunks/node_modules_next_dist_1e8vcs8._.js:776
[ 3612784ms] [LOG] [Fast Refresh] done in 99ms @ http://localhost:5173/_next/static/chunks/node_modules_next_dist_1e8vcs8._.js:776
[ 3612846ms] [LOG] [Fast Refresh] done in 99ms @ http://localhost:5173/_next/static/chunks/node_modules_next_dist_1e8vcs8._.js:776
[ 3612907ms] [LOG] [Fast Refresh] done in 99ms @ http://localhost:5173/_next/static/chunks/node_modules_next_dist_1e8vcs8._.js:776
[ 3612956ms] [LOG] [Fast Refresh] done in 99ms @ http://localhost:5173/_next/static/chunks/node_modules_next_dist_1e8vcs8._.js:776
[ 3613017ms] [LOG] [Fast Refresh] done in 99ms @ http://localhost:5173/_next/static/chunks/node_modules_next_dist_1e8vcs8._.js:776
[ 3613080ms] [LOG] [Fast Refresh] done in 99ms @ http://localhost:5173/_next/static/chunks/node_modules_next_dist_1e8vcs8._.js:776
[ 3613144ms] [LOG] [Fast Refresh] done in 99ms @ http://localhost:5173/_next/static/chunks/node_modules_next_dist_1e8vcs8._.js:776
[ 3613192ms] [LOG] [Fast Refresh] done in 99ms @ http://localhost:5173/_next/static/chunks/node_modules_next_dist_1e8vcs8._.js:776
[ 3613254ms] [LOG] [Fast Refresh] done in 99ms @ http://localhost:5173/_next/static/chunks/node_modules_next_dist_1e8vcs8._.js:776
[ 3613317ms] [LOG] [Fast Refresh] done in 99ms @ http://localhost:5173/_next/static/chunks/node_modules_next_dist_1e8vcs8._.js:776
[ 3613379ms] [LOG] [Fast Refresh] done in 99ms @ http://localhost:5173/_next/static/chunks/node_modules_next_dist_1e8vcs8._.js:776
[ 3613441ms] [LOG] [Fast Refresh] done in 99ms @ http://localhost:5173/_next/static/chunks/node_modules_next_dist_1e8vcs8._.js:776
[ 3613488ms] [LOG] [Fast Refresh] done in 99ms @ http://localhost:5173/_next/static/chunks/node_modules_next_dist_1e8vcs8._.js:776
[ 3613549ms] [LOG] [Fast Refresh] done in 99ms @ http://localhost:5173/_next/static/chunks/node_modules_next_dist_1e8vcs8._.js:776
[ 3613612ms] [LOG] [Fast Refresh] done in 99ms @ http://localhost:5173/_next/static/chunks/node_modules_next_dist_1e8vcs8._.js:776
[ 3613659ms] [LOG] [Fast Refresh] done in 99ms @ http://localhost:5173/_next/static/chunks/node_modules_next_dist_1e8vcs8._.js:776
[ 3613721ms] [LOG] [Fast Refresh] done in 99ms @ http://localhost:5173/_next/static/chunks/node_modules_next_dist_1e8vcs8._.js:776
[ 3613785ms] [LOG] [Fast Refresh] done in 99ms @ http://localhost:5173/_next/static/chunks/node_modules_next_dist_1e8vcs8._.js:776
[ 3613833ms] [LOG] [Fast Refresh] done in 99ms @ http://localhost:5173/_next/static/chunks/node_modules_next_dist_1e8vcs8._.js:776
[ 3613894ms] [LOG] [Fast Refresh] done in 99ms @ http://localhost:5173/_next/static/chunks/node_modules_next_dist_1e8vcs8._.js:776
[ 3613956ms] [LOG] [Fast Refresh] done in 99ms @ http://localhost:5173/_next/static/chunks/node_modules_next_dist_1e8vcs8._.js:776
[ 3614017ms] [LOG] [Fast Refresh] done in 99ms @ http://localhost:5173/_next/static/chunks/node_modules_next_dist_1e8vcs8._.js:776
[ 3614080ms] [LOG] [Fast Refresh] done in 99ms @ http://localhost:5173/_next/static/chunks/node_modules_next_dist_1e8vcs8._.js:776
[ 3614143ms] [LOG] [Fast Refresh] done in 99ms @ http://localhost:5173/_next/static/chunks/node_modules_next_dist_1e8vcs8._.js:776
[ 3614206ms] [LOG] [Fast Refresh] done in 99ms @ http://localhost:5173/_next/static/chunks/node_modules_next_dist_1e8vcs8._.js:776
[ 3614252ms] [LOG] [Fast Refresh] done in 99ms @ http://localhost:5173/_next/static/chunks/node_modules_next_dist_1e8vcs8._.js:776
[ 3614315ms] [LOG] [Fast Refresh] done in 99ms @ http://localhost:5173/_next/static/chunks/node_modules_next_dist_1e8vcs8._.js:776
[ 3614378ms] [LOG] [Fast Refresh] done in 99ms @ http://localhost:5173/_next/static/chunks/node_modules_next_dist_1e8vcs8._.js:776
[ 3614426ms] [LOG] [Fast Refresh] done in 99ms @ http://localhost:5173/_next/static/chunks/node_modules_next_dist_1e8vcs8._.js:776
[ 3614488ms] [LOG] [Fast Refresh] done in 99ms @ http://localhost:5173/_next/static/chunks/node_modules_next_dist_1e8vcs8._.js:776
[ 3614535ms] [LOG] [Fast Refresh] done in 99ms @ http://localhost:5173/_next/static/chunks/node_modules_next_dist_1e8vcs8._.js:776
[ 3614598ms] [LOG] [Fast Refresh] done in 99ms @ http://localhost:5173/_next/static/chunks/node_modules_next_dist_1e8vcs8._.js:776
[ 3614659ms] [LOG] [Fast Refresh] done in 99ms @ http://localhost:5173/_next/static/chunks/node_modules_next_dist_1e8vcs8._.js:776
[ 3614712ms] [LOG] [Fast Refresh] done in 99ms @ http://localhost:5173/_next/static/chunks/node_modules_next_dist_1e8vcs8._.js:776
[ 3614768ms] [LOG] [Fast Refresh] done in 99ms @ http://localhost:5173/_next/static/chunks/node_modules_next_dist_1e8vcs8._.js:776
[ 3614815ms] [LOG] [Fast Refresh] done in 99ms @ http://localhost:5173/_next/static/chunks/node_modules_next_dist_1e8vcs8._.js:776
[ 3614875ms] [LOG] [Fast Refresh] done in 99ms @ http://localhost:5173/_next/static/chunks/node_modules_next_dist_1e8vcs8._.js:776
[ 3614934ms] [LOG] [Fast Refresh] done in 99ms @ http://localhost:5173/_next/static/chunks/node_modules_next_dist_1e8vcs8._.js:776
[ 3614986ms] [LOG] [Fast Refresh] done in 99ms @ http://localhost:5173/_next/static/chunks/node_modules_next_dist_1e8vcs8._.js:776
[ 3615037ms] [LOG] [Fast Refresh] done in 99ms @ http://localhost:5173/_next/static/chunks/node_modules_next_dist_1e8vcs8._.js:776
[ 3615092ms] [LOG] [Fast Refresh] done in 99ms @ http://localhost:5173/_next/static/chunks/node_modules_next_dist_1e8vcs8._.js:776
[ 3615146ms] [LOG] [Fast Refresh] done in 99ms @ http://localhost:5173/_next/static/chunks/node_modules_next_dist_1e8vcs8._.js:776
[ 3615195ms] [LOG] [Fast Refresh] done in 99ms @ http://localhost:5173/_next/static/chunks/node_modules_next_dist_1e8vcs8._.js:776
[ 3615259ms] [LOG] [Fast Refresh] done in 99ms @ http://localhost:5173/_next/static/chunks/node_modules_next_dist_1e8vcs8._.js:776
[ 3615302ms] [LOG] [Fast Refresh] done in 99ms @ http://localhost:5173/_next/static/chunks/node_modules_next_dist_1e8vcs8._.js:776
[ 3615356ms] [LOG] [Fast Refresh] done in 99ms @ http://localhost:5173/_next/static/chunks/node_modules_next_dist_1e8vcs8._.js:776
[ 3615411ms] [LOG] [Fast Refresh] done in 99ms @ http://localhost:5173/_next/static/chunks/node_modules_next_dist_1e8vcs8._.js:776
[ 3615472ms] [LOG] [Fast Refresh] done in 99ms @ http://localhost:5173/_next/static/chunks/node_modules_next_dist_1e8vcs8._.js:776
[ 3615521ms] [LOG] [Fast Refresh] done in 99ms @ http://localhost:5173/_next/static/chunks/node_modules_next_dist_1e8vcs8._.js:776
[ 3615584ms] [LOG] [Fast Refresh] done in 99ms @ http://localhost:5173/_next/static/chunks/node_modules_next_dist_1e8vcs8._.js:776
[ 3615631ms] [LOG] [Fast Refresh] done in 99ms @ http://localhost:5173/_next/static/chunks/node_modules_next_dist_1e8vcs8._.js:776
[ 3615679ms] [LOG] [Fast Refresh] done in 99ms @ http://localhost:5173/_next/static/chunks/node_modules_next_dist_1e8vcs8._.js:776
[ 3615737ms] [LOG] [Fast Refresh] done in 99ms @ http://localhost:5173/_next/static/chunks/node_modules_next_dist_1e8vcs8._.js:776
[ 3615792ms] [LOG] [Fast Refresh] done in 99ms @ http://localhost:5173/_next/static/chunks/node_modules_next_dist_1e8vcs8._.js:776
[ 3615854ms] [LOG] [Fast Refresh] done in 99ms @ http://localhost:5173/_next/static/chunks/node_modules_next_dist_1e8vcs8._.js:776
[ 3615910ms] [LOG] [Fast Refresh] done in 99ms @ http://localhost:5173/_next/static/chunks/node_modules_next_dist_1e8vcs8._.js:776
[ 3615971ms] [LOG] [Fast Refresh] done in 99ms @ http://localhost:5173/_next/static/chunks/node_modules_next_dist_1e8vcs8._.js:776
[ 3616020ms] [LOG] [Fast Refresh] done in 99ms @ http://localhost:5173/_next/static/chunks/node_modules_next_dist_1e8vcs8._.js:776
[ 3616076ms] [LOG] [Fast Refresh] done in 99ms @ http://localhost:5173/_next/static/chunks/node_modules_next_dist_1e8vcs8._.js:776
[ 3616138ms] [LOG] [Fast Refresh] done in 99ms @ http://localhost:5173/_next/static/chunks/node_modules_next_dist_1e8vcs8._.js:776
[ 3616187ms] [LOG] [Fast Refresh] done in 99ms @ http://localhost:5173/_next/static/chunks/node_modules_next_dist_1e8vcs8._.js:776
[ 3616252ms] [LOG] [Fast Refresh] done in 99ms @ http://localhost:5173/_next/static/chunks/node_modules_next_dist_1e8vcs8._.js:776
[ 3616313ms] [LOG] [Fast Refresh] done in 99ms @ http://localhost:5173/_next/static/chunks/node_modules_next_dist_1e8vcs8._.js:776
[ 3616378ms] [LOG] [Fast Refresh] done in 99ms @ http://localhost:5173/_next/static/chunks/node_modules_next_dist_1e8vcs8._.js:776
[ 3616420ms] [LOG] [Fast Refresh] done in 99ms @ http://localhost:5173/_next/static/chunks/node_modules_next_dist_1e8vcs8._.js:776
[ 3616471ms] [LOG] [Fast Refresh] done in 99ms @ http://localhost:5173/_next/static/chunks/node_modules_next_dist_1e8vcs8._.js:776
[ 3616532ms] [LOG] [Fast Refresh] done in 99ms @ http://localhost:5173/_next/static/chunks/node_modules_next_dist_1e8vcs8._.js:776
[ 3616591ms] [LOG] [Fast Refresh] done in 99ms @ http://localhost:5173/_next/static/chunks/node_modules_next_dist_1e8vcs8._.js:776
[ 3616653ms] [LOG] [Fast Refresh] done in 99ms @ http://localhost:5173/_next/static/chunks/node_modules_next_dist_1e8vcs8._.js:776
[ 3616718ms] [LOG] [Fast Refresh] done in 99ms @ http://localhost:5173/_next/static/chunks/node_modules_next_dist_1e8vcs8._.js:776
[ 3616778ms] [LOG] [Fast Refresh] done in 99ms @ http://localhost:5173/_next/static/chunks/node_modules_next_dist_1e8vcs8._.js:776
[ 3616824ms] [LOG] [Fast Refresh] done in 99ms @ http://localhost:5173/_next/static/chunks/node_modules_next_dist_1e8vcs8._.js:776
[ 3616886ms] [LOG] [Fast Refresh] done in 99ms @ http://localhost:5173/_next/static/chunks/node_modules_next_dist_1e8vcs8._.js:776
[ 3616949ms] [LOG] [Fast Refresh] done in 99ms @ http://localhost:5173/_next/static/chunks/node_modules_next_dist_1e8vcs8._.js:776
[ 3617001ms] [LOG] [Fast Refresh] done in 99ms @ http://localhost:5173/_next/static/chunks/node_modules_next_dist_1e8vcs8._.js:776
[ 3617052ms] [LOG] [Fast Refresh] done in 99ms @ http://localhost:5173/_next/static/chunks/node_modules_next_dist_1e8vcs8._.js:776
[ 3617102ms] [LOG] [Fast Refresh] done in 99ms @ http://localhost:5173/_next/static/chunks/node_modules_next_dist_1e8vcs8._.js:776
[ 3617164ms] [LOG] [Fast Refresh] done in 99ms @ http://localhost:5173/_next/static/chunks/node_modules_next_dist_1e8vcs8._.js:776
[ 3617218ms] [LOG] [Fast Refresh] done in 99ms @ http://localhost:5173/_next/static/chunks/node_modules_next_dist_1e8vcs8._.js:776
[ 3617271ms] [LOG] [Fast Refresh] done in 99ms @ http://localhost:5173/_next/static/chunks/node_modules_next_dist_1e8vcs8._.js:776
[ 3617317ms] [LOG] [Fast Refresh] done in 99ms @ http://localhost:5173/_next/static/chunks/node_modules_next_dist_1e8vcs8._.js:776
[ 3617364ms] [LOG] [Fast Refresh] done in 99ms @ http://localhost:5173/_next/static/chunks/node_modules_next_dist_1e8vcs8._.js:776
[ 3617409ms] [LOG] [Fast Refresh] done in 99ms @ http://localhost:5173/_next/static/chunks/node_modules_next_dist_1e8vcs8._.js:776
[ 3617470ms] [LOG] [Fast Refresh] done in 99ms @ http://localhost:5173/_next/static/chunks/node_modules_next_dist_1e8vcs8._.js:776
[ 3617519ms] [LOG] [Fast Refresh] done in 99ms @ http://localhost:5173/_next/static/chunks/node_modules_next_dist_1e8vcs8._.js:776
[ 3617572ms] [LOG] [Fast Refresh] done in 99ms @ http://localhost:5173/_next/static/chunks/node_modules_next_dist_1e8vcs8._.js:776
[ 3617624ms] [LOG] [Fast Refresh] done in 99ms @ http://localhost:5173/_next/static/chunks/node_modules_next_dist_1e8vcs8._.js:776
[ 3617675ms] [LOG] [Fast Refresh] done in 99ms @ http://localhost:5173/_next/static/chunks/node_modules_next_dist_1e8vcs8._.js:776
[ 3617723ms] [LOG] [Fast Refresh] done in 99ms @ http://localhost:5173/_next/static/chunks/node_modules_next_dist_1e8vcs8._.js:776
[ 3617774ms] [LOG] [Fast Refresh] done in 99ms @ http://localhost:5173/_next/static/chunks/node_modules_next_dist_1e8vcs8._.js:776
[ 3617817ms] [LOG] [Fast Refresh] done in 99ms @ http://localhost:5173/_next/static/chunks/node_modules_next_dist_1e8vcs8._.js:776
[ 3617855ms] [LOG] [Fast Refresh] done in 99ms @ http://localhost:5173/_next/static/chunks/node_modules_next_dist_1e8vcs8._.js:776
[ 3617910ms] [LOG] [Fast Refresh] done in 99ms @ http://localhost:5173/_next/static/chunks/node_modules_next_dist_1e8vcs8._.js:776
[ 3617979ms] [LOG] [Fast Refresh] done in 99ms @ http://localhost:5173/_next/static/chunks/node_modules_next_dist_1e8vcs8._.js:776
[ 3618028ms] [LOG] [Fast Refresh] done in 99ms @ http://localhost:5173/_next/static/chunks/node_modules_next_dist_1e8vcs8._.js:776
[ 3618075ms] [LOG] [Fast Refresh] done in 99ms @ http://localhost:5173/_next/static/chunks/node_modules_next_dist_1e8vcs8._.js:776
[ 3618125ms] [LOG] [Fast Refresh] done in 99ms @ http://localhost:5173/_next/static/chunks/node_modules_next_dist_1e8vcs8._.js:776
[ 3618178ms] [LOG] [Fast Refresh] done in 99ms @ http://localhost:5173/_next/static/chunks/node_modules_next_dist_1e8vcs8._.js:776
[ 3618236ms] [LOG] [Fast Refresh] done in 99ms @ http://localhost:5173/_next/static/chunks/node_modules_next_dist_1e8vcs8._.js:776
[ 3618290ms] [LOG] [Fast Refresh] done in 99ms @ http://localhost:5173/_next/static/chunks/node_modules_next_dist_1e8vcs8._.js:776
[ 3618332ms] [LOG] [Fast Refresh] done in 99ms @ http://localhost:5173/_next/static/chunks/node_modules_next_dist_1e8vcs8._.js:776
[ 3618393ms] [LOG] [Fast Refresh] done in 99ms @ http://localhost:5173/_next/static/chunks/node_modules_next_dist_1e8vcs8._.js:776
[ 3618455ms] [LOG] [Fast Refresh] done in 99ms @ http://localhost:5173/_next/static/chunks/node_modules_next_dist_1e8vcs8._.js:776
[ 3618506ms] [LOG] [Fast Refresh] done in 99ms @ http://localhost:5173/_next/static/chunks/node_modules_next_dist_1e8vcs8._.js:776
[ 3618557ms] [LOG] [Fast Refresh] done in 99ms @ http://localhost:5173/_next/static/chunks/node_modules_next_dist_1e8vcs8._.js:776
[ 3618618ms] [LOG] [Fast Refresh] done in 99ms @ http://localhost:5173/_next/static/chunks/node_modules_next_dist_1e8vcs8._.js:776
[ 3618677ms] [LOG] [Fast Refresh] done in 99ms @ http://localhost:5173/_next/static/chunks/node_modules_next_dist_1e8vcs8._.js:776
[ 3618740ms] [LOG] [Fast Refresh] done in 99ms @ http://localhost:5173/_next/static/chunks/node_modules_next_dist_1e8vcs8._.js:776
[ 3618797ms] [LOG] [Fast Refresh] done in 99ms @ http://localhost:5173/_next/static/chunks/node_modules_next_dist_1e8vcs8._.js:776
[ 3618845ms] [LOG] [Fast Refresh] done in 99ms @ http://localhost:5173/_next/static/chunks/node_modules_next_dist_1e8vcs8._.js:776
[ 3618901ms] [LOG] [Fast Refresh] done in 99ms @ http://localhost:5173/_next/static/chunks/node_modules_next_dist_1e8vcs8._.js:776
[ 3618965ms] [LOG] [Fast Refresh] done in 99ms @ http://localhost:5173/_next/static/chunks/node_modules_next_dist_1e8vcs8._.js:776
[ 3619008ms] [LOG] [Fast Refresh] done in 99ms @ http://localhost:5173/_next/static/chunks/node_modules_next_dist_1e8vcs8._.js:776
[ 3619069ms] [LOG] [Fast Refresh] done in 99ms @ http://localhost:5173/_next/static/chunks/node_modules_next_dist_1e8vcs8._.js:776
[ 3619131ms] [LOG] [Fast Refresh] done in 99ms @ http://localhost:5173/_next/static/chunks/node_modules_next_dist_1e8vcs8._.js:776
[ 3619194ms] [LOG] [Fast Refresh] done in 99ms @ http://localhost:5173/_next/static/chunks/node_modules_next_dist_1e8vcs8._.js:776
[ 3619256ms] [LOG] [Fast Refresh] done in 99ms @ http://localhost:5173/_next/static/chunks/node_modules_next_dist_1e8vcs8._.js:776
[ 3619314ms] [LOG] [Fast Refresh] done in 99ms @ http://localhost:5173/_next/static/chunks/node_modules_next_dist_1e8vcs8._.js:776
[ 3619363ms] [LOG] [Fast Refresh] done in 99ms @ http://localhost:5173/_next/static/chunks/node_modules_next_dist_1e8vcs8._.js:776
[ 3619426ms] [LOG] [Fast Refresh] done in 99ms @ http://localhost:5173/_next/static/chunks/node_modules_next_dist_1e8vcs8._.js:776
[ 3619477ms] [LOG] [Fast Refresh] done in 99ms @ http://localhost:5173/_next/static/chunks/node_modules_next_dist_1e8vcs8._.js:776
[ 3619525ms] [LOG] [Fast Refresh] done in 99ms @ http://localhost:5173/_next/static/chunks/node_modules_next_dist_1e8vcs8._.js:776
[ 3619572ms] [LOG] [Fast Refresh] done in 99ms @ http://localhost:5173/_next/static/chunks/node_modules_next_dist_1e8vcs8._.js:776
[ 3619613ms] [LOG] [Fast Refresh] done in 99ms @ http://localhost:5173/_next/static/chunks/node_modules_next_dist_1e8vcs8._.js:776
[ 3619676ms] [LOG] [Fast Refresh] done in 99ms @ http://localhost:5173/_next/static/chunks/node_modules_next_dist_1e8vcs8._.js:776
[ 3619724ms] [LOG] [Fast Refresh] done in 99ms @ http://localhost:5173/_next/static/chunks/node_modules_next_dist_1e8vcs8._.js:776
[ 3619778ms] [LOG] [Fast Refresh] done in 99ms @ http://localhost:5173/_next/static/chunks/node_modules_next_dist_1e8vcs8._.js:776
[ 3619840ms] [LOG] [Fast Refresh] done in 99ms @ http://localhost:5173/_next/static/chunks/node_modules_next_dist_1e8vcs8._.js:776
[ 3619904ms] [LOG] [Fast Refresh] done in 99ms @ http://localhost:5173/_next/static/chunks/node_modules_next_dist_1e8vcs8._.js:776
[ 3619966ms] [LOG] [Fast Refresh] done in 99ms @ http://localhost:5173/_next/static/chunks/node_modules_next_dist_1e8vcs8._.js:776
[ 4124586ms] [LOG] [Fast Refresh] rebuilding @ http://localhost:5173/_next/static/chunks/node_modules_next_dist_1e8vcs8._.js:776
[ 4126299ms] [LOG] [Fast Refresh] done in 1802ms @ http://localhost:5173/_next/static/chunks/node_modules_next_dist_1e8vcs8._.js:776
[ 4203954ms] [ERROR] WebSocket connection to 'ws://localhost:5173/_next/hmr?id=fI4XfGYUhBQJnKCoedFX9' failed: Error in connection establishment: net::ERR_CONNECTION_REFUSED @ http://localhost:5173/_next/static/chunks/node_modules_next_dist_client_0_90u2t._.js:16348
[ 4204964ms] [ERROR] WebSocket connection to 'ws://localhost:5173/_next/hmr?id=fI4XfGYUhBQJnKCoedFX9' failed: Error in connection establishment: net::ERR_CONNECTION_REFUSED @ http://localhost:5173/_next/static/chunks/node_modules_next_dist_client_0_90u2t._.js:16348
[ 4205978ms] [ERROR] WebSocket connection to 'ws://localhost:5173/_next/hmr?id=fI4XfGYUhBQJnKCoedFX9' failed: Error in connection establishment: net::ERR_CONNECTION_REFUSED @ http://localhost:5173/_next/static/chunks/node_modules_next_dist_client_0_90u2t._.js:16348
[ 4206989ms] [ERROR] WebSocket connection to 'ws://localhost:5173/_next/hmr?id=fI4XfGYUhBQJnKCoedFX9' failed: Error in connection establishment: net::ERR_CONNECTION_REFUSED @ http://localhost:5173/_next/static/chunks/node_modules_next_dist_client_0_90u2t._.js:16348
[ 4208005ms] [ERROR] WebSocket connection to 'ws://localhost:5173/_next/hmr?id=fI4XfGYUhBQJnKCoedFX9' failed: Error in connection establishment: net::ERR_CONNECTION_REFUSED @ http://localhost:5173/_next/static/chunks/node_modules_next_dist_client_0_90u2t._.js:16348
[ 4214574ms] [LOG] [HMR] connected @ http://localhost:5173/_next/static/chunks/node_modules_next_dist_1e8vcs8._.js:776
[ 4215966ms] [VERBOSE] [DOM] Password field is not contained in a form: (More info: https://goo.gl/9p2vKq) %o @ http://localhost:5173/:0
[ 4216250ms] [INFO] %cDownload the React DevTools for a better development experience: https://react.dev/link/react-devtools font-weight:bold @ http://localhost:5173/_next/static/chunks/node_modules_next_dist_1e8vcs8._.js:776
[ 4216352ms] [LOG] [HMR] connected @ http://localhost:5173/_next/static/chunks/node_modules_next_dist_1e8vcs8._.js:776
[ 4265692ms] [ERROR] WebSocket connection to 'ws://localhost:5173/_next/hmr?id=p3fTmAMrtYMKbPR0WmIMG' failed: Error in connection establishment: net::ERR_CONNECTION_REFUSED @ http://localhost:5173/_next/static/chunks/node_modules_next_dist_client_0_90u2t._.js:16348
[ 4266713ms] [ERROR] WebSocket connection to 'ws://localhost:5173/_next/hmr?id=p3fTmAMrtYMKbPR0WmIMG' failed: Error in connection establishment: net::ERR_CONNECTION_REFUSED @ http://localhost:5173/_next/static/chunks/node_modules_next_dist_client_0_90u2t._.js:16348
[ 4267725ms] [ERROR] WebSocket connection to 'ws://localhost:5173/_next/hmr?id=p3fTmAMrtYMKbPR0WmIMG' failed: Error in connection establishment: net::ERR_CONNECTION_REFUSED @ http://localhost:5173/_next/static/chunks/node_modules_next_dist_client_0_90u2t._.js:16348
[ 4268745ms] [ERROR] WebSocket connection to 'ws://localhost:5173/_next/hmr?id=p3fTmAMrtYMKbPR0WmIMG' failed: Error in connection establishment: net::ERR_CONNECTION_REFUSED @ http://localhost:5173/_next/static/chunks/node_modules_next_dist_client_0_90u2t._.js:16348
[ 4269758ms] [ERROR] WebSocket connection to 'ws://localhost:5173/_next/hmr?id=p3fTmAMrtYMKbPR0WmIMG' failed: Error in connection establishment: net::ERR_CONNECTION_REFUSED @ http://localhost:5173/_next/static/chunks/node_modules_next_dist_client_0_90u2t._.js:16348
[ 4274769ms] [ERROR] WebSocket connection to 'ws://localhost:5173/_next/hmr?id=p3fTmAMrtYMKbPR0WmIMG' failed: Error in connection establishment: net::ERR_CONNECTION_REFUSED @ http://localhost:5173/_next/static/chunks/node_modules_next_dist_client_0_90u2t._.js:16348
[ 4279778ms] [ERROR] WebSocket connection to 'ws://localhost:5173/_next/hmr?id=p3fTmAMrtYMKbPR0WmIMG' failed: Error in connection establishment: net::ERR_CONNECTION_REFUSED @ http://localhost:5173/_next/static/chunks/node_modules_next_dist_client_0_90u2t._.js:16348
[ 4284790ms] [ERROR] WebSocket connection to 'ws://localhost:5173/_next/hmr?id=p3fTmAMrtYMKbPR0WmIMG' failed: Error in connection establishment: net::ERR_CONNECTION_REFUSED @ http://localhost:5173/_next/static/chunks/node_modules_next_dist_client_0_90u2t._.js:16348
[ 4289815ms] [ERROR] WebSocket connection to 'ws://localhost:5173/_next/hmr?id=p3fTmAMrtYMKbPR0WmIMG' failed: Error in connection establishment: net::ERR_CONNECTION_REFUSED @ http://localhost:5173/_next/static/chunks/node_modules_next_dist_client_0_90u2t._.js:16348
[ 4294827ms] [ERROR] WebSocket connection to 'ws://localhost:5173/_next/hmr?id=p3fTmAMrtYMKbPR0WmIMG' failed: Error in connection establishment: net::ERR_CONNECTION_REFUSED @ http://localhost:5173/_next/static/chunks/node_modules_next_dist_client_0_90u2t._.js:16348
[ 4299837ms] [ERROR] WebSocket connection to 'ws://localhost:5173/_next/hmr?id=p3fTmAMrtYMKbPR0WmIMG' failed: Error in connection establishment: net::ERR_CONNECTION_REFUSED @ http://localhost:5173/_next/static/chunks/node_modules_next_dist_client_0_90u2t._.js:16348
[ 4304863ms] [ERROR] WebSocket connection to 'ws://localhost:5173/_next/hmr?id=p3fTmAMrtYMKbPR0WmIMG' failed: Error in connection establishment: net::ERR_CONNECTION_REFUSED @ http://localhost:5173/_next/static/chunks/node_modules_next_dist_client_0_90u2t._.js:16348
[ 4349291ms] [VERBOSE] [DOM] Password field is not contained in a form: (More info: https://goo.gl/9p2vKq) %o @ http://localhost:5173/:0
[ 4351760ms] [INFO] %cDownload the React DevTools for a better development experience: https://react.dev/link/react-devtools font-weight:bold @ webpack-internal:///(app-pages-browser)/./node_modules/next/dist/next-devtools/shared/forward-logs-shared.js:44
[ 4351927ms] [LOG] [HMR] connected @ webpack-internal:///(app-pages-browser)/./node_modules/next/dist/next-devtools/shared/forward-logs-shared.js:44
[ 4353281ms] [LOG] [Fast Refresh] rebuilding @ webpack-internal:///(app-pages-browser)/./node_modules/next/dist/next-devtools/shared/forward-logs-shared.js:44
[ 4353443ms] [LOG] [Fast Refresh] done in 162ms @ webpack-internal:///(app-pages-browser)/./node_modules/next/dist/next-devtools/shared/forward-logs-shared.js:44
[ 4355942ms] [LOG] [Fast Refresh] done in 2661ms @ webpack-internal:///(app-pages-browser)/./node_modules/next/dist/next-devtools/shared/forward-logs-shared.js:44
[ 4355955ms] [LOG] [Fast Refresh] rebuilding @ webpack-internal:///(app-pages-browser)/./node_modules/next/dist/next-devtools/shared/forward-logs-shared.js:44
[ 4356681ms] [LOG] [Fast Refresh] rebuilding @ webpack-internal:///(app-pages-browser)/./node_modules/next/dist/next-devtools/shared/forward-logs-shared.js:44
[ 4356947ms] [LOG] [Fast Refresh] done in 265ms @ webpack-internal:///(app-pages-browser)/./node_modules/next/dist/next-devtools/shared/forward-logs-shared.js:44
[ 4357619ms] [LOG] [Fast Refresh] rebuilding @ webpack-internal:///(app-pages-browser)/./node_modules/next/dist/next-devtools/shared/forward-logs-shared.js:44
[ 4357898ms] [LOG] [Fast Refresh] done in 279ms @ webpack-internal:///(app-pages-browser)/./node_modules/next/dist/next-devtools/shared/forward-logs-shared.js:44
[ 4358557ms] [LOG] [Fast Refresh] rebuilding @ webpack-internal:///(app-pages-browser)/./node_modules/next/dist/next-devtools/shared/forward-logs-shared.js:44
[ 4358827ms] [LOG] [Fast Refresh] done in 270ms @ webpack-internal:///(app-pages-browser)/./node_modules/next/dist/next-devtools/shared/forward-logs-shared.js:44
[ 4359538ms] [LOG] [Fast Refresh] rebuilding @ webpack-internal:///(app-pages-browser)/./node_modules/next/dist/next-devtools/shared/forward-logs-shared.js:44
[ 4359829ms] [LOG] [Fast Refresh] done in 291ms @ webpack-internal:///(app-pages-browser)/./node_modules/next/dist/next-devtools/shared/forward-logs-shared.js:44
[ 4360506ms] [LOG] [Fast Refresh] rebuilding @ webpack-internal:///(app-pages-browser)/./node_modules/next/dist/next-devtools/shared/forward-logs-shared.js:44
[ 4360796ms] [LOG] [Fast Refresh] done in 289ms @ webpack-internal:///(app-pages-browser)/./node_modules/next/dist/next-devtools/shared/forward-logs-shared.js:44
[ 4361423ms] [LOG] [Fast Refresh] rebuilding @ webpack-internal:///(app-pages-browser)/./node_modules/next/dist/next-devtools/shared/forward-logs-shared.js:44
[ 4361688ms] [LOG] [Fast Refresh] done in 266ms @ webpack-internal:///(app-pages-browser)/./node_modules/next/dist/next-devtools/shared/forward-logs-shared.js:44
[ 4362401ms] [LOG] [Fast Refresh] rebuilding @ webpack-internal:///(app-pages-browser)/./node_modules/next/dist/next-devtools/shared/forward-logs-shared.js:44
[ 4362670ms] [LOG] [Fast Refresh] done in 269ms @ webpack-internal:///(app-pages-browser)/./node_modules/next/dist/next-devtools/shared/forward-logs-shared.js:44
[ 4363326ms] [LOG] [Fast Refresh] rebuilding @ webpack-internal:///(app-pages-browser)/./node_modules/next/dist/next-devtools/shared/forward-logs-shared.js:44
[ 4363588ms] [LOG] [Fast Refresh] done in 263ms @ webpack-internal:///(app-pages-browser)/./node_modules/next/dist/next-devtools/shared/forward-logs-shared.js:44
[ 4364248ms] [LOG] [Fast Refresh] rebuilding @ webpack-internal:///(app-pages-browser)/./node_modules/next/dist/next-devtools/shared/forward-logs-shared.js:44
[ 4364526ms] [LOG] [Fast Refresh] done in 278ms @ webpack-internal:///(app-pages-browser)/./node_modules/next/dist/next-devtools/shared/forward-logs-shared.js:44
[ 4365195ms] [LOG] [Fast Refresh] rebuilding @ webpack-internal:///(app-pages-browser)/./node_modules/next/dist/next-devtools/shared/forward-logs-shared.js:44
[ 4365443ms] [LOG] [Fast Refresh] done in 247ms @ webpack-internal:///(app-pages-browser)/./node_modules/next/dist/next-devtools/shared/forward-logs-shared.js:44
[ 4366097ms] [LOG] [Fast Refresh] rebuilding @ webpack-internal:///(app-pages-browser)/./node_modules/next/dist/next-devtools/shared/forward-logs-shared.js:44
[ 4366354ms] [LOG] [Fast Refresh] done in 257ms @ webpack-internal:///(app-pages-browser)/./node_modules/next/dist/next-devtools/shared/forward-logs-shared.js:44
[ 4366980ms] [LOG] [Fast Refresh] rebuilding @ webpack-internal:///(app-pages-browser)/./node_modules/next/dist/next-devtools/shared/forward-logs-shared.js:44
[ 4367265ms] [LOG] [Fast Refresh] done in 285ms @ webpack-internal:///(app-pages-browser)/./node_modules/next/dist/next-devtools/shared/forward-logs-shared.js:44
[ 4367989ms] [LOG] [Fast Refresh] rebuilding @ webpack-internal:///(app-pages-browser)/./node_modules/next/dist/next-devtools/shared/forward-logs-shared.js:44
[ 4368246ms] [LOG] [Fast Refresh] done in 256ms @ webpack-internal:///(app-pages-browser)/./node_modules/next/dist/next-devtools/shared/forward-logs-shared.js:44
[ 4368905ms] [LOG] [Fast Refresh] rebuilding @ webpack-internal:///(app-pages-browser)/./node_modules/next/dist/next-devtools/shared/forward-logs-shared.js:44
[ 4369186ms] [LOG] [Fast Refresh] done in 281ms @ webpack-internal:///(app-pages-browser)/./node_modules/next/dist/next-devtools/shared/forward-logs-shared.js:44
[ 4369839ms] [LOG] [Fast Refresh] rebuilding @ webpack-internal:///(app-pages-browser)/./node_modules/next/dist/next-devtools/shared/forward-logs-shared.js:44
[ 4370107ms] [LOG] [Fast Refresh] done in 269ms @ webpack-internal:///(app-pages-browser)/./node_modules/next/dist/next-devtools/shared/forward-logs-shared.js:44
[ 4370731ms] [LOG] [Fast Refresh] rebuilding @ webpack-internal:///(app-pages-browser)/./node_modules/next/dist/next-devtools/shared/forward-logs-shared.js:44
[ 4370979ms] [LOG] [Fast Refresh] done in 249ms @ webpack-internal:///(app-pages-browser)/./node_modules/next/dist/next-devtools/shared/forward-logs-shared.js:44
[ 4371633ms] [LOG] [Fast Refresh] rebuilding @ webpack-internal:///(app-pages-browser)/./node_modules/next/dist/next-devtools/shared/forward-logs-shared.js:44
[ 4371904ms] [LOG] [Fast Refresh] done in 271ms @ webpack-internal:///(app-pages-browser)/./node_modules/next/dist/next-devtools/shared/forward-logs-shared.js:44
[ 4372575ms] [LOG] [Fast Refresh] rebuilding @ webpack-internal:///(app-pages-browser)/./node_modules/next/dist/next-devtools/shared/forward-logs-shared.js:44
[ 4372856ms] [LOG] [Fast Refresh] done in 281ms @ webpack-internal:///(app-pages-browser)/./node_modules/next/dist/next-devtools/shared/forward-logs-shared.js:44
[ 4373509ms] [LOG] [Fast Refresh] rebuilding @ webpack-internal:///(app-pages-browser)/./node_modules/next/dist/next-devtools/shared/forward-logs-shared.js:44
[ 4373774ms] [LOG] [Fast Refresh] done in 265ms @ webpack-internal:///(app-pages-browser)/./node_modules/next/dist/next-devtools/shared/forward-logs-shared.js:44
[ 4374622ms] [LOG] [Fast Refresh] rebuilding @ webpack-internal:///(app-pages-browser)/./node_modules/next/dist/next-devtools/shared/forward-logs-shared.js:44
[ 4374895ms] [LOG] [Fast Refresh] done in 274ms @ webpack-internal:///(app-pages-browser)/./node_modules/next/dist/next-devtools/shared/forward-logs-shared.js:44
[ 4375594ms] [LOG] [Fast Refresh] rebuilding @ webpack-internal:///(app-pages-browser)/./node_modules/next/dist/next-devtools/shared/forward-logs-shared.js:44
[ 4375876ms] [LOG] [Fast Refresh] done in 283ms @ webpack-internal:///(app-pages-browser)/./node_modules/next/dist/next-devtools/shared/forward-logs-shared.js:44
[ 4376524ms] [LOG] [Fast Refresh] rebuilding @ webpack-internal:///(app-pages-browser)/./node_modules/next/dist/next-devtools/shared/forward-logs-shared.js:44
[ 4376759ms] [LOG] [Fast Refresh] done in 235ms @ webpack-internal:///(app-pages-browser)/./node_modules/next/dist/next-devtools/shared/forward-logs-shared.js:44
[ 4377432ms] [LOG] [Fast Refresh] rebuilding @ webpack-internal:///(app-pages-browser)/./node_modules/next/dist/next-devtools/shared/forward-logs-shared.js:44
[ 4377701ms] [LOG] [Fast Refresh] done in 269ms @ webpack-internal:///(app-pages-browser)/./node_modules/next/dist/next-devtools/shared/forward-logs-shared.js:44
[ 4378337ms] [LOG] [Fast Refresh] rebuilding @ webpack-internal:///(app-pages-browser)/./node_modules/next/dist/next-devtools/shared/forward-logs-shared.js:44
[ 4378619ms] [LOG] [Fast Refresh] done in 281ms @ webpack-internal:///(app-pages-browser)/./node_modules/next/dist/next-devtools/shared/forward-logs-shared.js:44
[ 4379271ms] [LOG] [Fast Refresh] rebuilding @ webpack-internal:///(app-pages-browser)/./node_modules/next/dist/next-devtools/shared/forward-logs-shared.js:44
[ 4379556ms] [LOG] [Fast Refresh] done in 284ms @ webpack-internal:///(app-pages-browser)/./node_modules/next/dist/next-devtools/shared/forward-logs-shared.js:44
[ 4380212ms] [LOG] [Fast Refresh] rebuilding @ webpack-internal:///(app-pages-browser)/./node_modules/next/dist/next-devtools/shared/forward-logs-shared.js:44
[ 4380464ms] [LOG] [Fast Refresh] done in 253ms @ webpack-internal:///(app-pages-browser)/./node_modules/next/dist/next-devtools/shared/forward-logs-shared.js:44
[ 4381089ms] [LOG] [Fast Refresh] rebuilding @ webpack-internal:///(app-pages-browser)/./node_modules/next/dist/next-devtools/shared/forward-logs-shared.js:44
[ 4381341ms] [LOG] [Fast Refresh] done in 251ms @ webpack-internal:///(app-pages-browser)/./node_modules/next/dist/next-devtools/shared/forward-logs-shared.js:44
[ 4381987ms] [LOG] [Fast Refresh] rebuilding @ webpack-internal:///(app-pages-browser)/./node_modules/next/dist/next-devtools/shared/forward-logs-shared.js:44
[ 4382238ms] [LOG] [Fast Refresh] done in 251ms @ webpack-internal:///(app-pages-browser)/./node_modules/next/dist/next-devtools/shared/forward-logs-shared.js:44
[ 4382889ms] [LOG] [Fast Refresh] rebuilding @ webpack-internal:///(app-pages-browser)/./node_modules/next/dist/next-devtools/shared/forward-logs-shared.js:44
[ 4383135ms] [LOG] [Fast Refresh] done in 246ms @ webpack-internal:///(app-pages-browser)/./node_modules/next/dist/next-devtools/shared/forward-logs-shared.js:44
[ 4383823ms] [LOG] [Fast Refresh] rebuilding @ webpack-internal:///(app-pages-browser)/./node_modules/next/dist/next-devtools/shared/forward-logs-shared.js:44
[ 4384042ms] [LOG] [Fast Refresh] done in 218ms @ webpack-internal:///(app-pages-browser)/./node_modules/next/dist/next-devtools/shared/forward-logs-shared.js:44
[ 4384661ms] [LOG] [Fast Refresh] rebuilding @ webpack-internal:///(app-pages-browser)/./node_modules/next/dist/next-devtools/shared/forward-logs-shared.js:44
[ 4384922ms] [LOG] [Fast Refresh] done in 262ms @ webpack-internal:///(app-pages-browser)/./node_modules/next/dist/next-devtools/shared/forward-logs-shared.js:44
[ 4385506ms] [LOG] [Fast Refresh] rebuilding @ webpack-internal:///(app-pages-browser)/./node_modules/next/dist/next-devtools/shared/forward-logs-shared.js:44
[ 4385779ms] [LOG] [Fast Refresh] done in 272ms @ webpack-internal:///(app-pages-browser)/./node_modules/next/dist/next-devtools/shared/forward-logs-shared.js:44
[ 4386477ms] [LOG] [Fast Refresh] rebuilding @ webpack-internal:///(app-pages-browser)/./node_modules/next/dist/next-devtools/shared/forward-logs-shared.js:44
[ 4386740ms] [LOG] [Fast Refresh] done in 264ms @ webpack-internal:///(app-pages-browser)/./node_modules/next/dist/next-devtools/shared/forward-logs-shared.js:44
[ 4387364ms] [LOG] [Fast Refresh] rebuilding @ webpack-internal:///(app-pages-browser)/./node_modules/next/dist/next-devtools/shared/forward-logs-shared.js:44
[ 4387652ms] [LOG] [Fast Refresh] done in 288ms @ webpack-internal:///(app-pages-browser)/./node_modules/next/dist/next-devtools/shared/forward-logs-shared.js:44
[ 4388390ms] [LOG] [Fast Refresh] rebuilding @ webpack-internal:///(app-pages-browser)/./node_modules/next/dist/next-devtools/shared/forward-logs-shared.js:44
[ 4388704ms] [LOG] [Fast Refresh] done in 315ms @ webpack-internal:///(app-pages-browser)/./node_modules/next/dist/next-devtools/shared/forward-logs-shared.js:44
[ 4389370ms] [LOG] [Fast Refresh] rebuilding @ webpack-internal:///(app-pages-browser)/./node_modules/next/dist/next-devtools/shared/forward-logs-shared.js:44
[ 4389625ms] [LOG] [Fast Refresh] done in 255ms @ webpack-internal:///(app-pages-browser)/./node_modules/next/dist/next-devtools/shared/forward-logs-shared.js:44
[ 4390289ms] [LOG] [Fast Refresh] rebuilding @ webpack-internal:///(app-pages-browser)/./node_modules/next/dist/next-devtools/shared/forward-logs-shared.js:44
[ 4390641ms] [LOG] [Fast Refresh] done in 353ms @ webpack-internal:///(app-pages-browser)/./node_modules/next/dist/next-devtools/shared/forward-logs-shared.js:44
[ 4391386ms] [LOG] [Fast Refresh] rebuilding @ webpack-internal:///(app-pages-browser)/./node_modules/next/dist/next-devtools/shared/forward-logs-shared.js:44
[ 4391690ms] [LOG] [Fast Refresh] done in 303ms @ webpack-internal:///(app-pages-browser)/./node_modules/next/dist/next-devtools/shared/forward-logs-shared.js:44
[ 4392379ms] [LOG] [Fast Refresh] rebuilding @ webpack-internal:///(app-pages-browser)/./node_modules/next/dist/next-devtools/shared/forward-logs-shared.js:44
[ 4392591ms] [LOG] [Fast Refresh] done in 212ms @ webpack-internal:///(app-pages-browser)/./node_modules/next/dist/next-devtools/shared/forward-logs-shared.js:44
[ 4393318ms] [LOG] [Fast Refresh] rebuilding @ webpack-internal:///(app-pages-browser)/./node_modules/next/dist/next-devtools/shared/forward-logs-shared.js:44
[ 4393597ms] [LOG] [Fast Refresh] done in 279ms @ webpack-internal:///(app-pages-browser)/./node_modules/next/dist/next-devtools/shared/forward-logs-shared.js:44
[ 4394260ms] [LOG] [Fast Refresh] rebuilding @ webpack-internal:///(app-pages-browser)/./node_modules/next/dist/next-devtools/shared/forward-logs-shared.js:44
[ 4394529ms] [LOG] [Fast Refresh] done in 269ms @ webpack-internal:///(app-pages-browser)/./node_modules/next/dist/next-devtools/shared/forward-logs-shared.js:44
[ 4395161ms] [LOG] [Fast Refresh] rebuilding @ webpack-internal:///(app-pages-browser)/./node_modules/next/dist/next-devtools/shared/forward-logs-shared.js:44
[ 4395454ms] [LOG] [Fast Refresh] done in 293ms @ webpack-internal:///(app-pages-browser)/./node_modules/next/dist/next-devtools/shared/forward-logs-shared.js:44
[ 4396137ms] [LOG] [Fast Refresh] rebuilding @ webpack-internal:///(app-pages-browser)/./node_modules/next/dist/next-devtools/shared/forward-logs-shared.js:44
[ 4396400ms] [LOG] [Fast Refresh] done in 264ms @ webpack-internal:///(app-pages-browser)/./node_modules/next/dist/next-devtools/shared/forward-logs-shared.js:44
[ 4397043ms] [LOG] [Fast Refresh] rebuilding @ webpack-internal:///(app-pages-browser)/./node_modules/next/dist/next-devtools/shared/forward-logs-shared.js:44
[ 4397308ms] [LOG] [Fast Refresh] done in 265ms @ webpack-internal:///(app-pages-browser)/./node_modules/next/dist/next-devtools/shared/forward-logs-shared.js:44
[ 4398005ms] [LOG] [Fast Refresh] rebuilding @ webpack-internal:///(app-pages-browser)/./node_modules/next/dist/next-devtools/shared/forward-logs-shared.js:44
[ 4398385ms] [LOG] [Fast Refresh] done in 381ms @ webpack-internal:///(app-pages-browser)/./node_modules/next/dist/next-devtools/shared/forward-logs-shared.js:44
[ 4399067ms] [LOG] [Fast Refresh] rebuilding @ webpack-internal:///(app-pages-browser)/./node_modules/next/dist/next-devtools/shared/forward-logs-shared.js:44
[ 4399322ms] [LOG] [Fast Refresh] done in 254ms @ webpack-internal:///(app-pages-browser)/./node_modules/next/dist/next-devtools/shared/forward-logs-shared.js:44
[ 4399985ms] [LOG] [Fast Refresh] rebuilding @ webpack-internal:///(app-pages-browser)/./node_modules/next/dist/next-devtools/shared/forward-logs-shared.js:44
[ 4400255ms] [LOG] [Fast Refresh] done in 270ms @ webpack-internal:///(app-pages-browser)/./node_modules/next/dist/next-devtools/shared/forward-logs-shared.js:44
[ 4400874ms] [LOG] [Fast Refresh] rebuilding @ webpack-internal:///(app-pages-browser)/./node_modules/next/dist/next-devtools/shared/forward-logs-shared.js:44
[ 4401166ms] [LOG] [Fast Refresh] done in 292ms @ webpack-internal:///(app-pages-browser)/./node_modules/next/dist/next-devtools/shared/forward-logs-shared.js:44
[ 4401813ms] [LOG] [Fast Refresh] rebuilding @ webpack-internal:///(app-pages-browser)/./node_modules/next/dist/next-devtools/shared/forward-logs-shared.js:44
[ 4402057ms] [LOG] [Fast Refresh] done in 245ms @ webpack-internal:///(app-pages-browser)/./node_modules/next/dist/next-devtools/shared/forward-logs-shared.js:44
[ 4402748ms] [LOG] [Fast Refresh] rebuilding @ webpack-internal:///(app-pages-browser)/./node_modules/next/dist/next-devtools/shared/forward-logs-shared.js:44
[ 4403001ms] [LOG] [Fast Refresh] done in 252ms @ webpack-internal:///(app-pages-browser)/./node_modules/next/dist/next-devtools/shared/forward-logs-shared.js:44
[ 4403677ms] [LOG] [Fast Refresh] rebuilding @ webpack-internal:///(app-pages-browser)/./node_modules/next/dist/next-devtools/shared/forward-logs-shared.js:44
[ 4403931ms] [LOG] [Fast Refresh] done in 254ms @ webpack-internal:///(app-pages-browser)/./node_modules/next/dist/next-devtools/shared/forward-logs-shared.js:44
[ 4404607ms] [LOG] [Fast Refresh] rebuilding @ webpack-internal:///(app-pages-browser)/./node_modules/next/dist/next-devtools/shared/forward-logs-shared.js:44
[ 4404880ms] [LOG] [Fast Refresh] done in 274ms @ webpack-internal:///(app-pages-browser)/./node_modules/next/dist/next-devtools/shared/forward-logs-shared.js:44
[ 4405551ms] [LOG] [Fast Refresh] rebuilding @ webpack-internal:///(app-pages-browser)/./node_modules/next/dist/next-devtools/shared/forward-logs-shared.js:44
[ 4405843ms] [LOG] [Fast Refresh] done in 293ms @ webpack-internal:///(app-pages-browser)/./node_modules/next/dist/next-devtools/shared/forward-logs-shared.js:44
[ 4406553ms] [LOG] [Fast Refresh] rebuilding @ webpack-internal:///(app-pages-browser)/./node_modules/next/dist/next-devtools/shared/forward-logs-shared.js:44
[ 4406825ms] [LOG] [Fast Refresh] done in 273ms @ webpack-internal:///(app-pages-browser)/./node_modules/next/dist/next-devtools/shared/forward-logs-shared.js:44
[ 4407419ms] [LOG] [Fast Refresh] rebuilding @ webpack-internal:///(app-pages-browser)/./node_modules/next/dist/next-devtools/shared/forward-logs-shared.js:44
[ 4407670ms] [LOG] [Fast Refresh] done in 252ms @ webpack-internal:///(app-pages-browser)/./node_modules/next/dist/next-devtools/shared/forward-logs-shared.js:44
[ 4408306ms] [LOG] [Fast Refresh] rebuilding @ webpack-internal:///(app-pages-browser)/./node_modules/next/dist/next-devtools/shared/forward-logs-shared.js:44
[ 4408559ms] [LOG] [Fast Refresh] done in 252ms @ webpack-internal:///(app-pages-browser)/./node_modules/next/dist/next-devtools/shared/forward-logs-shared.js:44
[ 4409260ms] [LOG] [Fast Refresh] rebuilding @ webpack-internal:///(app-pages-browser)/./node_modules/next/dist/next-devtools/shared/forward-logs-shared.js:44
[ 4409518ms] [LOG] [Fast Refresh] done in 258ms @ webpack-internal:///(app-pages-browser)/./node_modules/next/dist/next-devtools/shared/forward-logs-shared.js:44
[ 4410151ms] [LOG] [Fast Refresh] rebuilding @ webpack-internal:///(app-pages-browser)/./node_modules/next/dist/next-devtools/shared/forward-logs-shared.js:44
[ 4410397ms] [LOG] [Fast Refresh] done in 247ms @ webpack-internal:///(app-pages-browser)/./node_modules/next/dist/next-devtools/shared/forward-logs-shared.js:44
[ 4411035ms] [LOG] [Fast Refresh] rebuilding @ webpack-internal:///(app-pages-browser)/./node_modules/next/dist/next-devtools/shared/forward-logs-shared.js:44
[ 4411251ms] [LOG] [Fast Refresh] done in 217ms @ webpack-internal:///(app-pages-browser)/./node_modules/next/dist/next-devtools/shared/forward-logs-shared.js:44
[ 4411881ms] [LOG] [Fast Refresh] rebuilding @ webpack-internal:///(app-pages-browser)/./node_modules/next/dist/next-devtools/shared/forward-logs-shared.js:44
[ 4412123ms] [LOG] [Fast Refresh] done in 243ms @ webpack-internal:///(app-pages-browser)/./node_modules/next/dist/next-devtools/shared/forward-logs-shared.js:44
[ 4412721ms] [LOG] [Fast Refresh] rebuilding @ webpack-internal:///(app-pages-browser)/./node_modules/next/dist/next-devtools/shared/forward-logs-shared.js:44
[ 4412973ms] [LOG] [Fast Refresh] done in 252ms @ webpack-internal:///(app-pages-browser)/./node_modules/next/dist/next-devtools/shared/forward-logs-shared.js:44
[ 4413643ms] [LOG] [Fast Refresh] rebuilding @ webpack-internal:///(app-pages-browser)/./node_modules/next/dist/next-devtools/shared/forward-logs-shared.js:44
[ 4413877ms] [LOG] [Fast Refresh] done in 234ms @ webpack-internal:///(app-pages-browser)/./node_modules/next/dist/next-devtools/shared/forward-logs-shared.js:44
[ 4414805ms] [LOG] [Fast Refresh] rebuilding @ webpack-internal:///(app-pages-browser)/./node_modules/next/dist/next-devtools/shared/forward-logs-shared.js:44
[ 4415663ms] [LOG] [Fast Refresh] done in 858ms @ webpack-internal:///(app-pages-browser)/./node_modules/next/dist/next-devtools/shared/forward-logs-shared.js:44
[ 4416346ms] [LOG] [Fast Refresh] rebuilding @ webpack-internal:///(app-pages-browser)/./node_modules/next/dist/next-devtools/shared/forward-logs-shared.js:44
[ 4416608ms] [LOG] [Fast Refresh] done in 261ms @ webpack-internal:///(app-pages-browser)/./node_modules/next/dist/next-devtools/shared/forward-logs-shared.js:44
[ 4417222ms] [LOG] [Fast Refresh] rebuilding @ webpack-internal:///(app-pages-browser)/./node_modules/next/dist/next-devtools/shared/forward-logs-shared.js:44
[ 4417494ms] [LOG] [Fast Refresh] done in 272ms @ webpack-internal:///(app-pages-browser)/./node_modules/next/dist/next-devtools/shared/forward-logs-shared.js:44
[ 4418117ms] [LOG] [Fast Refresh] rebuilding @ webpack-internal:///(app-pages-browser)/./node_modules/next/dist/next-devtools/shared/forward-logs-shared.js:44
[ 4418381ms] [LOG] [Fast Refresh] done in 264ms @ webpack-internal:///(app-pages-browser)/./node_modules/next/dist/next-devtools/shared/forward-logs-shared.js:44
[ 4419067ms] [LOG] [Fast Refresh] rebuilding @ webpack-internal:///(app-pages-browser)/./node_modules/next/dist/next-devtools/shared/forward-logs-shared.js:44
[ 4419318ms] [LOG] [Fast Refresh] done in 251ms @ webpack-internal:///(app-pages-browser)/./node_modules/next/dist/next-devtools/shared/forward-logs-shared.js:44
[ 4419927ms] [LOG] [Fast Refresh] rebuilding @ webpack-internal:///(app-pages-browser)/./node_modules/next/dist/next-devtools/shared/forward-logs-shared.js:44
[ 4420172ms] [LOG] [Fast Refresh] done in 245ms @ webpack-internal:///(app-pages-browser)/./node_modules/next/dist/next-devtools/shared/forward-logs-shared.js:44
[ 4420825ms] [LOG] [Fast Refresh] rebuilding @ webpack-internal:///(app-pages-browser)/./node_modules/next/dist/next-devtools/shared/forward-logs-shared.js:44
[ 4421092ms] [LOG] [Fast Refresh] done in 267ms @ webpack-internal:///(app-pages-browser)/./node_modules/next/dist/next-devtools/shared/forward-logs-shared.js:44
[ 4421720ms] [LOG] [Fast Refresh] rebuilding @ webpack-internal:///(app-pages-browser)/./node_modules/next/dist/next-devtools/shared/forward-logs-shared.js:44
[ 4421967ms] [LOG] [Fast Refresh] done in 246ms @ webpack-internal:///(app-pages-browser)/./node_modules/next/dist/next-devtools/shared/forward-logs-shared.js:44
[ 4422581ms] [LOG] [Fast Refresh] rebuilding @ webpack-internal:///(app-pages-browser)/./node_modules/next/dist/next-devtools/shared/forward-logs-shared.js:44
[ 4422828ms] [LOG] [Fast Refresh] done in 247ms @ webpack-internal:///(app-pages-browser)/./node_modules/next/dist/next-devtools/shared/forward-logs-shared.js:44
[ 4423617ms] [LOG] [Fast Refresh] rebuilding @ webpack-internal:///(app-pages-browser)/./node_modules/next/dist/next-devtools/shared/forward-logs-shared.js:44
[ 4423882ms] [LOG] [Fast Refresh] done in 266ms @ webpack-internal:///(app-pages-browser)/./node_modules/next/dist/next-devtools/shared/forward-logs-shared.js:44
[ 4424502ms] [LOG] [Fast Refresh] rebuilding @ webpack-internal:///(app-pages-browser)/./node_modules/next/dist/next-devtools/shared/forward-logs-shared.js:44
[ 4424729ms] [LOG] [Fast Refresh] done in 228ms @ webpack-internal:///(app-pages-browser)/./node_modules/next/dist/next-devtools/shared/forward-logs-shared.js:44
[ 4425428ms] [LOG] [Fast Refresh] rebuilding @ webpack-internal:///(app-pages-browser)/./node_modules/next/dist/next-devtools/shared/forward-logs-shared.js:44
[ 4425685ms] [LOG] [Fast Refresh] done in 257ms @ webpack-internal:///(app-pages-browser)/./node_modules/next/dist/next-devtools/shared/forward-logs-shared.js:44
[ 4426288ms] [LOG] [Fast Refresh] rebuilding @ webpack-internal:///(app-pages-browser)/./node_modules/next/dist/next-devtools/shared/forward-logs-shared.js:44
[ 4426530ms] [LOG] [Fast Refresh] done in 243ms @ webpack-internal:///(app-pages-browser)/./node_modules/next/dist/next-devtools/shared/forward-logs-shared.js:44
[ 4427226ms] [LOG] [Fast Refresh] rebuilding @ webpack-internal:///(app-pages-browser)/./node_modules/next/dist/next-devtools/shared/forward-logs-shared.js:44
[ 4427496ms] [LOG] [Fast Refresh] done in 270ms @ webpack-internal:///(app-pages-browser)/./node_modules/next/dist/next-devtools/shared/forward-logs-shared.js:44
[ 4428182ms] [LOG] [Fast Refresh] rebuilding @ webpack-internal:///(app-pages-browser)/./node_modules/next/dist/next-devtools/shared/forward-logs-shared.js:44
[ 4428429ms] [LOG] [Fast Refresh] done in 246ms @ webpack-internal:///(app-pages-browser)/./node_modules/next/dist/next-devtools/shared/forward-logs-shared.js:44
[ 4429097ms] [LOG] [Fast Refresh] rebuilding @ webpack-internal:///(app-pages-browser)/./node_modules/next/dist/next-devtools/shared/forward-logs-shared.js:44
[ 4429936ms] [LOG] [Fast Refresh] done in 838ms @ webpack-internal:///(app-pages-browser)/./node_modules/next/dist/next-devtools/shared/forward-logs-shared.js:44
[ 4430035ms] [LOG] [Fast Refresh] rebuilding @ webpack-internal:///(app-pages-browser)/./node_modules/next/dist/next-devtools/shared/forward-logs-shared.js:44
[ 4430293ms] [LOG] [Fast Refresh] done in 258ms @ webpack-internal:///(app-pages-browser)/./node_modules/next/dist/next-devtools/shared/forward-logs-shared.js:44
[ 4430933ms] [LOG] [Fast Refresh] rebuilding @ webpack-internal:///(app-pages-browser)/./node_modules/next/dist/next-devtools/shared/forward-logs-shared.js:44
[ 4431177ms] [LOG] [Fast Refresh] done in 245ms @ webpack-internal:///(app-pages-browser)/./node_modules/next/dist/next-devtools/shared/forward-logs-shared.js:44
[ 4431853ms] [LOG] [Fast Refresh] rebuilding @ webpack-internal:///(app-pages-browser)/./node_modules/next/dist/next-devtools/shared/forward-logs-shared.js:44
[ 4432063ms] [LOG] [Fast Refresh] done in 210ms @ webpack-internal:///(app-pages-browser)/./node_modules/next/dist/next-devtools/shared/forward-logs-shared.js:44
[ 4432707ms] [LOG] [Fast Refresh] rebuilding @ webpack-internal:///(app-pages-browser)/./node_modules/next/dist/next-devtools/shared/forward-logs-shared.js:44
[ 4432958ms] [LOG] [Fast Refresh] done in 251ms @ webpack-internal:///(app-pages-browser)/./node_modules/next/dist/next-devtools/shared/forward-logs-shared.js:44
[ 4433687ms] [LOG] [Fast Refresh] rebuilding @ webpack-internal:///(app-pages-browser)/./node_modules/next/dist/next-devtools/shared/forward-logs-shared.js:44
[ 4433962ms] [LOG] [Fast Refresh] done in 275ms @ webpack-internal:///(app-pages-browser)/./node_modules/next/dist/next-devtools/shared/forward-logs-shared.js:44
[ 4434599ms] [LOG] [Fast Refresh] rebuilding @ webpack-internal:///(app-pages-browser)/./node_modules/next/dist/next-devtools/shared/forward-logs-shared.js:44
[ 4434841ms] [LOG] [Fast Refresh] done in 241ms @ webpack-internal:///(app-pages-browser)/./node_modules/next/dist/next-devtools/shared/forward-logs-shared.js:44
[ 4435454ms] [LOG] [Fast Refresh] rebuilding @ webpack-internal:///(app-pages-browser)/./node_modules/next/dist/next-devtools/shared/forward-logs-shared.js:44
[ 4436153ms] [LOG] [Fast Refresh] done in 699ms @ webpack-internal:///(app-pages-browser)/./node_modules/next/dist/next-devtools/shared/forward-logs-shared.js:44
[ 4436332ms] [LOG] [Fast Refresh] rebuilding @ webpack-internal:///(app-pages-browser)/./node_modules/next/dist/next-devtools/shared/forward-logs-shared.js:44
[ 4436617ms] [LOG] [Fast Refresh] done in 285ms @ webpack-internal:///(app-pages-browser)/./node_modules/next/dist/next-devtools/shared/forward-logs-shared.js:44
[ 4437260ms] [LOG] [Fast Refresh] rebuilding @ webpack-internal:///(app-pages-browser)/./node_modules/next/dist/next-devtools/shared/forward-logs-shared.js:44
[ 4437520ms] [LOG] [Fast Refresh] done in 260ms @ webpack-internal:///(app-pages-browser)/./node_modules/next/dist/next-devtools/shared/forward-logs-shared.js:44
[ 4438367ms] [LOG] [Fast Refresh] rebuilding @ webpack-internal:///(app-pages-browser)/./node_modules/next/dist/next-devtools/shared/forward-logs-shared.js:44
[ 4438616ms] [LOG] [Fast Refresh] done in 250ms @ webpack-internal:///(app-pages-browser)/./node_modules/next/dist/next-devtools/shared/forward-logs-shared.js:44
[ 4439336ms] [LOG] [Fast Refresh] rebuilding @ webpack-internal:///(app-pages-browser)/./node_modules/next/dist/next-devtools/shared/forward-logs-shared.js:44
[ 4439623ms] [LOG] [Fast Refresh] done in 287ms @ webpack-internal:///(app-pages-browser)/./node_modules/next/dist/next-devtools/shared/forward-logs-shared.js:44
[ 4440235ms] [LOG] [Fast Refresh] rebuilding @ webpack-internal:///(app-pages-browser)/./node_modules/next/dist/next-devtools/shared/forward-logs-shared.js:44
[ 4440487ms] [LOG] [Fast Refresh] done in 253ms @ webpack-internal:///(app-pages-browser)/./node_modules/next/dist/next-devtools/shared/forward-logs-shared.js:44
[ 4441092ms] [LOG] [Fast Refresh] rebuilding @ webpack-internal:///(app-pages-browser)/./node_modules/next/dist/next-devtools/shared/forward-logs-shared.js:44
[ 4441350ms] [LOG] [Fast Refresh] done in 258ms @ webpack-internal:///(app-pages-browser)/./node_modules/next/dist/next-devtools/shared/forward-logs-shared.js:44
[ 4441910ms] [LOG] [Fast Refresh] rebuilding @ webpack-internal:///(app-pages-browser)/./node_modules/next/dist/next-devtools/shared/forward-logs-shared.js:44
[ 4442183ms] [LOG] [Fast Refresh] done in 274ms @ webpack-internal:///(app-pages-browser)/./node_modules/next/dist/next-devtools/shared/forward-logs-shared.js:44
[ 4442807ms] [LOG] [Fast Refresh] rebuilding @ webpack-internal:///(app-pages-browser)/./node_modules/next/dist/next-devtools/shared/forward-logs-shared.js:44
[ 4443080ms] [LOG] [Fast Refresh] done in 273ms @ webpack-internal:///(app-pages-browser)/./node_modules/next/dist/next-devtools/shared/forward-logs-shared.js:44
[ 4443691ms] [LOG] [Fast Refresh] rebuilding @ webpack-internal:///(app-pages-browser)/./node_modules/next/dist/next-devtools/shared/forward-logs-shared.js:44
[ 4443917ms] [LOG] [Fast Refresh] done in 226ms @ webpack-internal:///(app-pages-browser)/./node_modules/next/dist/next-devtools/shared/forward-logs-shared.js:44
[ 4444553ms] [LOG] [Fast Refresh] rebuilding @ webpack-internal:///(app-pages-browser)/./node_modules/next/dist/next-devtools/shared/forward-logs-shared.js:44
[ 4444805ms] [LOG] [Fast Refresh] done in 252ms @ webpack-internal:///(app-pages-browser)/./node_modules/next/dist/next-devtools/shared/forward-logs-shared.js:44
[ 4445452ms] [LOG] [Fast Refresh] rebuilding @ webpack-internal:///(app-pages-browser)/./node_modules/next/dist/next-devtools/shared/forward-logs-shared.js:44
[ 4445743ms] [LOG] [Fast Refresh] done in 291ms @ webpack-internal:///(app-pages-browser)/./node_modules/next/dist/next-devtools/shared/forward-logs-shared.js:44
[ 4446374ms] [LOG] [Fast Refresh] rebuilding @ webpack-internal:///(app-pages-browser)/./node_modules/next/dist/next-devtools/shared/forward-logs-shared.js:44
[ 4446644ms] [LOG] [Fast Refresh] done in 270ms @ webpack-internal:///(app-pages-browser)/./node_modules/next/dist/next-devtools/shared/forward-logs-shared.js:44
[ 4447246ms] [LOG] [Fast Refresh] rebuilding @ webpack-internal:///(app-pages-browser)/./node_modules/next/dist/next-devtools/shared/forward-logs-shared.js:44
[ 4447510ms] [LOG] [Fast Refresh] done in 264ms @ webpack-internal:///(app-pages-browser)/./node_modules/next/dist/next-devtools/shared/forward-logs-shared.js:44
[ 4448145ms] [LOG] [Fast Refresh] rebuilding @ webpack-internal:///(app-pages-browser)/./node_modules/next/dist/next-devtools/shared/forward-logs-shared.js:44
[ 4448391ms] [LOG] [Fast Refresh] done in 247ms @ webpack-internal:///(app-pages-browser)/./node_modules/next/dist/next-devtools/shared/forward-logs-shared.js:44
[ 4449052ms] [LOG] [Fast Refresh] rebuilding @ webpack-internal:///(app-pages-browser)/./node_modules/next/dist/next-devtools/shared/forward-logs-shared.js:44
[ 4449329ms] [LOG] [Fast Refresh] done in 277ms @ webpack-internal:///(app-pages-browser)/./node_modules/next/dist/next-devtools/shared/forward-logs-shared.js:44
[ 4450074ms] [LOG] [Fast Refresh] rebuilding @ webpack-internal:///(app-pages-browser)/./node_modules/next/dist/next-devtools/shared/forward-logs-shared.js:44
[ 4450334ms] [LOG] [Fast Refresh] done in 260ms @ webpack-internal:///(app-pages-browser)/./node_modules/next/dist/next-devtools/shared/forward-logs-shared.js:44
[ 4450973ms] [LOG] [Fast Refresh] rebuilding @ webpack-internal:///(app-pages-browser)/./node_modules/next/dist/next-devtools/shared/forward-logs-shared.js:44
[ 4451200ms] [LOG] [Fast Refresh] done in 227ms @ webpack-internal:///(app-pages-browser)/./node_modules/next/dist/next-devtools/shared/forward-logs-shared.js:44
[ 4451855ms] [LOG] [Fast Refresh] rebuilding @ webpack-internal:///(app-pages-browser)/./node_modules/next/dist/next-devtools/shared/forward-logs-shared.js:44
[ 4452120ms] [LOG] [Fast Refresh] done in 264ms @ webpack-internal:///(app-pages-browser)/./node_modules/next/dist/next-devtools/shared/forward-logs-shared.js:44
[ 4452846ms] [LOG] [Fast Refresh] rebuilding @ webpack-internal:///(app-pages-browser)/./node_modules/next/dist/next-devtools/shared/forward-logs-shared.js:44
[ 4453091ms] [LOG] [Fast Refresh] done in 245ms @ webpack-internal:///(app-pages-browser)/./node_modules/next/dist/next-devtools/shared/forward-logs-shared.js:44
[ 4453720ms] [LOG] [Fast Refresh] rebuilding @ webpack-internal:///(app-pages-browser)/./node_modules/next/dist/next-devtools/shared/forward-logs-shared.js:44
[ 4453982ms] [LOG] [Fast Refresh] done in 261ms @ webpack-internal:///(app-pages-browser)/./node_modules/next/dist/next-devtools/shared/forward-logs-shared.js:44
[ 4454587ms] [LOG] [Fast Refresh] rebuilding @ webpack-internal:///(app-pages-browser)/./node_modules/next/dist/next-devtools/shared/forward-logs-shared.js:44
[ 4454839ms] [LOG] [Fast Refresh] done in 252ms @ webpack-internal:///(app-pages-browser)/./node_modules/next/dist/next-devtools/shared/forward-logs-shared.js:44
[ 4455518ms] [LOG] [Fast Refresh] rebuilding @ webpack-internal:///(app-pages-browser)/./node_modules/next/dist/next-devtools/shared/forward-logs-shared.js:44
[ 4455813ms] [LOG] [Fast Refresh] done in 295ms @ webpack-internal:///(app-pages-browser)/./node_modules/next/dist/next-devtools/shared/forward-logs-shared.js:44
[ 4456422ms] [LOG] [Fast Refresh] rebuilding @ webpack-internal:///(app-pages-browser)/./node_modules/next/dist/next-devtools/shared/forward-logs-shared.js:44
[ 4456655ms] [LOG] [Fast Refresh] done in 234ms @ webpack-internal:///(app-pages-browser)/./node_modules/next/dist/next-devtools/shared/forward-logs-shared.js:44
[ 4457316ms] [LOG] [Fast Refresh] rebuilding @ webpack-internal:///(app-pages-browser)/./node_modules/next/dist/next-devtools/shared/forward-logs-shared.js:44
[ 4457601ms] [LOG] [Fast Refresh] done in 284ms @ webpack-internal:///(app-pages-browser)/./node_modules/next/dist/next-devtools/shared/forward-logs-shared.js:44
[ 4458308ms] [LOG] [Fast Refresh] rebuilding @ webpack-internal:///(app-pages-browser)/./node_modules/next/dist/next-devtools/shared/forward-logs-shared.js:44
[ 4458621ms] [LOG] [Fast Refresh] done in 312ms @ webpack-internal:///(app-pages-browser)/./node_modules/next/dist/next-devtools/shared/forward-logs-shared.js:44
[ 4459317ms] [LOG] [Fast Refresh] rebuilding @ webpack-internal:///(app-pages-browser)/./node_modules/next/dist/next-devtools/shared/forward-logs-shared.js:44
[ 4459555ms] [LOG] [Fast Refresh] done in 238ms @ webpack-internal:///(app-pages-browser)/./node_modules/next/dist/next-devtools/shared/forward-logs-shared.js:44
[ 4460331ms] [LOG] [Fast Refresh] rebuilding @ webpack-internal:///(app-pages-browser)/./node_modules/next/dist/next-devtools/shared/forward-logs-shared.js:44
[ 4460598ms] [LOG] [Fast Refresh] done in 266ms @ webpack-internal:///(app-pages-browser)/./node_modules/next/dist/next-devtools/shared/forward-logs-shared.js:44
[ 4461507ms] [LOG] [Fast Refresh] rebuilding @ webpack-internal:///(app-pages-browser)/./node_modules/next/dist/next-devtools/shared/forward-logs-shared.js:44
[ 4461783ms] [LOG] [Fast Refresh] done in 276ms @ webpack-internal:///(app-pages-browser)/./node_modules/next/dist/next-devtools/shared/forward-logs-shared.js:44
[ 4462522ms] [LOG] [Fast Refresh] rebuilding @ webpack-internal:///(app-pages-browser)/./node_modules/next/dist/next-devtools/shared/forward-logs-shared.js:44
[ 4462814ms] [LOG] [Fast Refresh] done in 293ms @ webpack-internal:///(app-pages-browser)/./node_modules/next/dist/next-devtools/shared/forward-logs-shared.js:44
[ 4463464ms] [LOG] [Fast Refresh] rebuilding @ webpack-internal:///(app-pages-browser)/./node_modules/next/dist/next-devtools/shared/forward-logs-shared.js:44
[ 4463743ms] [LOG] [Fast Refresh] done in 279ms @ webpack-internal:///(app-pages-browser)/./node_modules/next/dist/next-devtools/shared/forward-logs-shared.js:44
[ 4464454ms] [LOG] [Fast Refresh] rebuilding @ webpack-internal:///(app-pages-browser)/./node_modules/next/dist/next-devtools/shared/forward-logs-shared.js:44
[ 4464688ms] [LOG] [Fast Refresh] done in 233ms @ webpack-internal:///(app-pages-browser)/./node_modules/next/dist/next-devtools/shared/forward-logs-shared.js:44
[ 4465473ms] [LOG] [Fast Refresh] rebuilding @ webpack-internal:///(app-pages-browser)/./node_modules/next/dist/next-devtools/shared/forward-logs-shared.js:44
[ 4465753ms] [LOG] [Fast Refresh] done in 280ms @ webpack-internal:///(app-pages-browser)/./node_modules/next/dist/next-devtools/shared/forward-logs-shared.js:44
[ 4466414ms] [LOG] [Fast Refresh] rebuilding @ webpack-internal:///(app-pages-browser)/./node_modules/next/dist/next-devtools/shared/forward-logs-shared.js:44
[ 4466683ms] [LOG] [Fast Refresh] done in 270ms @ webpack-internal:///(app-pages-browser)/./node_modules/next/dist/next-devtools/shared/forward-logs-shared.js:44
[ 4467399ms] [LOG] [Fast Refresh] rebuilding @ webpack-internal:///(app-pages-browser)/./node_modules/next/dist/next-devtools/shared/forward-logs-shared.js:44
[ 4467657ms] [LOG] [Fast Refresh] done in 259ms @ webpack-internal:///(app-pages-browser)/./node_modules/next/dist/next-devtools/shared/forward-logs-shared.js:44
[ 4468401ms] [LOG] [Fast Refresh] rebuilding @ webpack-internal:///(app-pages-browser)/./node_modules/next/dist/next-devtools/shared/forward-logs-shared.js:44
[ 4468698ms] [LOG] [Fast Refresh] done in 298ms @ webpack-internal:///(app-pages-browser)/./node_modules/next/dist/next-devtools/shared/forward-logs-shared.js:44
[ 4469441ms] [LOG] [Fast Refresh] rebuilding @ webpack-internal:///(app-pages-browser)/./node_modules/next/dist/next-devtools/shared/forward-logs-shared.js:44
[ 4469710ms] [LOG] [Fast Refresh] done in 268ms @ webpack-internal:///(app-pages-browser)/./node_modules/next/dist/next-devtools/shared/forward-logs-shared.js:44
[ 4470383ms] [LOG] [Fast Refresh] rebuilding @ webpack-internal:///(app-pages-browser)/./node_modules/next/dist/next-devtools/shared/forward-logs-shared.js:44
[ 4470654ms] [LOG] [Fast Refresh] done in 272ms @ webpack-internal:///(app-pages-browser)/./node_modules/next/dist/next-devtools/shared/forward-logs-shared.js:44
[ 4471370ms] [LOG] [Fast Refresh] rebuilding @ webpack-internal:///(app-pages-browser)/./node_modules/next/dist/next-devtools/shared/forward-logs-shared.js:44
[ 4471671ms] [LOG] [Fast Refresh] done in 300ms @ webpack-internal:///(app-pages-browser)/./node_modules/next/dist/next-devtools/shared/forward-logs-shared.js:44
[ 4472396ms] [LOG] [Fast Refresh] rebuilding @ webpack-internal:///(app-pages-browser)/./node_modules/next/dist/next-devtools/shared/forward-logs-shared.js:44
[ 4472691ms] [LOG] [Fast Refresh] done in 296ms @ webpack-internal:///(app-pages-browser)/./node_modules/next/dist/next-devtools/shared/forward-logs-shared.js:44
[ 4473331ms] [LOG] [Fast Refresh] rebuilding @ webpack-internal:///(app-pages-browser)/./node_modules/next/dist/next-devtools/shared/forward-logs-shared.js:44
[ 4473599ms] [LOG] [Fast Refresh] done in 268ms @ webpack-internal:///(app-pages-browser)/./node_modules/next/dist/next-devtools/shared/forward-logs-shared.js:44
[ 4474300ms] [LOG] [Fast Refresh] rebuilding @ webpack-internal:///(app-pages-browser)/./node_modules/next/dist/next-devtools/shared/forward-logs-shared.js:44
[ 4474596ms] [LOG] [Fast Refresh] done in 296ms @ webpack-internal:///(app-pages-browser)/./node_modules/next/dist/next-devtools/shared/forward-logs-shared.js:44
[ 4475273ms] [LOG] [Fast Refresh] rebuilding @ webpack-internal:///(app-pages-browser)/./node_modules/next/dist/next-devtools/shared/forward-logs-shared.js:44
[ 4475581ms] [LOG] [Fast Refresh] done in 308ms @ webpack-internal:///(app-pages-browser)/./node_modules/next/dist/next-devtools/shared/forward-logs-shared.js:44
[ 4476255ms] [LOG] [Fast Refresh] rebuilding @ webpack-internal:///(app-pages-browser)/./node_modules/next/dist/next-devtools/shared/forward-logs-shared.js:44
[ 4476551ms] [LOG] [Fast Refresh] done in 295ms @ webpack-internal:///(app-pages-browser)/./node_modules/next/dist/next-devtools/shared/forward-logs-shared.js:44
[ 4477293ms] [LOG] [Fast Refresh] rebuilding @ webpack-internal:///(app-pages-browser)/./node_modules/next/dist/next-devtools/shared/forward-logs-shared.js:44
[ 4477532ms] [LOG] [Fast Refresh] done in 240ms @ webpack-internal:///(app-pages-browser)/./node_modules/next/dist/next-devtools/shared/forward-logs-shared.js:44
[ 4478225ms] [LOG] [Fast Refresh] rebuilding @ webpack-internal:///(app-pages-browser)/./node_modules/next/dist/next-devtools/shared/forward-logs-shared.js:44
[ 4478489ms] [LOG] [Fast Refresh] done in 264ms @ webpack-internal:///(app-pages-browser)/./node_modules/next/dist/next-devtools/shared/forward-logs-shared.js:44
[ 4479190ms] [LOG] [Fast Refresh] rebuilding @ webpack-internal:///(app-pages-browser)/./node_modules/next/dist/next-devtools/shared/forward-logs-shared.js:44
[ 4479467ms] [LOG] [Fast Refresh] done in 277ms @ webpack-internal:///(app-pages-browser)/./node_modules/next/dist/next-devtools/shared/forward-logs-shared.js:44
[ 4480201ms] [LOG] [Fast Refresh] rebuilding @ webpack-internal:///(app-pages-browser)/./node_modules/next/dist/next-devtools/shared/forward-logs-shared.js:44
[ 4480481ms] [LOG] [Fast Refresh] done in 280ms @ webpack-internal:///(app-pages-browser)/./node_modules/next/dist/next-devtools/shared/forward-logs-shared.js:44
[ 4481153ms] [LOG] [Fast Refresh] rebuilding @ webpack-internal:///(app-pages-browser)/./node_modules/next/dist/next-devtools/shared/forward-logs-shared.js:44
[ 4481428ms] [LOG] [Fast Refresh] done in 275ms @ webpack-internal:///(app-pages-browser)/./node_modules/next/dist/next-devtools/shared/forward-logs-shared.js:44
[ 4482135ms] [LOG] [Fast Refresh] rebuilding @ webpack-internal:///(app-pages-browser)/./node_modules/next/dist/next-devtools/shared/forward-logs-shared.js:44
[ 4482424ms] [LOG] [Fast Refresh] done in 288ms @ webpack-internal:///(app-pages-browser)/./node_modules/next/dist/next-devtools/shared/forward-logs-shared.js:44
[ 4483130ms] [LOG] [Fast Refresh] rebuilding @ webpack-internal:///(app-pages-browser)/./node_modules/next/dist/next-devtools/shared/forward-logs-shared.js:44
[ 4483402ms] [LOG] [Fast Refresh] done in 272ms @ webpack-internal:///(app-pages-browser)/./node_modules/next/dist/next-devtools/shared/forward-logs-shared.js:44
[ 4484090ms] [LOG] [Fast Refresh] rebuilding @ webpack-internal:///(app-pages-browser)/./node_modules/next/dist/next-devtools/shared/forward-logs-shared.js:44
[ 4484331ms] [LOG] [Fast Refresh] done in 240ms @ webpack-internal:///(app-pages-browser)/./node_modules/next/dist/next-devtools/shared/forward-logs-shared.js:44
[ 4484966ms] [LOG] [Fast Refresh] rebuilding @ webpack-internal:///(app-pages-browser)/./node_modules/next/dist/next-devtools/shared/forward-logs-shared.js:44
[ 4485281ms] [LOG] [Fast Refresh] done in 314ms @ webpack-internal:///(app-pages-browser)/./node_modules/next/dist/next-devtools/shared/forward-logs-shared.js:44
[ 4486275ms] [LOG] [Fast Refresh] rebuilding @ webpack-internal:///(app-pages-browser)/./node_modules/next/dist/next-devtools/shared/forward-logs-shared.js:44
[ 4486582ms] [LOG] [Fast Refresh] done in 307ms @ webpack-internal:///(app-pages-browser)/./node_modules/next/dist/next-devtools/shared/forward-logs-shared.js:44
[ 4487300ms] [LOG] [Fast Refresh] rebuilding @ webpack-internal:///(app-pages-browser)/./node_modules/next/dist/next-devtools/shared/forward-logs-shared.js:44
[ 4487544ms] [LOG] [Fast Refresh] done in 245ms @ webpack-internal:///(app-pages-browser)/./node_modules/next/dist/next-devtools/shared/forward-logs-shared.js:44
[ 4488279ms] [LOG] [Fast Refresh] rebuilding @ webpack-internal:///(app-pages-browser)/./node_modules/next/dist/next-devtools/shared/forward-logs-shared.js:44
[ 4488531ms] [LOG] [Fast Refresh] done in 251ms @ webpack-internal:///(app-pages-browser)/./node_modules/next/dist/next-devtools/shared/forward-logs-shared.js:44
[ 4489271ms] [LOG] [Fast Refresh] rebuilding @ webpack-internal:///(app-pages-browser)/./node_modules/next/dist/next-devtools/shared/forward-logs-shared.js:44
[ 4489495ms] [LOG] [Fast Refresh] done in 224ms @ webpack-internal:///(app-pages-browser)/./node_modules/next/dist/next-devtools/shared/forward-logs-shared.js:44
[ 4490239ms] [LOG] [Fast Refresh] rebuilding @ webpack-internal:///(app-pages-browser)/./node_modules/next/dist/next-devtools/shared/forward-logs-shared.js:44
[ 4490508ms] [LOG] [Fast Refresh] done in 269ms @ webpack-internal:///(app-pages-browser)/./node_modules/next/dist/next-devtools/shared/forward-logs-shared.js:44
[ 4491188ms] [LOG] [Fast Refresh] rebuilding @ webpack-internal:///(app-pages-browser)/./node_modules/next/dist/next-devtools/shared/forward-logs-shared.js:44
[ 4491513ms] [LOG] [Fast Refresh] done in 324ms @ webpack-internal:///(app-pages-browser)/./node_modules/next/dist/next-devtools/shared/forward-logs-shared.js:44
[ 4492163ms] [LOG] [Fast Refresh] rebuilding @ webpack-internal:///(app-pages-browser)/./node_modules/next/dist/next-devtools/shared/forward-logs-shared.js:44
[ 4492433ms] [LOG] [Fast Refresh] done in 269ms @ webpack-internal:///(app-pages-browser)/./node_modules/next/dist/next-devtools/shared/forward-logs-shared.js:44
[ 4493109ms] [LOG] [Fast Refresh] rebuilding @ webpack-internal:///(app-pages-browser)/./node_modules/next/dist/next-devtools/shared/forward-logs-shared.js:44
[ 4493363ms] [LOG] [Fast Refresh] done in 253ms @ webpack-internal:///(app-pages-browser)/./node_modules/next/dist/next-devtools/shared/forward-logs-shared.js:44
[ 4494043ms] [LOG] [Fast Refresh] rebuilding @ webpack-internal:///(app-pages-browser)/./node_modules/next/dist/next-devtools/shared/forward-logs-shared.js:44
[ 4494305ms] [LOG] [Fast Refresh] done in 262ms @ webpack-internal:///(app-pages-browser)/./node_modules/next/dist/next-devtools/shared/forward-logs-shared.js:44
[ 4495121ms] [LOG] [Fast Refresh] rebuilding @ webpack-internal:///(app-pages-browser)/./node_modules/next/dist/next-devtools/shared/forward-logs-shared.js:44
[ 4495391ms] [LOG] [Fast Refresh] done in 271ms @ webpack-internal:///(app-pages-browser)/./node_modules/next/dist/next-devtools/shared/forward-logs-shared.js:44
[ 4496115ms] [LOG] [Fast Refresh] rebuilding @ webpack-internal:///(app-pages-browser)/./node_modules/next/dist/next-devtools/shared/forward-logs-shared.js:44
[ 4496378ms] [LOG] [Fast Refresh] done in 263ms @ webpack-internal:///(app-pages-browser)/./node_modules/next/dist/next-devtools/shared/forward-logs-shared.js:44
[ 4497094ms] [LOG] [Fast Refresh] rebuilding @ webpack-internal:///(app-pages-browser)/./node_modules/next/dist/next-devtools/shared/forward-logs-shared.js:44
[ 4497393ms] [LOG] [Fast Refresh] done in 299ms @ webpack-internal:///(app-pages-browser)/./node_modules/next/dist/next-devtools/shared/forward-logs-shared.js:44
[ 4498040ms] [LOG] [Fast Refresh] rebuilding @ webpack-internal:///(app-pages-browser)/./node_modules/next/dist/next-devtools/shared/forward-logs-shared.js:44
[ 4498317ms] [LOG] [Fast Refresh] done in 277ms @ webpack-internal:///(app-pages-browser)/./node_modules/next/dist/next-devtools/shared/forward-logs-shared.js:44
[ 4499131ms] [LOG] [Fast Refresh] rebuilding @ webpack-internal:///(app-pages-browser)/./node_modules/next/dist/next-devtools/shared/forward-logs-shared.js:44
[ 4499403ms] [LOG] [Fast Refresh] done in 272ms @ webpack-internal:///(app-pages-browser)/./node_modules/next/dist/next-devtools/shared/forward-logs-shared.js:44
[ 4500186ms] [LOG] [Fast Refresh] rebuilding @ webpack-internal:///(app-pages-browser)/./node_modules/next/dist/next-devtools/shared/forward-logs-shared.js:44
[ 4500441ms] [LOG] [Fast Refresh] done in 254ms @ webpack-internal:///(app-pages-browser)/./node_modules/next/dist/next-devtools/shared/forward-logs-shared.js:44
[ 4501177ms] [LOG] [Fast Refresh] rebuilding @ webpack-internal:///(app-pages-browser)/./node_modules/next/dist/next-devtools/shared/forward-logs-shared.js:44
[ 4501471ms] [LOG] [Fast Refresh] done in 295ms @ webpack-internal:///(app-pages-browser)/./node_modules/next/dist/next-devtools/shared/forward-logs-shared.js:44
[ 4502111ms] [LOG] [Fast Refresh] rebuilding @ webpack-internal:///(app-pages-browser)/./node_modules/next/dist/next-devtools/shared/forward-logs-shared.js:44
[ 4502371ms] [LOG] [Fast Refresh] done in 261ms @ webpack-internal:///(app-pages-browser)/./node_modules/next/dist/next-devtools/shared/forward-logs-shared.js:44
[ 4503071ms] [LOG] [Fast Refresh] rebuilding @ webpack-internal:///(app-pages-browser)/./node_modules/next/dist/next-devtools/shared/forward-logs-shared.js:44
[ 4503333ms] [LOG] [Fast Refresh] done in 262ms @ webpack-internal:///(app-pages-browser)/./node_modules/next/dist/next-devtools/shared/forward-logs-shared.js:44
[ 4504036ms] [LOG] [Fast Refresh] rebuilding @ webpack-internal:///(app-pages-browser)/./node_modules/next/dist/next-devtools/shared/forward-logs-shared.js:44
[ 4504293ms] [LOG] [Fast Refresh] done in 258ms @ webpack-internal:///(app-pages-browser)/./node_modules/next/dist/next-devtools/shared/forward-logs-shared.js:44
[ 4505196ms] [LOG] [Fast Refresh] rebuilding @ webpack-internal:///(app-pages-browser)/./node_modules/next/dist/next-devtools/shared/forward-logs-shared.js:44
[ 4505469ms] [LOG] [Fast Refresh] done in 272ms @ webpack-internal:///(app-pages-browser)/./node_modules/next/dist/next-devtools/shared/forward-logs-shared.js:44
[ 4506126ms] [LOG] [Fast Refresh] rebuilding @ webpack-internal:///(app-pages-browser)/./node_modules/next/dist/next-devtools/shared/forward-logs-shared.js:44
[ 4506426ms] [LOG] [Fast Refresh] done in 300ms @ webpack-internal:///(app-pages-browser)/./node_modules/next/dist/next-devtools/shared/forward-logs-shared.js:44
[ 4507143ms] [LOG] [Fast Refresh] rebuilding @ webpack-internal:///(app-pages-browser)/./node_modules/next/dist/next-devtools/shared/forward-logs-shared.js:44
[ 4507407ms] [LOG] [Fast Refresh] done in 264ms @ webpack-internal:///(app-pages-browser)/./node_modules/next/dist/next-devtools/shared/forward-logs-shared.js:44
[ 4508053ms] [LOG] [Fast Refresh] rebuilding @ webpack-internal:///(app-pages-browser)/./node_modules/next/dist/next-devtools/shared/forward-logs-shared.js:44
[ 4508327ms] [LOG] [Fast Refresh] done in 274ms @ webpack-internal:///(app-pages-browser)/./node_modules/next/dist/next-devtools/shared/forward-logs-shared.js:44
[ 4509036ms] [LOG] [Fast Refresh] rebuilding @ webpack-internal:///(app-pages-browser)/./node_modules/next/dist/next-devtools/shared/forward-logs-shared.js:44
[ 4509299ms] [LOG] [Fast Refresh] done in 263ms @ webpack-internal:///(app-pages-browser)/./node_modules/next/dist/next-devtools/shared/forward-logs-shared.js:44
[ 4510104ms] [LOG] [Fast Refresh] rebuilding @ webpack-internal:///(app-pages-browser)/./node_modules/next/dist/next-devtools/shared/forward-logs-shared.js:44
[ 4510427ms] [LOG] [Fast Refresh] done in 324ms @ webpack-internal:///(app-pages-browser)/./node_modules/next/dist/next-devtools/shared/forward-logs-shared.js:44
[ 4511473ms] [LOG] [Fast Refresh] rebuilding @ webpack-internal:///(app-pages-browser)/./node_modules/next/dist/next-devtools/shared/forward-logs-shared.js:44
[ 4511731ms] [LOG] [Fast Refresh] done in 258ms @ webpack-internal:///(app-pages-browser)/./node_modules/next/dist/next-devtools/shared/forward-logs-shared.js:44
[ 4512440ms] [LOG] [Fast Refresh] rebuilding @ webpack-internal:///(app-pages-browser)/./node_modules/next/dist/next-devtools/shared/forward-logs-shared.js:44
[ 4512711ms] [LOG] [Fast Refresh] done in 271ms @ webpack-internal:///(app-pages-browser)/./node_modules/next/dist/next-devtools/shared/forward-logs-shared.js:44
[ 4513353ms] [LOG] [Fast Refresh] rebuilding @ webpack-internal:///(app-pages-browser)/./node_modules/next/dist/next-devtools/shared/forward-logs-shared.js:44
[ 4513679ms] [LOG] [Fast Refresh] done in 326ms @ webpack-internal:///(app-pages-browser)/./node_modules/next/dist/next-devtools/shared/forward-logs-shared.js:44
[ 4514357ms] [LOG] [Fast Refresh] rebuilding @ webpack-internal:///(app-pages-browser)/./node_modules/next/dist/next-devtools/shared/forward-logs-shared.js:44
[ 4514625ms] [LOG] [Fast Refresh] done in 269ms @ webpack-internal:///(app-pages-browser)/./node_modules/next/dist/next-devtools/shared/forward-logs-shared.js:44
[ 4515295ms] [LOG] [Fast Refresh] rebuilding @ webpack-internal:///(app-pages-browser)/./node_modules/next/dist/next-devtools/shared/forward-logs-shared.js:44
[ 4515569ms] [LOG] [Fast Refresh] done in 274ms @ webpack-internal:///(app-pages-browser)/./node_modules/next/dist/next-devtools/shared/forward-logs-shared.js:44
[ 4516239ms] [LOG] [Fast Refresh] rebuilding @ webpack-internal:///(app-pages-browser)/./node_modules/next/dist/next-devtools/shared/forward-logs-shared.js:44
[ 4516488ms] [LOG] [Fast Refresh] done in 249ms @ webpack-internal:///(app-pages-browser)/./node_modules/next/dist/next-devtools/shared/forward-logs-shared.js:44
[ 4517167ms] [LOG] [Fast Refresh] rebuilding @ webpack-internal:///(app-pages-browser)/./node_modules/next/dist/next-devtools/shared/forward-logs-shared.js:44
[ 4517423ms] [LOG] [Fast Refresh] done in 256ms @ webpack-internal:///(app-pages-browser)/./node_modules/next/dist/next-devtools/shared/forward-logs-shared.js:44
[ 4518131ms] [LOG] [Fast Refresh] rebuilding @ webpack-internal:///(app-pages-browser)/./node_modules/next/dist/next-devtools/shared/forward-logs-shared.js:44
[ 4518379ms] [LOG] [Fast Refresh] done in 247ms @ webpack-internal:///(app-pages-browser)/./node_modules/next/dist/next-devtools/shared/forward-logs-shared.js:44
[ 4519030ms] [LOG] [Fast Refresh] rebuilding @ webpack-internal:///(app-pages-browser)/./node_modules/next/dist/next-devtools/shared/forward-logs-shared.js:44
[ 4519300ms] [LOG] [Fast Refresh] done in 269ms @ webpack-internal:///(app-pages-browser)/./node_modules/next/dist/next-devtools/shared/forward-logs-shared.js:44
[ 4519971ms] [LOG] [Fast Refresh] rebuilding @ webpack-internal:///(app-pages-browser)/./node_modules/next/dist/next-devtools/shared/forward-logs-shared.js:44
[ 4520218ms] [LOG] [Fast Refresh] done in 246ms @ webpack-internal:///(app-pages-browser)/./node_modules/next/dist/next-devtools/shared/forward-logs-shared.js:44
[ 4521067ms] [LOG] [Fast Refresh] rebuilding @ webpack-internal:///(app-pages-browser)/./node_modules/next/dist/next-devtools/shared/forward-logs-shared.js:44
[ 4521277ms] [LOG] [Fast Refresh] done in 210ms @ webpack-internal:///(app-pages-browser)/./node_modules/next/dist/next-devtools/shared/forward-logs-shared.js:44
[ 4521933ms] [LOG] [Fast Refresh] rebuilding @ webpack-internal:///(app-pages-browser)/./node_modules/next/dist/next-devtools/shared/forward-logs-shared.js:44
[ 4522170ms] [LOG] [Fast Refresh] done in 237ms @ webpack-internal:///(app-pages-browser)/./node_modules/next/dist/next-devtools/shared/forward-logs-shared.js:44
[ 4522819ms] [LOG] [Fast Refresh] rebuilding @ webpack-internal:///(app-pages-browser)/./node_modules/next/dist/next-devtools/shared/forward-logs-shared.js:44
[ 4523068ms] [LOG] [Fast Refresh] done in 249ms @ webpack-internal:///(app-pages-browser)/./node_modules/next/dist/next-devtools/shared/forward-logs-shared.js:44
[ 4523707ms] [LOG] [Fast Refresh] rebuilding @ webpack-internal:///(app-pages-browser)/./node_modules/next/dist/next-devtools/shared/forward-logs-shared.js:44
[ 4523964ms] [LOG] [Fast Refresh] done in 257ms @ webpack-internal:///(app-pages-browser)/./node_modules/next/dist/next-devtools/shared/forward-logs-shared.js:44
[ 4524555ms] [LOG] [Fast Refresh] rebuilding @ webpack-internal:///(app-pages-browser)/./node_modules/next/dist/next-devtools/shared/forward-logs-shared.js:44
[ 4524822ms] [LOG] [Fast Refresh] done in 266ms @ webpack-internal:///(app-pages-browser)/./node_modules/next/dist/next-devtools/shared/forward-logs-shared.js:44
[ 4525465ms] [LOG] [Fast Refresh] rebuilding @ webpack-internal:///(app-pages-browser)/./node_modules/next/dist/next-devtools/shared/forward-logs-shared.js:44
[ 4525717ms] [LOG] [Fast Refresh] done in 252ms @ webpack-internal:///(app-pages-browser)/./node_modules/next/dist/next-devtools/shared/forward-logs-shared.js:44
[ 4526386ms] [LOG] [Fast Refresh] rebuilding @ webpack-internal:///(app-pages-browser)/./node_modules/next/dist/next-devtools/shared/forward-logs-shared.js:44
[ 4526638ms] [LOG] [Fast Refresh] done in 252ms @ webpack-internal:///(app-pages-browser)/./node_modules/next/dist/next-devtools/shared/forward-logs-shared.js:44
[ 4527304ms] [LOG] [Fast Refresh] rebuilding @ webpack-internal:///(app-pages-browser)/./node_modules/next/dist/next-devtools/shared/forward-logs-shared.js:44
[ 4527553ms] [LOG] [Fast Refresh] done in 249ms @ webpack-internal:///(app-pages-browser)/./node_modules/next/dist/next-devtools/shared/forward-logs-shared.js:44
[ 4528188ms] [LOG] [Fast Refresh] rebuilding @ webpack-internal:///(app-pages-browser)/./node_modules/next/dist/next-devtools/shared/forward-logs-shared.js:44
[ 4528455ms] [LOG] [Fast Refresh] done in 267ms @ webpack-internal:///(app-pages-browser)/./node_modules/next/dist/next-devtools/shared/forward-logs-shared.js:44
[ 4529163ms] [LOG] [Fast Refresh] rebuilding @ webpack-internal:///(app-pages-browser)/./node_modules/next/dist/next-devtools/shared/forward-logs-shared.js:44
[ 4529401ms] [LOG] [Fast Refresh] done in 238ms @ webpack-internal:///(app-pages-browser)/./node_modules/next/dist/next-devtools/shared/forward-logs-shared.js:44
[ 4530020ms] [LOG] [Fast Refresh] rebuilding @ webpack-internal:///(app-pages-browser)/./node_modules/next/dist/next-devtools/shared/forward-logs-shared.js:44
[ 4530246ms] [LOG] [Fast Refresh] done in 226ms @ webpack-internal:///(app-pages-browser)/./node_modules/next/dist/next-devtools/shared/forward-logs-shared.js:44
[ 4531032ms] [LOG] [Fast Refresh] rebuilding @ webpack-internal:///(app-pages-browser)/./node_modules/next/dist/next-devtools/shared/forward-logs-shared.js:44
[ 4531279ms] [LOG] [Fast Refresh] done in 247ms @ webpack-internal:///(app-pages-browser)/./node_modules/next/dist/next-devtools/shared/forward-logs-shared.js:44
[ 4531861ms] [LOG] [Fast Refresh] rebuilding @ webpack-internal:///(app-pages-browser)/./node_modules/next/dist/next-devtools/shared/forward-logs-shared.js:44
[ 4532098ms] [LOG] [Fast Refresh] done in 237ms @ webpack-internal:///(app-pages-browser)/./node_modules/next/dist/next-devtools/shared/forward-logs-shared.js:44
[ 4532711ms] [LOG] [Fast Refresh] rebuilding @ webpack-internal:///(app-pages-browser)/./node_modules/next/dist/next-devtools/shared/forward-logs-shared.js:44
[ 4532958ms] [LOG] [Fast Refresh] done in 248ms @ webpack-internal:///(app-pages-browser)/./node_modules/next/dist/next-devtools/shared/forward-logs-shared.js:44
[ 4533554ms] [LOG] [Fast Refresh] rebuilding @ webpack-internal:///(app-pages-browser)/./node_modules/next/dist/next-devtools/shared/forward-logs-shared.js:44
[ 4533857ms] [LOG] [Fast Refresh] done in 303ms @ webpack-internal:///(app-pages-browser)/./node_modules/next/dist/next-devtools/shared/forward-logs-shared.js:44
[ 4534780ms] [LOG] [Fast Refresh] rebuilding @ webpack-internal:///(app-pages-browser)/./node_modules/next/dist/next-devtools/shared/forward-logs-shared.js:44
[ 4535051ms] [LOG] [Fast Refresh] done in 272ms @ webpack-internal:///(app-pages-browser)/./node_modules/next/dist/next-devtools/shared/forward-logs-shared.js:44
[ 4535690ms] [LOG] [Fast Refresh] rebuilding @ webpack-internal:///(app-pages-browser)/./node_modules/next/dist/next-devtools/shared/forward-logs-shared.js:44
[ 4535920ms] [LOG] [Fast Refresh] done in 229ms @ webpack-internal:///(app-pages-browser)/./node_modules/next/dist/next-devtools/shared/forward-logs-shared.js:44
[ 4536574ms] [LOG] [Fast Refresh] rebuilding @ webpack-internal:///(app-pages-browser)/./node_modules/next/dist/next-devtools/shared/forward-logs-shared.js:44
[ 4536816ms] [LOG] [Fast Refresh] done in 243ms @ webpack-internal:///(app-pages-browser)/./node_modules/next/dist/next-devtools/shared/forward-logs-shared.js:44
[ 4537454ms] [LOG] [Fast Refresh] rebuilding @ webpack-internal:///(app-pages-browser)/./node_modules/next/dist/next-devtools/shared/forward-logs-shared.js:44
[ 4537674ms] [LOG] [Fast Refresh] done in 220ms @ webpack-internal:///(app-pages-browser)/./node_modules/next/dist/next-devtools/shared/forward-logs-shared.js:44
[ 4538329ms] [LOG] [Fast Refresh] rebuilding @ webpack-internal:///(app-pages-browser)/./node_modules/next/dist/next-devtools/shared/forward-logs-shared.js:44
[ 4538556ms] [LOG] [Fast Refresh] done in 226ms @ webpack-internal:///(app-pages-browser)/./node_modules/next/dist/next-devtools/shared/forward-logs-shared.js:44
[ 4539150ms] [LOG] [Fast Refresh] rebuilding @ webpack-internal:///(app-pages-browser)/./node_modules/next/dist/next-devtools/shared/forward-logs-shared.js:44
[ 4539778ms] [LOG] [Fast Refresh] done in 627ms @ webpack-internal:///(app-pages-browser)/./node_modules/next/dist/next-devtools/shared/forward-logs-shared.js:44
[ 4539951ms] [LOG] [Fast Refresh] rebuilding @ webpack-internal:///(app-pages-browser)/./node_modules/next/dist/next-devtools/shared/forward-logs-shared.js:44
[ 4540161ms] [LOG] [Fast Refresh] done in 210ms @ webpack-internal:///(app-pages-browser)/./node_modules/next/dist/next-devtools/shared/forward-logs-shared.js:44
[ 4540795ms] [LOG] [Fast Refresh] rebuilding @ webpack-internal:///(app-pages-browser)/./node_modules/next/dist/next-devtools/shared/forward-logs-shared.js:44
[ 4541027ms] [LOG] [Fast Refresh] done in 232ms @ webpack-internal:///(app-pages-browser)/./node_modules/next/dist/next-devtools/shared/forward-logs-shared.js:44
[ 4541632ms] [LOG] [Fast Refresh] rebuilding @ webpack-internal:///(app-pages-browser)/./node_modules/next/dist/next-devtools/shared/forward-logs-shared.js:44
[ 4541829ms] [LOG] [Fast Refresh] done in 196ms @ webpack-internal:///(app-pages-browser)/./node_modules/next/dist/next-devtools/shared/forward-logs-shared.js:44
[ 4542461ms] [LOG] [Fast Refresh] rebuilding @ webpack-internal:///(app-pages-browser)/./node_modules/next/dist/next-devtools/shared/forward-logs-shared.js:44
[ 4542718ms] [LOG] [Fast Refresh] done in 256ms @ webpack-internal:///(app-pages-browser)/./node_modules/next/dist/next-devtools/shared/forward-logs-shared.js:44
[ 4543363ms] [LOG] [Fast Refresh] rebuilding @ webpack-internal:///(app-pages-browser)/./node_modules/next/dist/next-devtools/shared/forward-logs-shared.js:44
[ 4543606ms] [LOG] [Fast Refresh] done in 244ms @ webpack-internal:///(app-pages-browser)/./node_modules/next/dist/next-devtools/shared/forward-logs-shared.js:44
[ 4544258ms] [LOG] [Fast Refresh] rebuilding @ webpack-internal:///(app-pages-browser)/./node_modules/next/dist/next-devtools/shared/forward-logs-shared.js:44
[ 4544482ms] [LOG] [Fast Refresh] done in 224ms @ webpack-internal:///(app-pages-browser)/./node_modules/next/dist/next-devtools/shared/forward-logs-shared.js:44
[ 4545123ms] [LOG] [Fast Refresh] rebuilding @ webpack-internal:///(app-pages-browser)/./node_modules/next/dist/next-devtools/shared/forward-logs-shared.js:44
[ 4545347ms] [LOG] [Fast Refresh] done in 225ms @ webpack-internal:///(app-pages-browser)/./node_modules/next/dist/next-devtools/shared/forward-logs-shared.js:44
[ 4546002ms] [LOG] [Fast Refresh] rebuilding @ webpack-internal:///(app-pages-browser)/./node_modules/next/dist/next-devtools/shared/forward-logs-shared.js:44
[ 4546222ms] [LOG] [Fast Refresh] done in 220ms @ webpack-internal:///(app-pages-browser)/./node_modules/next/dist/next-devtools/shared/forward-logs-shared.js:44
[ 4546835ms] [LOG] [Fast Refresh] rebuilding @ webpack-internal:///(app-pages-browser)/./node_modules/next/dist/next-devtools/shared/forward-logs-shared.js:44
[ 4547047ms] [LOG] [Fast Refresh] done in 212ms @ webpack-internal:///(app-pages-browser)/./node_modules/next/dist/next-devtools/shared/forward-logs-shared.js:44
[ 4547729ms] [LOG] [Fast Refresh] rebuilding @ webpack-internal:///(app-pages-browser)/./node_modules/next/dist/next-devtools/shared/forward-logs-shared.js:44
[ 4547982ms] [LOG] [Fast Refresh] done in 254ms @ webpack-internal:///(app-pages-browser)/./node_modules/next/dist/next-devtools/shared/forward-logs-shared.js:44
[ 4548679ms] [LOG] [Fast Refresh] rebuilding @ webpack-internal:///(app-pages-browser)/./node_modules/next/dist/next-devtools/shared/forward-logs-shared.js:44
[ 4548954ms] [LOG] [Fast Refresh] done in 274ms @ webpack-internal:///(app-pages-browser)/./node_modules/next/dist/next-devtools/shared/forward-logs-shared.js:44
[ 4549579ms] [LOG] [Fast Refresh] rebuilding @ webpack-internal:///(app-pages-browser)/./node_modules/next/dist/next-devtools/shared/forward-logs-shared.js:44
[ 4549843ms] [LOG] [Fast Refresh] done in 263ms @ webpack-internal:///(app-pages-browser)/./node_modules/next/dist/next-devtools/shared/forward-logs-shared.js:44
[ 4550497ms] [LOG] [Fast Refresh] rebuilding @ webpack-internal:///(app-pages-browser)/./node_modules/next/dist/next-devtools/shared/forward-logs-shared.js:44
[ 4550735ms] [LOG] [Fast Refresh] done in 238ms @ webpack-internal:///(app-pages-browser)/./node_modules/next/dist/next-devtools/shared/forward-logs-shared.js:44
[ 4551336ms] [LOG] [Fast Refresh] rebuilding @ webpack-internal:///(app-pages-browser)/./node_modules/next/dist/next-devtools/shared/forward-logs-shared.js:44
[ 4551582ms] [LOG] [Fast Refresh] done in 245ms @ webpack-internal:///(app-pages-browser)/./node_modules/next/dist/next-devtools/shared/forward-logs-shared.js:44
[ 4552262ms] [LOG] [Fast Refresh] rebuilding @ webpack-internal:///(app-pages-browser)/./node_modules/next/dist/next-devtools/shared/forward-logs-shared.js:44
[ 4552544ms] [LOG] [Fast Refresh] done in 281ms @ webpack-internal:///(app-pages-browser)/./node_modules/next/dist/next-devtools/shared/forward-logs-shared.js:44
[ 4553158ms] [LOG] [Fast Refresh] rebuilding @ webpack-internal:///(app-pages-browser)/./node_modules/next/dist/next-devtools/shared/forward-logs-shared.js:44
[ 4553402ms] [LOG] [Fast Refresh] done in 244ms @ webpack-internal:///(app-pages-browser)/./node_modules/next/dist/next-devtools/shared/forward-logs-shared.js:44
[ 4554099ms] [LOG] [Fast Refresh] rebuilding @ webpack-internal:///(app-pages-browser)/./node_modules/next/dist/next-devtools/shared/forward-logs-shared.js:44
[ 4554352ms] [LOG] [Fast Refresh] done in 253ms @ webpack-internal:///(app-pages-browser)/./node_modules/next/dist/next-devtools/shared/forward-logs-shared.js:44
[ 4555004ms] [LOG] [Fast Refresh] rebuilding @ webpack-internal:///(app-pages-browser)/./node_modules/next/dist/next-devtools/shared/forward-logs-shared.js:44
[ 4555241ms] [LOG] [Fast Refresh] done in 237ms @ webpack-internal:///(app-pages-browser)/./node_modules/next/dist/next-devtools/shared/forward-logs-shared.js:44
[ 4555955ms] [LOG] [Fast Refresh] rebuilding @ webpack-internal:///(app-pages-browser)/./node_modules/next/dist/next-devtools/shared/forward-logs-shared.js:44
[ 4556194ms] [LOG] [Fast Refresh] done in 239ms @ webpack-internal:///(app-pages-browser)/./node_modules/next/dist/next-devtools/shared/forward-logs-shared.js:44
[ 4557069ms] [LOG] [Fast Refresh] rebuilding @ webpack-internal:///(app-pages-browser)/./node_modules/next/dist/next-devtools/shared/forward-logs-shared.js:44
[ 4557257ms] [LOG] [Fast Refresh] done in 188ms @ webpack-internal:///(app-pages-browser)/./node_modules/next/dist/next-devtools/shared/forward-logs-shared.js:44
[ 4557925ms] [LOG] [Fast Refresh] rebuilding @ webpack-internal:///(app-pages-browser)/./node_modules/next/dist/next-devtools/shared/forward-logs-shared.js:44
[ 4558173ms] [LOG] [Fast Refresh] done in 248ms @ webpack-internal:///(app-pages-browser)/./node_modules/next/dist/next-devtools/shared/forward-logs-shared.js:44
[ 4558847ms] [LOG] [Fast Refresh] rebuilding @ webpack-internal:///(app-pages-browser)/./node_modules/next/dist/next-devtools/shared/forward-logs-shared.js:44
[ 4559081ms] [LOG] [Fast Refresh] done in 235ms @ webpack-internal:///(app-pages-browser)/./node_modules/next/dist/next-devtools/shared/forward-logs-shared.js:44
[ 4559743ms] [LOG] [Fast Refresh] rebuilding @ webpack-internal:///(app-pages-browser)/./node_modules/next/dist/next-devtools/shared/forward-logs-shared.js:44
[ 4559963ms] [LOG] [Fast Refresh] done in 220ms @ webpack-internal:///(app-pages-browser)/./node_modules/next/dist/next-devtools/shared/forward-logs-shared.js:44
[ 4560632ms] [LOG] [Fast Refresh] rebuilding @ webpack-internal:///(app-pages-browser)/./node_modules/next/dist/next-devtools/shared/forward-logs-shared.js:44
[ 4560871ms] [LOG] [Fast Refresh] done in 240ms @ webpack-internal:///(app-pages-browser)/./node_modules/next/dist/next-devtools/shared/forward-logs-shared.js:44
[ 4561546ms] [LOG] [Fast Refresh] rebuilding @ webpack-internal:///(app-pages-browser)/./node_modules/next/dist/next-devtools/shared/forward-logs-shared.js:44
[ 4561754ms] [LOG] [Fast Refresh] done in 207ms @ webpack-internal:///(app-pages-browser)/./node_modules/next/dist/next-devtools/shared/forward-logs-shared.js:44
[ 4562445ms] [LOG] [Fast Refresh] rebuilding @ webpack-internal:///(app-pages-browser)/./node_modules/next/dist/next-devtools/shared/forward-logs-shared.js:44
[ 4562715ms] [LOG] [Fast Refresh] done in 270ms @ webpack-internal:///(app-pages-browser)/./node_modules/next/dist/next-devtools/shared/forward-logs-shared.js:44
[ 4563326ms] [LOG] [Fast Refresh] rebuilding @ webpack-internal:///(app-pages-browser)/./node_modules/next/dist/next-devtools/shared/forward-logs-shared.js:44
[ 4563568ms] [LOG] [Fast Refresh] done in 241ms @ webpack-internal:///(app-pages-browser)/./node_modules/next/dist/next-devtools/shared/forward-logs-shared.js:44
[ 4564202ms] [LOG] [Fast Refresh] rebuilding @ webpack-internal:///(app-pages-browser)/./node_modules/next/dist/next-devtools/shared/forward-logs-shared.js:44
[ 4564495ms] [LOG] [Fast Refresh] done in 293ms @ webpack-internal:///(app-pages-browser)/./node_modules/next/dist/next-devtools/shared/forward-logs-shared.js:44
[ 4565180ms] [LOG] [Fast Refresh] rebuilding @ webpack-internal:///(app-pages-browser)/./node_modules/next/dist/next-devtools/shared/forward-logs-shared.js:44
[ 4565502ms] [LOG] [Fast Refresh] done in 322ms @ webpack-internal:///(app-pages-browser)/./node_modules/next/dist/next-devtools/shared/forward-logs-shared.js:44
[ 4566276ms] [LOG] [Fast Refresh] rebuilding @ webpack-internal:///(app-pages-browser)/./node_modules/next/dist/next-devtools/shared/forward-logs-shared.js:44
[ 4566568ms] [LOG] [Fast Refresh] done in 291ms @ webpack-internal:///(app-pages-browser)/./node_modules/next/dist/next-devtools/shared/forward-logs-shared.js:44
[ 4567166ms] [LOG] [Fast Refresh] rebuilding @ webpack-internal:///(app-pages-browser)/./node_modules/next/dist/next-devtools/shared/forward-logs-shared.js:44
[ 4567415ms] [LOG] [Fast Refresh] done in 250ms @ webpack-internal:///(app-pages-browser)/./node_modules/next/dist/next-devtools/shared/forward-logs-shared.js:44
[ 4568044ms] [LOG] [Fast Refresh] rebuilding @ webpack-internal:///(app-pages-browser)/./node_modules/next/dist/next-devtools/shared/forward-logs-shared.js:44
[ 4568301ms] [LOG] [Fast Refresh] done in 257ms @ webpack-internal:///(app-pages-browser)/./node_modules/next/dist/next-devtools/shared/forward-logs-shared.js:44
[ 4568941ms] [LOG] [Fast Refresh] rebuilding @ webpack-internal:///(app-pages-browser)/./node_modules/next/dist/next-devtools/shared/forward-logs-shared.js:44
[ 4569163ms] [LOG] [Fast Refresh] done in 221ms @ webpack-internal:///(app-pages-browser)/./node_modules/next/dist/next-devtools/shared/forward-logs-shared.js:44
[ 4569775ms] [LOG] [Fast Refresh] rebuilding @ webpack-internal:///(app-pages-browser)/./node_modules/next/dist/next-devtools/shared/forward-logs-shared.js:44
[ 4569996ms] [LOG] [Fast Refresh] done in 221ms @ webpack-internal:///(app-pages-browser)/./node_modules/next/dist/next-devtools/shared/forward-logs-shared.js:44
[ 4570743ms] [LOG] [Fast Refresh] rebuilding @ webpack-internal:///(app-pages-browser)/./node_modules/next/dist/next-devtools/shared/forward-logs-shared.js:44
[ 4570974ms] [LOG] [Fast Refresh] done in 231ms @ webpack-internal:///(app-pages-browser)/./node_modules/next/dist/next-devtools/shared/forward-logs-shared.js:44
[ 4571609ms] [LOG] [Fast Refresh] rebuilding @ webpack-internal:///(app-pages-browser)/./node_modules/next/dist/next-devtools/shared/forward-logs-shared.js:44
[ 4571854ms] [LOG] [Fast Refresh] done in 245ms @ webpack-internal:///(app-pages-browser)/./node_modules/next/dist/next-devtools/shared/forward-logs-shared.js:44
[ 4572472ms] [LOG] [Fast Refresh] rebuilding @ webpack-internal:///(app-pages-browser)/./node_modules/next/dist/next-devtools/shared/forward-logs-shared.js:44
[ 4572743ms] [LOG] [Fast Refresh] done in 270ms @ webpack-internal:///(app-pages-browser)/./node_modules/next/dist/next-devtools/shared/forward-logs-shared.js:44
[ 4573388ms] [LOG] [Fast Refresh] rebuilding @ webpack-internal:///(app-pages-browser)/./node_modules/next/dist/next-devtools/shared/forward-logs-shared.js:44
[ 4573626ms] [LOG] [Fast Refresh] done in 238ms @ webpack-internal:///(app-pages-browser)/./node_modules/next/dist/next-devtools/shared/forward-logs-shared.js:44
[ 4574226ms] [LOG] [Fast Refresh] rebuilding @ webpack-internal:///(app-pages-browser)/./node_modules/next/dist/next-devtools/shared/forward-logs-shared.js:44
[ 4574491ms] [LOG] [Fast Refresh] done in 266ms @ webpack-internal:///(app-pages-browser)/./node_modules/next/dist/next-devtools/shared/forward-logs-shared.js:44
[ 4575106ms] [LOG] [Fast Refresh] rebuilding @ webpack-internal:///(app-pages-browser)/./node_modules/next/dist/next-devtools/shared/forward-logs-shared.js:44
[ 4575353ms] [LOG] [Fast Refresh] done in 246ms @ webpack-internal:///(app-pages-browser)/./node_modules/next/dist/next-devtools/shared/forward-logs-shared.js:44
[ 4575983ms] [LOG] [Fast Refresh] rebuilding @ webpack-internal:///(app-pages-browser)/./node_modules/next/dist/next-devtools/shared/forward-logs-shared.js:44
[ 4576204ms] [LOG] [Fast Refresh] done in 220ms @ webpack-internal:///(app-pages-browser)/./node_modules/next/dist/next-devtools/shared/forward-logs-shared.js:44
[ 4576919ms] [LOG] [Fast Refresh] rebuilding @ webpack-internal:///(app-pages-browser)/./node_modules/next/dist/next-devtools/shared/forward-logs-shared.js:44
[ 4577147ms] [LOG] [Fast Refresh] done in 228ms @ webpack-internal:///(app-pages-browser)/./node_modules/next/dist/next-devtools/shared/forward-logs-shared.js:44
[ 4577801ms] [LOG] [Fast Refresh] rebuilding @ webpack-internal:///(app-pages-browser)/./node_modules/next/dist/next-devtools/shared/forward-logs-shared.js:44
[ 4578047ms] [LOG] [Fast Refresh] done in 245ms @ webpack-internal:///(app-pages-browser)/./node_modules/next/dist/next-devtools/shared/forward-logs-shared.js:44
[ 4578723ms] [LOG] [Fast Refresh] rebuilding @ webpack-internal:///(app-pages-browser)/./node_modules/next/dist/next-devtools/shared/forward-logs-shared.js:44
[ 4578995ms] [LOG] [Fast Refresh] done in 272ms @ webpack-internal:///(app-pages-browser)/./node_modules/next/dist/next-devtools/shared/forward-logs-shared.js:44
[ 4579900ms] [LOG] [Fast Refresh] rebuilding @ webpack-internal:///(app-pages-browser)/./node_modules/next/dist/next-devtools/shared/forward-logs-shared.js:44
[ 4580138ms] [LOG] [Fast Refresh] done in 238ms @ webpack-internal:///(app-pages-browser)/./node_modules/next/dist/next-devtools/shared/forward-logs-shared.js:44
[ 4580810ms] [LOG] [Fast Refresh] rebuilding @ webpack-internal:///(app-pages-browser)/./node_modules/next/dist/next-devtools/shared/forward-logs-shared.js:44
[ 4581082ms] [LOG] [Fast Refresh] done in 272ms @ webpack-internal:///(app-pages-browser)/./node_modules/next/dist/next-devtools/shared/forward-logs-shared.js:44
[ 4581816ms] [LOG] [Fast Refresh] rebuilding @ webpack-internal:///(app-pages-browser)/./node_modules/next/dist/next-devtools/shared/forward-logs-shared.js:44
[ 4582065ms] [LOG] [Fast Refresh] done in 248ms @ webpack-internal:///(app-pages-browser)/./node_modules/next/dist/next-devtools/shared/forward-logs-shared.js:44
[ 4582663ms] [LOG] [Fast Refresh] rebuilding @ webpack-internal:///(app-pages-browser)/./node_modules/next/dist/next-devtools/shared/forward-logs-shared.js:44
[ 4582935ms] [LOG] [Fast Refresh] done in 272ms @ webpack-internal:///(app-pages-browser)/./node_modules/next/dist/next-devtools/shared/forward-logs-shared.js:44
[ 4583579ms] [LOG] [Fast Refresh] rebuilding @ webpack-internal:///(app-pages-browser)/./node_modules/next/dist/next-devtools/shared/forward-logs-shared.js:44
[ 4583831ms] [LOG] [Fast Refresh] done in 252ms @ webpack-internal:///(app-pages-browser)/./node_modules/next/dist/next-devtools/shared/forward-logs-shared.js:44
[ 4584434ms] [LOG] [Fast Refresh] rebuilding @ webpack-internal:///(app-pages-browser)/./node_modules/next/dist/next-devtools/shared/forward-logs-shared.js:44
[ 4584653ms] [LOG] [Fast Refresh] done in 219ms @ webpack-internal:///(app-pages-browser)/./node_modules/next/dist/next-devtools/shared/forward-logs-shared.js:44
[ 4585284ms] [LOG] [Fast Refresh] rebuilding @ webpack-internal:///(app-pages-browser)/./node_modules/next/dist/next-devtools/shared/forward-logs-shared.js:44
[ 4585521ms] [LOG] [Fast Refresh] done in 237ms @ webpack-internal:///(app-pages-browser)/./node_modules/next/dist/next-devtools/shared/forward-logs-shared.js:44
[ 4586090ms] [LOG] [Fast Refresh] rebuilding @ webpack-internal:///(app-pages-browser)/./node_modules/next/dist/next-devtools/shared/forward-logs-shared.js:44
[ 4586317ms] [LOG] [Fast Refresh] done in 227ms @ webpack-internal:///(app-pages-browser)/./node_modules/next/dist/next-devtools/shared/forward-logs-shared.js:44
[ 4586945ms] [LOG] [Fast Refresh] rebuilding @ webpack-internal:///(app-pages-browser)/./node_modules/next/dist/next-devtools/shared/forward-logs-shared.js:44
[ 4587160ms] [LOG] [Fast Refresh] done in 214ms @ webpack-internal:///(app-pages-browser)/./node_modules/next/dist/next-devtools/shared/forward-logs-shared.js:44
[ 4587785ms] [LOG] [Fast Refresh] rebuilding @ webpack-internal:///(app-pages-browser)/./node_modules/next/dist/next-devtools/shared/forward-logs-shared.js:44
[ 4588019ms] [LOG] [Fast Refresh] done in 234ms @ webpack-internal:///(app-pages-browser)/./node_modules/next/dist/next-devtools/shared/forward-logs-shared.js:44
[ 4588635ms] [LOG] [Fast Refresh] rebuilding @ webpack-internal:///(app-pages-browser)/./node_modules/next/dist/next-devtools/shared/forward-logs-shared.js:44
[ 4588882ms] [LOG] [Fast Refresh] done in 248ms @ webpack-internal:///(app-pages-browser)/./node_modules/next/dist/next-devtools/shared/forward-logs-shared.js:44
[ 4589470ms] [LOG] [Fast Refresh] rebuilding @ webpack-internal:///(app-pages-browser)/./node_modules/next/dist/next-devtools/shared/forward-logs-shared.js:44
[ 4590120ms] [LOG] [Fast Refresh] done in 650ms @ webpack-internal:///(app-pages-browser)/./node_modules/next/dist/next-devtools/shared/forward-logs-shared.js:44
[ 4590300ms] [LOG] [Fast Refresh] rebuilding @ webpack-internal:///(app-pages-browser)/./node_modules/next/dist/next-devtools/shared/forward-logs-shared.js:44
[ 4590952ms] [LOG] [Fast Refresh] done in 652ms @ webpack-internal:///(app-pages-browser)/./node_modules/next/dist/next-devtools/shared/forward-logs-shared.js:44
[ 4591124ms] [LOG] [Fast Refresh] rebuilding @ webpack-internal:///(app-pages-browser)/./node_modules/next/dist/next-devtools/shared/forward-logs-shared.js:44
[ 4591405ms] [LOG] [Fast Refresh] done in 281ms @ webpack-internal:///(app-pages-browser)/./node_modules/next/dist/next-devtools/shared/forward-logs-shared.js:44
[ 4592004ms] [LOG] [Fast Refresh] rebuilding @ webpack-internal:///(app-pages-browser)/./node_modules/next/dist/next-devtools/shared/forward-logs-shared.js:44
[ 4592228ms] [LOG] [Fast Refresh] done in 225ms @ webpack-internal:///(app-pages-browser)/./node_modules/next/dist/next-devtools/shared/forward-logs-shared.js:44
[ 4592882ms] [LOG] [Fast Refresh] rebuilding @ webpack-internal:///(app-pages-browser)/./node_modules/next/dist/next-devtools/shared/forward-logs-shared.js:44
[ 4593157ms] [LOG] [Fast Refresh] done in 275ms @ webpack-internal:///(app-pages-browser)/./node_modules/next/dist/next-devtools/shared/forward-logs-shared.js:44
[ 4593776ms] [LOG] [Fast Refresh] rebuilding @ webpack-internal:///(app-pages-browser)/./node_modules/next/dist/next-devtools/shared/forward-logs-shared.js:44
[ 4594021ms] [LOG] [Fast Refresh] done in 246ms @ webpack-internal:///(app-pages-browser)/./node_modules/next/dist/next-devtools/shared/forward-logs-shared.js:44
[ 4594628ms] [LOG] [Fast Refresh] rebuilding @ webpack-internal:///(app-pages-browser)/./node_modules/next/dist/next-devtools/shared/forward-logs-shared.js:44
[ 4594856ms] [LOG] [Fast Refresh] done in 229ms @ webpack-internal:///(app-pages-browser)/./node_modules/next/dist/next-devtools/shared/forward-logs-shared.js:44
[ 4595504ms] [LOG] [Fast Refresh] rebuilding @ webpack-internal:///(app-pages-browser)/./node_modules/next/dist/next-devtools/shared/forward-logs-shared.js:44
[ 4595755ms] [LOG] [Fast Refresh] done in 250ms @ webpack-internal:///(app-pages-browser)/./node_modules/next/dist/next-devtools/shared/forward-logs-shared.js:44
[ 4596357ms] [LOG] [Fast Refresh] rebuilding @ webpack-internal:///(app-pages-browser)/./node_modules/next/dist/next-devtools/shared/forward-logs-shared.js:44
[ 4596502ms] [LOG] [Fast Refresh] done in 146ms @ webpack-internal:///(app-pages-browser)/./node_modules/next/dist/next-devtools/shared/forward-logs-shared.js:44
[ 4596889ms] [LOG] [Fast Refresh] rebuilding @ webpack-internal:///(app-pages-browser)/./node_modules/next/dist/next-devtools/shared/forward-logs-shared.js:44
[ 4596985ms] [LOG] [Fast Refresh] done in 96ms @ webpack-internal:///(app-pages-browser)/./node_modules/next/dist/next-devtools/shared/forward-logs-shared.js:44
[ 4597502ms] [LOG] [Fast Refresh] rebuilding @ webpack-internal:///(app-pages-browser)/./node_modules/next/dist/next-devtools/shared/forward-logs-shared.js:44
[ 4597605ms] [LOG] [Fast Refresh] done in 102ms @ webpack-internal:///(app-pages-browser)/./node_modules/next/dist/next-devtools/shared/forward-logs-shared.js:44
[ 4597956ms] [LOG] [Fast Refresh] rebuilding @ webpack-internal:///(app-pages-browser)/./node_modules/next/dist/next-devtools/shared/forward-logs-shared.js:44
[ 4598112ms] [LOG] [Fast Refresh] done in 156ms @ webpack-internal:///(app-pages-browser)/./node_modules/next/dist/next-devtools/shared/forward-logs-shared.js:44
[ 4598610ms] [LOG] [Fast Refresh] rebuilding @ webpack-internal:///(app-pages-browser)/./node_modules/next/dist/next-devtools/shared/forward-logs-shared.js:44
[ 4598817ms] [LOG] [Fast Refresh] done in 207ms @ webpack-internal:///(app-pages-browser)/./node_modules/next/dist/next-devtools/shared/forward-logs-shared.js:44
[ 4599405ms] [LOG] [Fast Refresh] rebuilding @ webpack-internal:///(app-pages-browser)/./node_modules/next/dist/next-devtools/shared/forward-logs-shared.js:44
[ 4599639ms] [LOG] [Fast Refresh] done in 233ms @ webpack-internal:///(app-pages-browser)/./node_modules/next/dist/next-devtools/shared/forward-logs-shared.js:44
[ 4600485ms] [LOG] [Fast Refresh] rebuilding @ webpack-internal:///(app-pages-browser)/./node_modules/next/dist/next-devtools/shared/forward-logs-shared.js:44
[ 4600705ms] [LOG] [Fast Refresh] done in 220ms @ webpack-internal:///(app-pages-browser)/./node_modules/next/dist/next-devtools/shared/forward-logs-shared.js:44
[ 4601322ms] [LOG] [Fast Refresh] rebuilding @ webpack-internal:///(app-pages-browser)/./node_modules/next/dist/next-devtools/shared/forward-logs-shared.js:44
[ 4601538ms] [LOG] [Fast Refresh] done in 216ms @ webpack-internal:///(app-pages-browser)/./node_modules/next/dist/next-devtools/shared/forward-logs-shared.js:44
[ 4602137ms] [LOG] [Fast Refresh] rebuilding @ webpack-internal:///(app-pages-browser)/./node_modules/next/dist/next-devtools/shared/forward-logs-shared.js:44
[ 4602392ms] [LOG] [Fast Refresh] done in 255ms @ webpack-internal:///(app-pages-browser)/./node_modules/next/dist/next-devtools/shared/forward-logs-shared.js:44
[ 4602938ms] [LOG] [Fast Refresh] rebuilding @ webpack-internal:///(app-pages-browser)/./node_modules/next/dist/next-devtools/shared/forward-logs-shared.js:44
[ 4603157ms] [LOG] [Fast Refresh] done in 219ms @ webpack-internal:///(app-pages-browser)/./node_modules/next/dist/next-devtools/shared/forward-logs-shared.js:44
[ 4603748ms] [LOG] [Fast Refresh] rebuilding @ webpack-internal:///(app-pages-browser)/./node_modules/next/dist/next-devtools/shared/forward-logs-shared.js:44
[ 4603981ms] [LOG] [Fast Refresh] done in 234ms @ webpack-internal:///(app-pages-browser)/./node_modules/next/dist/next-devtools/shared/forward-logs-shared.js:44
[ 4604547ms] [LOG] [Fast Refresh] rebuilding @ webpack-internal:///(app-pages-browser)/./node_modules/next/dist/next-devtools/shared/forward-logs-shared.js:44
[ 4604763ms] [LOG] [Fast Refresh] done in 216ms @ webpack-internal:///(app-pages-browser)/./node_modules/next/dist/next-devtools/shared/forward-logs-shared.js:44
[ 4605348ms] [LOG] [Fast Refresh] rebuilding @ webpack-internal:///(app-pages-browser)/./node_modules/next/dist/next-devtools/shared/forward-logs-shared.js:44
[ 4605572ms] [LOG] [Fast Refresh] done in 224ms @ webpack-internal:///(app-pages-browser)/./node_modules/next/dist/next-devtools/shared/forward-logs-shared.js:44
[ 4606175ms] [LOG] [Fast Refresh] rebuilding @ webpack-internal:///(app-pages-browser)/./node_modules/next/dist/next-devtools/shared/forward-logs-shared.js:44
[ 4606395ms] [LOG] [Fast Refresh] done in 219ms @ webpack-internal:///(app-pages-browser)/./node_modules/next/dist/next-devtools/shared/forward-logs-shared.js:44
[ 4606897ms] [LOG] [Fast Refresh] rebuilding @ webpack-internal:///(app-pages-browser)/./node_modules/next/dist/next-devtools/shared/forward-logs-shared.js:44
[ 4607222ms] [LOG] [Fast Refresh] done in 325ms @ webpack-internal:///(app-pages-browser)/./node_modules/next/dist/next-devtools/shared/forward-logs-shared.js:44
[ 4607739ms] [LOG] [Fast Refresh] rebuilding @ webpack-internal:///(app-pages-browser)/./node_modules/next/dist/next-devtools/shared/forward-logs-shared.js:44
[ 4607968ms] [LOG] [Fast Refresh] done in 229ms @ webpack-internal:///(app-pages-browser)/./node_modules/next/dist/next-devtools/shared/forward-logs-shared.js:44
[ 4608617ms] [LOG] [Fast Refresh] rebuilding @ webpack-internal:///(app-pages-browser)/./node_modules/next/dist/next-devtools/shared/forward-logs-shared.js:44
[ 4609126ms] [LOG] [Fast Refresh] done in 510ms @ webpack-internal:///(app-pages-browser)/./node_modules/next/dist/next-devtools/shared/forward-logs-shared.js:44
[ 4609286ms] [LOG] [Fast Refresh] rebuilding @ webpack-internal:///(app-pages-browser)/./node_modules/next/dist/next-devtools/shared/forward-logs-shared.js:44
[ 4609473ms] [LOG] [Fast Refresh] done in 186ms @ webpack-internal:///(app-pages-browser)/./node_modules/next/dist/next-devtools/shared/forward-logs-shared.js:44
[ 4609911ms] [LOG] [Fast Refresh] rebuilding @ webpack-internal:///(app-pages-browser)/./node_modules/next/dist/next-devtools/shared/forward-logs-shared.js:44
[ 4610401ms] [LOG] [Fast Refresh] done in 490ms @ webpack-internal:///(app-pages-browser)/./node_modules/next/dist/next-devtools/shared/forward-logs-shared.js:44
[ 4610531ms] [LOG] [Fast Refresh] rebuilding @ webpack-internal:///(app-pages-browser)/./node_modules/next/dist/next-devtools/shared/forward-logs-shared.js:44
[ 4610690ms] [LOG] [Fast Refresh] done in 160ms @ webpack-internal:///(app-pages-browser)/./node_modules/next/dist/next-devtools/shared/forward-logs-shared.js:44
[ 4611099ms] [LOG] [Fast Refresh] rebuilding @ webpack-internal:///(app-pages-browser)/./node_modules/next/dist/next-devtools/shared/forward-logs-shared.js:44
[ 4611297ms] [LOG] [Fast Refresh] done in 197ms @ webpack-internal:///(app-pages-browser)/./node_modules/next/dist/next-devtools/shared/forward-logs-shared.js:44
[ 4611769ms] [LOG] [Fast Refresh] rebuilding @ webpack-internal:///(app-pages-browser)/./node_modules/next/dist/next-devtools/shared/forward-logs-shared.js:44
[ 4611992ms] [LOG] [Fast Refresh] done in 224ms @ webpack-internal:///(app-pages-browser)/./node_modules/next/dist/next-devtools/shared/forward-logs-shared.js:44
[ 4612572ms] [LOG] [Fast Refresh] rebuilding @ webpack-internal:///(app-pages-browser)/./node_modules/next/dist/next-devtools/shared/forward-logs-shared.js:44
[ 4612801ms] [LOG] [Fast Refresh] done in 229ms @ webpack-internal:///(app-pages-browser)/./node_modules/next/dist/next-devtools/shared/forward-logs-shared.js:44
[ 4613212ms] [LOG] [Fast Refresh] rebuilding @ webpack-internal:///(app-pages-browser)/./node_modules/next/dist/next-devtools/shared/forward-logs-shared.js:44
[ 4613465ms] [LOG] [Fast Refresh] done in 253ms @ webpack-internal:///(app-pages-browser)/./node_modules/next/dist/next-devtools/shared/forward-logs-shared.js:44
[ 4613954ms] [LOG] [Fast Refresh] rebuilding @ webpack-internal:///(app-pages-browser)/./node_modules/next/dist/next-devtools/shared/forward-logs-shared.js:44
[ 4614191ms] [LOG] [Fast Refresh] done in 236ms @ webpack-internal:///(app-pages-browser)/./node_modules/next/dist/next-devtools/shared/forward-logs-shared.js:44
[ 4614617ms] [LOG] [Fast Refresh] rebuilding @ webpack-internal:///(app-pages-browser)/./node_modules/next/dist/next-devtools/shared/forward-logs-shared.js:44
[ 4614860ms] [LOG] [Fast Refresh] done in 243ms @ webpack-internal:///(app-pages-browser)/./node_modules/next/dist/next-devtools/shared/forward-logs-shared.js:44
[ 4615303ms] [LOG] [Fast Refresh] rebuilding @ webpack-internal:///(app-pages-browser)/./node_modules/next/dist/next-devtools/shared/forward-logs-shared.js:44
[ 4615465ms] [LOG] [Fast Refresh] done in 161ms @ webpack-internal:///(app-pages-browser)/./node_modules/next/dist/next-devtools/shared/forward-logs-shared.js:44
[ 4615936ms] [LOG] [Fast Refresh] rebuilding @ webpack-internal:///(app-pages-browser)/./node_modules/next/dist/next-devtools/shared/forward-logs-shared.js:44
[ 4616096ms] [LOG] [Fast Refresh] done in 161ms @ webpack-internal:///(app-pages-browser)/./node_modules/next/dist/next-devtools/shared/forward-logs-shared.js:44
[ 4616572ms] [LOG] [Fast Refresh] rebuilding @ webpack-internal:///(app-pages-browser)/./node_modules/next/dist/next-devtools/shared/forward-logs-shared.js:44
[ 4616786ms] [LOG] [Fast Refresh] done in 214ms @ webpack-internal:///(app-pages-browser)/./node_modules/next/dist/next-devtools/shared/forward-logs-shared.js:44
[ 4617377ms] [LOG] [Fast Refresh] rebuilding @ webpack-internal:///(app-pages-browser)/./node_modules/next/dist/next-devtools/shared/forward-logs-shared.js:44
[ 4617537ms] [LOG] [Fast Refresh] done in 161ms @ webpack-internal:///(app-pages-browser)/./node_modules/next/dist/next-devtools/shared/forward-logs-shared.js:44
[ 4617957ms] [LOG] [Fast Refresh] rebuilding @ webpack-internal:///(app-pages-browser)/./node_modules/next/dist/next-devtools/shared/forward-logs-shared.js:44
[ 4618144ms] [LOG] [Fast Refresh] done in 186ms @ webpack-internal:///(app-pages-browser)/./node_modules/next/dist/next-devtools/shared/forward-logs-shared.js:44
[ 4618852ms] [LOG] [Fast Refresh] rebuilding @ webpack-internal:///(app-pages-browser)/./node_modules/next/dist/next-devtools/shared/forward-logs-shared.js:44
[ 4619067ms] [LOG] [Fast Refresh] done in 214ms @ webpack-internal:///(app-pages-browser)/./node_modules/next/dist/next-devtools/shared/forward-logs-shared.js:44
[ 4619532ms] [LOG] [Fast Refresh] rebuilding @ webpack-internal:///(app-pages-browser)/./node_modules/next/dist/next-devtools/shared/forward-logs-shared.js:44
[ 4619771ms] [LOG] [Fast Refresh] done in 238ms @ webpack-internal:///(app-pages-browser)/./node_modules/next/dist/next-devtools/shared/forward-logs-shared.js:44
[ 4620226ms] [LOG] [Fast Refresh] rebuilding @ webpack-internal:///(app-pages-browser)/./node_modules/next/dist/next-devtools/shared/forward-logs-shared.js:44
[ 4620447ms] [LOG] [Fast Refresh] done in 220ms @ webpack-internal:///(app-pages-browser)/./node_modules/next/dist/next-devtools/shared/forward-logs-shared.js:44
[ 4620973ms] [LOG] [Fast Refresh] rebuilding @ webpack-internal:///(app-pages-browser)/./node_modules/next/dist/next-devtools/shared/forward-logs-shared.js:44
[ 4621239ms] [LOG] [Fast Refresh] done in 266ms @ webpack-internal:///(app-pages-browser)/./node_modules/next/dist/next-devtools/shared/forward-logs-shared.js:44
[ 4621780ms] [LOG] [Fast Refresh] rebuilding @ webpack-internal:///(app-pages-browser)/./node_modules/next/dist/next-devtools/shared/forward-logs-shared.js:44
[ 4621935ms] [LOG] [Fast Refresh] done in 154ms @ webpack-internal:///(app-pages-browser)/./node_modules/next/dist/next-devtools/shared/forward-logs-shared.js:44
[ 4622591ms] [LOG] [Fast Refresh] rebuilding @ webpack-internal:///(app-pages-browser)/./node_modules/next/dist/next-devtools/shared/forward-logs-shared.js:44
[ 4622807ms] [LOG] [Fast Refresh] done in 216ms @ webpack-internal:///(app-pages-browser)/./node_modules/next/dist/next-devtools/shared/forward-logs-shared.js:44
[ 4623252ms] [LOG] [Fast Refresh] rebuilding @ webpack-internal:///(app-pages-browser)/./node_modules/next/dist/next-devtools/shared/forward-logs-shared.js:44
[ 4623494ms] [LOG] [Fast Refresh] done in 243ms @ webpack-internal:///(app-pages-browser)/./node_modules/next/dist/next-devtools/shared/forward-logs-shared.js:44
[ 4623961ms] [LOG] [Fast Refresh] rebuilding @ webpack-internal:///(app-pages-browser)/./node_modules/next/dist/next-devtools/shared/forward-logs-shared.js:44
[ 4624193ms] [LOG] [Fast Refresh] done in 231ms @ webpack-internal:///(app-pages-browser)/./node_modules/next/dist/next-devtools/shared/forward-logs-shared.js:44
[ 4624646ms] [LOG] [Fast Refresh] rebuilding @ webpack-internal:///(app-pages-browser)/./node_modules/next/dist/next-devtools/shared/forward-logs-shared.js:44
[ 4624834ms] [LOG] [Fast Refresh] done in 187ms @ webpack-internal:///(app-pages-browser)/./node_modules/next/dist/next-devtools/shared/forward-logs-shared.js:44
[ 4625297ms] [LOG] [Fast Refresh] rebuilding @ webpack-internal:///(app-pages-browser)/./node_modules/next/dist/next-devtools/shared/forward-logs-shared.js:44
[ 4625513ms] [LOG] [Fast Refresh] done in 216ms @ webpack-internal:///(app-pages-browser)/./node_modules/next/dist/next-devtools/shared/forward-logs-shared.js:44
[ 4626021ms] [LOG] [Fast Refresh] rebuilding @ webpack-internal:///(app-pages-browser)/./node_modules/next/dist/next-devtools/shared/forward-logs-shared.js:44
[ 4626206ms] [LOG] [Fast Refresh] done in 185ms @ webpack-internal:///(app-pages-browser)/./node_modules/next/dist/next-devtools/shared/forward-logs-shared.js:44
[ 4626678ms] [LOG] [Fast Refresh] rebuilding @ webpack-internal:///(app-pages-browser)/./node_modules/next/dist/next-devtools/shared/forward-logs-shared.js:44
[ 4626906ms] [LOG] [Fast Refresh] done in 228ms @ webpack-internal:///(app-pages-browser)/./node_modules/next/dist/next-devtools/shared/forward-logs-shared.js:44
[ 4627540ms] [LOG] [Fast Refresh] rebuilding @ webpack-internal:///(app-pages-browser)/./node_modules/next/dist/next-devtools/shared/forward-logs-shared.js:44
[ 4627809ms] [LOG] [Fast Refresh] done in 268ms @ webpack-internal:///(app-pages-browser)/./node_modules/next/dist/next-devtools/shared/forward-logs-shared.js:44
[ 4628301ms] [LOG] [Fast Refresh] rebuilding @ webpack-internal:///(app-pages-browser)/./node_modules/next/dist/next-devtools/shared/forward-logs-shared.js:44
[ 4628484ms] [LOG] [Fast Refresh] done in 182ms @ webpack-internal:///(app-pages-browser)/./node_modules/next/dist/next-devtools/shared/forward-logs-shared.js:44
[ 4628940ms] [LOG] [Fast Refresh] rebuilding @ webpack-internal:///(app-pages-browser)/./node_modules/next/dist/next-devtools/shared/forward-logs-shared.js:44
[ 4629138ms] [LOG] [Fast Refresh] done in 198ms @ webpack-internal:///(app-pages-browser)/./node_modules/next/dist/next-devtools/shared/forward-logs-shared.js:44
[ 4629620ms] [LOG] [Fast Refresh] rebuilding @ webpack-internal:///(app-pages-browser)/./node_modules/next/dist/next-devtools/shared/forward-logs-shared.js:44
[ 4629788ms] [LOG] [Fast Refresh] done in 168ms @ webpack-internal:///(app-pages-browser)/./node_modules/next/dist/next-devtools/shared/forward-logs-shared.js:44
[ 4630244ms] [LOG] [Fast Refresh] rebuilding @ webpack-internal:///(app-pages-browser)/./node_modules/next/dist/next-devtools/shared/forward-logs-shared.js:44
[ 4630446ms] [LOG] [Fast Refresh] done in 202ms @ webpack-internal:///(app-pages-browser)/./node_modules/next/dist/next-devtools/shared/forward-logs-shared.js:44
[ 4630837ms] [LOG] [Fast Refresh] rebuilding @ webpack-internal:///(app-pages-browser)/./node_modules/next/dist/next-devtools/shared/forward-logs-shared.js:44
[ 4631044ms] [LOG] [Fast Refresh] done in 208ms @ webpack-internal:///(app-pages-browser)/./node_modules/next/dist/next-devtools/shared/forward-logs-shared.js:44
[ 4631482ms] [LOG] [Fast Refresh] rebuilding @ webpack-internal:///(app-pages-browser)/./node_modules/next/dist/next-devtools/shared/forward-logs-shared.js:44
[ 4631679ms] [LOG] [Fast Refresh] done in 197ms @ webpack-internal:///(app-pages-browser)/./node_modules/next/dist/next-devtools/shared/forward-logs-shared.js:44
[ 4632140ms] [LOG] [Fast Refresh] rebuilding @ webpack-internal:///(app-pages-browser)/./node_modules/next/dist/next-devtools/shared/forward-logs-shared.js:44
[ 4632348ms] [LOG] [Fast Refresh] done in 208ms @ webpack-internal:///(app-pages-browser)/./node_modules/next/dist/next-devtools/shared/forward-logs-shared.js:44
[ 4632835ms] [LOG] [Fast Refresh] rebuilding @ webpack-internal:///(app-pages-browser)/./node_modules/next/dist/next-devtools/shared/forward-logs-shared.js:44
[ 4633031ms] [LOG] [Fast Refresh] done in 197ms @ webpack-internal:///(app-pages-browser)/./node_modules/next/dist/next-devtools/shared/forward-logs-shared.js:44
[ 4633495ms] [LOG] [Fast Refresh] rebuilding @ webpack-internal:///(app-pages-browser)/./node_modules/next/dist/next-devtools/shared/forward-logs-shared.js:44
[ 4633693ms] [LOG] [Fast Refresh] done in 198ms @ webpack-internal:///(app-pages-browser)/./node_modules/next/dist/next-devtools/shared/forward-logs-shared.js:44
[ 4634263ms] [LOG] [Fast Refresh] rebuilding @ webpack-internal:///(app-pages-browser)/./node_modules/next/dist/next-devtools/shared/forward-logs-shared.js:44
[ 4634454ms] [LOG] [Fast Refresh] done in 191ms @ webpack-internal:///(app-pages-browser)/./node_modules/next/dist/next-devtools/shared/forward-logs-shared.js:44
[ 4634892ms] [LOG] [Fast Refresh] rebuilding @ webpack-internal:///(app-pages-browser)/./node_modules/next/dist/next-devtools/shared/forward-logs-shared.js:44
[ 4635089ms] [LOG] [Fast Refresh] done in 198ms @ webpack-internal:///(app-pages-browser)/./node_modules/next/dist/next-devtools/shared/forward-logs-shared.js:44
[ 4635552ms] [LOG] [Fast Refresh] rebuilding @ webpack-internal:///(app-pages-browser)/./node_modules/next/dist/next-devtools/shared/forward-logs-shared.js:44
[ 4635794ms] [LOG] [Fast Refresh] done in 241ms @ webpack-internal:///(app-pages-browser)/./node_modules/next/dist/next-devtools/shared/forward-logs-shared.js:44
[ 4636555ms] [LOG] [Fast Refresh] rebuilding @ webpack-internal:///(app-pages-browser)/./node_modules/next/dist/next-devtools/shared/forward-logs-shared.js:44
[ 4636762ms] [LOG] [Fast Refresh] done in 208ms @ webpack-internal:///(app-pages-browser)/./node_modules/next/dist/next-devtools/shared/forward-logs-shared.js:44
[ 4637221ms] [LOG] [Fast Refresh] rebuilding @ webpack-internal:///(app-pages-browser)/./node_modules/next/dist/next-devtools/shared/forward-logs-shared.js:44
[ 4637424ms] [LOG] [Fast Refresh] done in 203ms @ webpack-internal:///(app-pages-browser)/./node_modules/next/dist/next-devtools/shared/forward-logs-shared.js:44
[ 4637967ms] [LOG] [Fast Refresh] rebuilding @ webpack-internal:///(app-pages-browser)/./node_modules/next/dist/next-devtools/shared/forward-logs-shared.js:44
[ 4638209ms] [LOG] [Fast Refresh] done in 242ms @ webpack-internal:///(app-pages-browser)/./node_modules/next/dist/next-devtools/shared/forward-logs-shared.js:44
[ 4638686ms] [LOG] [Fast Refresh] rebuilding @ webpack-internal:///(app-pages-browser)/./node_modules/next/dist/next-devtools/shared/forward-logs-shared.js:44
[ 4638904ms] [LOG] [Fast Refresh] done in 218ms @ webpack-internal:///(app-pages-browser)/./node_modules/next/dist/next-devtools/shared/forward-logs-shared.js:44
[ 4639413ms] [LOG] [Fast Refresh] rebuilding @ webpack-internal:///(app-pages-browser)/./node_modules/next/dist/next-devtools/shared/forward-logs-shared.js:44
[ 4639653ms] [LOG] [Fast Refresh] done in 239ms @ webpack-internal:///(app-pages-browser)/./node_modules/next/dist/next-devtools/shared/forward-logs-shared.js:44
[ 4640221ms] [LOG] [Fast Refresh] rebuilding @ webpack-internal:///(app-pages-browser)/./node_modules/next/dist/next-devtools/shared/forward-logs-shared.js:44
[ 4640507ms] [LOG] [Fast Refresh] done in 286ms @ webpack-internal:///(app-pages-browser)/./node_modules/next/dist/next-devtools/shared/forward-logs-shared.js:44
[ 4641374ms] [LOG] [Fast Refresh] rebuilding @ webpack-internal:///(app-pages-browser)/./node_modules/next/dist/next-devtools/shared/forward-logs-shared.js:44
[ 4641942ms] [LOG] [Fast Refresh] done in 569ms @ webpack-internal:///(app-pages-browser)/./node_modules/next/dist/next-devtools/shared/forward-logs-shared.js:44
[ 4643100ms] [LOG] [Fast Refresh] rebuilding @ webpack-internal:///(app-pages-browser)/./node_modules/next/dist/next-devtools/shared/forward-logs-shared.js:44
[ 4645237ms] [LOG] [Fast Refresh] done in 2138ms @ webpack-internal:///(app-pages-browser)/./node_modules/next/dist/next-devtools/shared/forward-logs-shared.js:44
[ 4645395ms] [LOG] [Fast Refresh] rebuilding @ webpack-internal:///(app-pages-browser)/./node_modules/next/dist/next-devtools/shared/forward-logs-shared.js:44
[ 4646625ms] [LOG] [Fast Refresh] done in 1230ms @ webpack-internal:///(app-pages-browser)/./node_modules/next/dist/next-devtools/shared/forward-logs-shared.js:44
[ 4646863ms] [LOG] [Fast Refresh] rebuilding @ webpack-internal:///(app-pages-browser)/./node_modules/next/dist/next-devtools/shared/forward-logs-shared.js:44
[ 4647221ms] [LOG] [Fast Refresh] done in 358ms @ webpack-internal:///(app-pages-browser)/./node_modules/next/dist/next-devtools/shared/forward-logs-shared.js:44
[ 4648088ms] [LOG] [Fast Refresh] rebuilding @ webpack-internal:///(app-pages-browser)/./node_modules/next/dist/next-devtools/shared/forward-logs-shared.js:44
[ 4650005ms] [LOG] [Fast Refresh] done in 1916ms @ webpack-internal:///(app-pages-browser)/./node_modules/next/dist/next-devtools/shared/forward-logs-shared.js:44
[ 4650511ms] [LOG] [Fast Refresh] rebuilding @ webpack-internal:///(app-pages-browser)/./node_modules/next/dist/next-devtools/shared/forward-logs-shared.js:44
[ 4654058ms] [WARNING] The resource http://localhost:5173/_next/static/css/app/page.css?v=1790736281929 was preloaded using link preload but not used within a few seconds from the window's load event. Please make sure it has an appropriate `as` value and it is preloaded intentionally. @ http://localhost:5173/:0
[ 4654064ms] [WARNING] The resource http://localhost:5173/_next/static/css/app/page.css?v=1790736200909 was preloaded using link preload but not used within a few seconds from the window's load event. Please make sure it has an appropriate `as` value and it is preloaded intentionally. @ http://localhost:5173/:0
[ 4654064ms] [WARNING] The resource http://localhost:5173/_next/static/css/app/page.css?v=1790736422556 was preloaded using link preload but not used within a few seconds from the window's load event. Please make sure it has an appropriate `as` value and it is preloaded intentionally. @ http://localhost:5173/:0
[ 4654064ms] [WARNING] The resource http://localhost:5173/_next/static/css/app/layout.css?v=1790736422556 was preloaded using link preload but not used within a few seconds from the window's load event. Please make sure it has an appropriate `as` value and it is preloaded intentionally. @ http://localhost:5173/:0
[ 4654064ms] [WARNING] The resource http://localhost:5173/_next/static/css/app/layout.css?v=1790736200909 was preloaded using link preload but not used within a few seconds from the window's load event. Please make sure it has an appropriate `as` value and it is preloaded intentionally. @ http://localhost:5173/:0
[ 4654064ms] [WARNING] The resource http://localhost:5173/_next/static/css/app/layout.css?v=1790736414956 was preloaded using link preload but not used within a few seconds from the window's load event. Please make sure it has an appropriate `as` value and it is preloaded intentionally. @ http://localhost:5173/:0
[ 4654064ms] [WARNING] The resource http://localhost:5173/_next/static/css/app/layout.css?v=1790736281929 was preloaded using link preload but not used within a few seconds from the window's load event. Please make sure it has an appropriate `as` value and it is preloaded intentionally. @ http://localhost:5173/:0
[ 4654065ms] [WARNING] The resource http://localhost:5173/_next/static/css/app/page.css?v=1790736414956 was preloaded using link preload but not used within a few seconds from the window's load event. Please make sure it has an appropriate `as` value and it is preloaded intentionally. @ http://localhost:5173/:0
[ 4654101ms] [LOG] [Fast Refresh] done in 3590ms @ webpack-internal:///(app-pages-browser)/./node_modules/next/dist/next-devtools/shared/forward-logs-shared.js:44
[ 4654696ms] [LOG] [Fast Refresh] rebuilding @ webpack-internal:///(app-pages-browser)/./node_modules/next/dist/next-devtools/shared/forward-logs-shared.js:44
[ 4659189ms] [LOG] [Fast Refresh] done in 4493ms @ webpack-internal:///(app-pages-browser)/./node_modules/next/dist/next-devtools/shared/forward-logs-shared.js:44
[ 4659504ms] [LOG] [Fast Refresh] rebuilding @ webpack-internal:///(app-pages-browser)/./node_modules/next/dist/next-devtools/shared/forward-logs-shared.js:44
[ 4660946ms] [LOG] [Fast Refresh] done in 1442ms @ webpack-internal:///(app-pages-browser)/./node_modules/next/dist/next-devtools/shared/forward-logs-shared.js:44
[ 4661959ms] [LOG] [Fast Refresh] rebuilding @ webpack-internal:///(app-pages-browser)/./node_modules/next/dist/next-devtools/shared/forward-logs-shared.js:44
[ 4663045ms] [LOG] [Fast Refresh] done in 1086ms @ webpack-internal:///(app-pages-browser)/./node_modules/next/dist/next-devtools/shared/forward-logs-shared.js:44
[ 4663570ms] [LOG] [Fast Refresh] rebuilding @ webpack-internal:///(app-pages-browser)/./node_modules/next/dist/next-devtools/shared/forward-logs-shared.js:44
[ 4663919ms] [LOG] [Fast Refresh] done in 349ms @ webpack-internal:///(app-pages-browser)/./node_modules/next/dist/next-devtools/shared/forward-logs-shared.js:44
[ 4664762ms] [LOG] [Fast Refresh] rebuilding @ webpack-internal:///(app-pages-browser)/./node_modules/next/dist/next-devtools/shared/forward-logs-shared.js:44
[ 4665764ms] [LOG] [Fast Refresh] done in 1002ms @ webpack-internal:///(app-pages-browser)/./node_modules/next/dist/next-devtools/shared/forward-logs-shared.js:44
[ 4665991ms] [LOG] [Fast Refresh] rebuilding @ webpack-internal:///(app-pages-browser)/./node_modules/next/dist/next-devtools/shared/forward-logs-shared.js:44
[ 4666471ms] [LOG] [Fast Refresh] done in 480ms @ webpack-internal:///(app-pages-browser)/./node_modules/next/dist/next-devtools/shared/forward-logs-shared.js:44
[ 4667430ms] [LOG] [Fast Refresh] rebuilding @ webpack-internal:///(app-pages-browser)/./node_modules/next/dist/next-devtools/shared/forward-logs-shared.js:44
[ 4668551ms] [LOG] [Fast Refresh] done in 1122ms @ webpack-internal:///(app-pages-browser)/./node_modules/next/dist/next-devtools/shared/forward-logs-shared.js:44
[ 4668655ms] [LOG] [Fast Refresh] rebuilding @ webpack-internal:///(app-pages-browser)/./node_modules/next/dist/next-devtools/shared/forward-logs-shared.js:44
[ 4669795ms] [LOG] [Fast Refresh] done in 1140ms @ webpack-internal:///(app-pages-browser)/./node_modules/next/dist/next-devtools/shared/forward-logs-shared.js:44
[ 4670008ms] [LOG] [Fast Refresh] rebuilding @ webpack-internal:///(app-pages-browser)/./node_modules/next/dist/next-devtools/shared/forward-logs-shared.js:44
[ 4671187ms] [LOG] [Fast Refresh] done in 1180ms @ webpack-internal:///(app-pages-browser)/./node_modules/next/dist/next-devtools/shared/forward-logs-shared.js:44
[ 4671598ms] [LOG] [Fast Refresh] rebuilding @ webpack-internal:///(app-pages-browser)/./node_modules/next/dist/next-devtools/shared/forward-logs-shared.js:44
[ 4672730ms] [LOG] [Fast Refresh] done in 1132ms @ webpack-internal:///(app-pages-browser)/./node_modules/next/dist/next-devtools/shared/forward-logs-shared.js:44
[ 4672915ms] [LOG] [Fast Refresh] rebuilding @ webpack-internal:///(app-pages-browser)/./node_modules/next/dist/next-devtools/shared/forward-logs-shared.js:44
[ 4673346ms] [LOG] [Fast Refresh] done in 432ms @ webpack-internal:///(app-pages-browser)/./node_modules/next/dist/next-devtools/shared/forward-logs-shared.js:44
[ 4674136ms] [LOG] [Fast Refresh] rebuilding @ webpack-internal:///(app-pages-browser)/./node_modules/next/dist/next-devtools/shared/forward-logs-shared.js:44
[ 4675203ms] [LOG] [Fast Refresh] done in 1066ms @ webpack-internal:///(app-pages-browser)/./node_modules/next/dist/next-devtools/shared/forward-logs-shared.js:44
[ 4675458ms] [LOG] [Fast Refresh] rebuilding @ webpack-internal:///(app-pages-browser)/./node_modules/next/dist/next-devtools/shared/forward-logs-shared.js:44
[ 4676375ms] [LOG] [Fast Refresh] done in 917ms @ webpack-internal:///(app-pages-browser)/./node_modules/next/dist/next-devtools/shared/forward-logs-shared.js:44
[ 4676558ms] [LOG] [Fast Refresh] rebuilding @ webpack-internal:///(app-pages-browser)/./node_modules/next/dist/next-devtools/shared/forward-logs-shared.js:44
[ 4677207ms] [LOG] [Fast Refresh] done in 648ms @ webpack-internal:///(app-pages-browser)/./node_modules/next/dist/next-devtools/shared/forward-logs-shared.js:44
[ 4677410ms] [LOG] [Fast Refresh] rebuilding @ webpack-internal:///(app-pages-browser)/./node_modules/next/dist/next-devtools/shared/forward-logs-shared.js:44
[ 4677635ms] [LOG] [Fast Refresh] done in 225ms @ webpack-internal:///(app-pages-browser)/./node_modules/next/dist/next-devtools/shared/forward-logs-shared.js:44
[ 4678341ms] [LOG] [Fast Refresh] rebuilding @ webpack-internal:///(app-pages-browser)/./node_modules/next/dist/next-devtools/shared/forward-logs-shared.js:44
[ 4679090ms] [LOG] [Fast Refresh] done in 749ms @ webpack-internal:///(app-pages-browser)/./node_modules/next/dist/next-devtools/shared/forward-logs-shared.js:44
[ 4679431ms] [LOG] [Fast Refresh] rebuilding @ webpack-internal:///(app-pages-browser)/./node_modules/next/dist/next-devtools/shared/forward-logs-shared.js:44
[ 4679684ms] [LOG] [Fast Refresh] done in 253ms @ webpack-internal:///(app-pages-browser)/./node_modules/next/dist/next-devtools/shared/forward-logs-shared.js:44
[ 4680082ms] [LOG] [Fast Refresh] rebuilding @ webpack-internal:///(app-pages-browser)/./node_modules/next/dist/next-devtools/shared/forward-logs-shared.js:44
[ 4680176ms] [LOG] [Fast Refresh] done in 95ms @ webpack-internal:///(app-pages-browser)/./node_modules/next/dist/next-devtools/shared/forward-logs-shared.js:44
[ 4680540ms] [LOG] [Fast Refresh] rebuilding @ webpack-internal:///(app-pages-browser)/./node_modules/next/dist/next-devtools/shared/forward-logs-shared.js:44
[ 4680666ms] [LOG] [Fast Refresh] done in 126ms @ webpack-internal:///(app-pages-browser)/./node_modules/next/dist/next-devtools/shared/forward-logs-shared.js:44
[ 4681009ms] [LOG] [Fast Refresh] rebuilding @ webpack-internal:///(app-pages-browser)/./node_modules/next/dist/next-devtools/shared/forward-logs-shared.js:44
[ 4681108ms] [LOG] [Fast Refresh] done in 99ms @ webpack-internal:///(app-pages-browser)/./node_modules/next/dist/next-devtools/shared/forward-logs-shared.js:44
[ 4681481ms] [LOG] [Fast Refresh] rebuilding @ webpack-internal:///(app-pages-browser)/./node_modules/next/dist/next-devtools/shared/forward-logs-shared.js:44
[ 4681851ms] [LOG] [Fast Refresh] done in 369ms @ webpack-internal:///(app-pages-browser)/./node_modules/next/dist/next-devtools/shared/forward-logs-shared.js:44
[ 4681945ms] [LOG] [Fast Refresh] rebuilding @ webpack-internal:///(app-pages-browser)/./node_modules/next/dist/next-devtools/shared/forward-logs-shared.js:44
[ 4682338ms] [LOG] [Fast Refresh] done in 393ms @ webpack-internal:///(app-pages-browser)/./node_modules/next/dist/next-devtools/shared/forward-logs-shared.js:44
[ 4682410ms] [LOG] [Fast Refresh] rebuilding @ webpack-internal:///(app-pages-browser)/./node_modules/next/dist/next-devtools/shared/forward-logs-shared.js:44
[ 4682515ms] [LOG] [Fast Refresh] done in 104ms @ webpack-internal:///(app-pages-browser)/./node_modules/next/dist/next-devtools/shared/forward-logs-shared.js:44
[ 4682884ms] [LOG] [Fast Refresh] rebuilding @ webpack-internal:///(app-pages-browser)/./node_modules/next/dist/next-devtools/shared/forward-logs-shared.js:44
[ 4683286ms] [LOG] [Fast Refresh] done in 402ms @ webpack-internal:///(app-pages-browser)/./node_modules/next/dist/next-devtools/shared/forward-logs-shared.js:44
[ 4683467ms] [LOG] [Fast Refresh] rebuilding @ webpack-internal:///(app-pages-browser)/./node_modules/next/dist/next-devtools/shared/forward-logs-shared.js:44
[ 4683930ms] [LOG] [Fast Refresh] done in 462ms @ webpack-internal:///(app-pages-browser)/./node_modules/next/dist/next-devtools/shared/forward-logs-shared.js:44
[ 4684031ms] [LOG] [Fast Refresh] rebuilding @ webpack-internal:///(app-pages-browser)/./node_modules/next/dist/next-devtools/shared/forward-logs-shared.js:44
[ 4684469ms] [LOG] [Fast Refresh] done in 439ms @ webpack-internal:///(app-pages-browser)/./node_modules/next/dist/next-devtools/shared/forward-logs-shared.js:44
[ 4684571ms] [LOG] [Fast Refresh] rebuilding @ webpack-internal:///(app-pages-browser)/./node_modules/next/dist/next-devtools/shared/forward-logs-shared.js:44
[ 4685002ms] [LOG] [Fast Refresh] done in 431ms @ webpack-internal:///(app-pages-browser)/./node_modules/next/dist/next-devtools/shared/forward-logs-shared.js:44
[ 4685098ms] [LOG] [Fast Refresh] rebuilding @ webpack-internal:///(app-pages-browser)/./node_modules/next/dist/next-devtools/shared/forward-logs-shared.js:44
[ 4685481ms] [LOG] [Fast Refresh] done in 383ms @ webpack-internal:///(app-pages-browser)/./node_modules/next/dist/next-devtools/shared/forward-logs-shared.js:44
[ 4685557ms] [LOG] [Fast Refresh] rebuilding @ webpack-internal:///(app-pages-browser)/./node_modules/next/dist/next-devtools/shared/forward-logs-shared.js:44
[ 4685997ms] [LOG] [Fast Refresh] done in 440ms @ webpack-internal:///(app-pages-browser)/./node_modules/next/dist/next-devtools/shared/forward-logs-shared.js:44
[ 4686118ms] [LOG] [Fast Refresh] rebuilding @ webpack-internal:///(app-pages-browser)/./node_modules/next/dist/next-devtools/shared/forward-logs-shared.js:44
[ 4686240ms] [LOG] [Fast Refresh] done in 122ms @ webpack-internal:///(app-pages-browser)/./node_modules/next/dist/next-devtools/shared/forward-logs-shared.js:44
[ 4686580ms] [LOG] [Fast Refresh] rebuilding @ webpack-internal:///(app-pages-browser)/./node_modules/next/dist/next-devtools/shared/forward-logs-shared.js:44
[ 4686683ms] [LOG] [Fast Refresh] done in 104ms @ webpack-internal:///(app-pages-browser)/./node_modules/next/dist/next-devtools/shared/forward-logs-shared.js:44
[ 4687075ms] [LOG] [Fast Refresh] rebuilding @ webpack-internal:///(app-pages-browser)/./node_modules/next/dist/next-devtools/shared/forward-logs-shared.js:44
[ 4687296ms] [LOG] [Fast Refresh] done in 221ms @ webpack-internal:///(app-pages-browser)/./node_modules/next/dist/next-devtools/shared/forward-logs-shared.js:44
[ 4687733ms] [LOG] [Fast Refresh] rebuilding @ webpack-internal:///(app-pages-browser)/./node_modules/next/dist/next-devtools/shared/forward-logs-shared.js:44
[ 4688152ms] [LOG] [Fast Refresh] done in 419ms @ webpack-internal:///(app-pages-browser)/./node_modules/next/dist/next-devtools/shared/forward-logs-shared.js:44
[ 4688463ms] [LOG] [Fast Refresh] rebuilding @ webpack-internal:///(app-pages-browser)/./node_modules/next/dist/next-devtools/shared/forward-logs-shared.js:44
[ 4688574ms] [LOG] [Fast Refresh] done in 112ms @ webpack-internal:///(app-pages-browser)/./node_modules/next/dist/next-devtools/shared/forward-logs-shared.js:44
[ 4688933ms] [LOG] [Fast Refresh] rebuilding @ webpack-internal:///(app-pages-browser)/./node_modules/next/dist/next-devtools/shared/forward-logs-shared.js:44
[ 4689028ms] [LOG] [Fast Refresh] done in 95ms @ webpack-internal:///(app-pages-browser)/./node_modules/next/dist/next-devtools/shared/forward-logs-shared.js:44
[ 4689372ms] [LOG] [Fast Refresh] rebuilding @ webpack-internal:///(app-pages-browser)/./node_modules/next/dist/next-devtools/shared/forward-logs-shared.js:44
[ 4689738ms] [LOG] [Fast Refresh] done in 366ms @ webpack-internal:///(app-pages-browser)/./node_modules/next/dist/next-devtools/shared/forward-logs-shared.js:44
[ 4689826ms] [LOG] [Fast Refresh] rebuilding @ webpack-internal:///(app-pages-browser)/./node_modules/next/dist/next-devtools/shared/forward-logs-shared.js:44
[ 4690181ms] [LOG] [Fast Refresh] done in 354ms @ webpack-internal:///(app-pages-browser)/./node_modules/next/dist/next-devtools/shared/forward-logs-shared.js:44
[ 4690277ms] [LOG] [Fast Refresh] rebuilding @ webpack-internal:///(app-pages-browser)/./node_modules/next/dist/next-devtools/shared/forward-logs-shared.js:44
[ 4690390ms] [LOG] [Fast Refresh] done in 113ms @ webpack-internal:///(app-pages-browser)/./node_modules/next/dist/next-devtools/shared/forward-logs-shared.js:44
[ 4690862ms] [LOG] [Fast Refresh] rebuilding @ webpack-internal:///(app-pages-browser)/./node_modules/next/dist/next-devtools/shared/forward-logs-shared.js:44
[ 4690987ms] [LOG] [Fast Refresh] done in 126ms @ webpack-internal:///(app-pages-browser)/./node_modules/next/dist/next-devtools/shared/forward-logs-shared.js:44
[ 4691314ms] [LOG] [Fast Refresh] rebuilding @ webpack-internal:///(app-pages-browser)/./node_modules/next/dist/next-devtools/shared/forward-logs-shared.js:44
[ 4691428ms] [LOG] [Fast Refresh] done in 113ms @ webpack-internal:///(app-pages-browser)/./node_modules/next/dist/next-devtools/shared/forward-logs-shared.js:44
[ 4691783ms] [LOG] [Fast Refresh] rebuilding @ webpack-internal:///(app-pages-browser)/./node_modules/next/dist/next-devtools/shared/forward-logs-shared.js:44
[ 4692169ms] [LOG] [Fast Refresh] done in 386ms @ webpack-internal:///(app-pages-browser)/./node_modules/next/dist/next-devtools/shared/forward-logs-shared.js:44
[ 4692277ms] [LOG] [Fast Refresh] rebuilding @ webpack-internal:///(app-pages-browser)/./node_modules/next/dist/next-devtools/shared/forward-logs-shared.js:44
[ 4692424ms] [LOG] [Fast Refresh] done in 147ms @ webpack-internal:///(app-pages-browser)/./node_modules/next/dist/next-devtools/shared/forward-logs-shared.js:44
[ 4692846ms] [LOG] [Fast Refresh] rebuilding @ webpack-internal:///(app-pages-browser)/./node_modules/next/dist/next-devtools/shared/forward-logs-shared.js:44
[ 4692933ms] [LOG] [Fast Refresh] done in 87ms @ webpack-internal:///(app-pages-browser)/./node_modules/next/dist/next-devtools/shared/forward-logs-shared.js:44
[ 4693501ms] [LOG] [Fast Refresh] rebuilding @ webpack-internal:///(app-pages-browser)/./node_modules/next/dist/next-devtools/shared/forward-logs-shared.js:44
[ 4693972ms] [LOG] [Fast Refresh] done in 472ms @ webpack-internal:///(app-pages-browser)/./node_modules/next/dist/next-devtools/shared/forward-logs-shared.js:44
[ 4694054ms] [LOG] [Fast Refresh] rebuilding @ webpack-internal:///(app-pages-browser)/./node_modules/next/dist/next-devtools/shared/forward-logs-shared.js:44
[ 4694471ms] [LOG] [Fast Refresh] done in 417ms @ webpack-internal:///(app-pages-browser)/./node_modules/next/dist/next-devtools/shared/forward-logs-shared.js:44
[ 4694555ms] [LOG] [Fast Refresh] rebuilding @ webpack-internal:///(app-pages-browser)/./node_modules/next/dist/next-devtools/shared/forward-logs-shared.js:44
[ 4694675ms] [LOG] [Fast Refresh] done in 120ms @ webpack-internal:///(app-pages-browser)/./node_modules/next/dist/next-devtools/shared/forward-logs-shared.js:44
[ 4695060ms] [LOG] [Fast Refresh] rebuilding @ webpack-internal:///(app-pages-browser)/./node_modules/next/dist/next-devtools/shared/forward-logs-shared.js:44
[ 4695454ms] [LOG] [Fast Refresh] done in 394ms @ webpack-internal:///(app-pages-browser)/./node_modules/next/dist/next-devtools/shared/forward-logs-shared.js:44
[ 4695542ms] [LOG] [Fast Refresh] rebuilding @ webpack-internal:///(app-pages-browser)/./node_modules/next/dist/next-devtools/shared/forward-logs-shared.js:44
[ 4695660ms] [LOG] [Fast Refresh] done in 119ms @ webpack-internal:///(app-pages-browser)/./node_modules/next/dist/next-devtools/shared/forward-logs-shared.js:44
[ 4696037ms] [LOG] [Fast Refresh] rebuilding @ webpack-internal:///(app-pages-browser)/./node_modules/next/dist/next-devtools/shared/forward-logs-shared.js:44
[ 4696178ms] [LOG] [Fast Refresh] done in 141ms @ webpack-internal:///(app-pages-browser)/./node_modules/next/dist/next-devtools/shared/forward-logs-shared.js:44
[ 4696535ms] [LOG] [Fast Refresh] rebuilding @ webpack-internal:///(app-pages-browser)/./node_modules/next/dist/next-devtools/shared/forward-logs-shared.js:44
[ 4696663ms] [LOG] [Fast Refresh] done in 128ms @ webpack-internal:///(app-pages-browser)/./node_modules/next/dist/next-devtools/shared/forward-logs-shared.js:44
[ 4697019ms] [LOG] [Fast Refresh] rebuilding @ webpack-internal:///(app-pages-browser)/./node_modules/next/dist/next-devtools/shared/forward-logs-shared.js:44
[ 4697141ms] [LOG] [Fast Refresh] done in 123ms @ webpack-internal:///(app-pages-browser)/./node_modules/next/dist/next-devtools/shared/forward-logs-shared.js:44
[ 4697496ms] [LOG] [Fast Refresh] rebuilding @ webpack-internal:///(app-pages-browser)/./node_modules/next/dist/next-devtools/shared/forward-logs-shared.js:44
[ 4697620ms] [LOG] [Fast Refresh] done in 124ms @ webpack-internal:///(app-pages-browser)/./node_modules/next/dist/next-devtools/shared/forward-logs-shared.js:44
[ 4697981ms] [LOG] [Fast Refresh] rebuilding @ webpack-internal:///(app-pages-browser)/./node_modules/next/dist/next-devtools/shared/forward-logs-shared.js:44
[ 4698120ms] [LOG] [Fast Refresh] done in 140ms @ webpack-internal:///(app-pages-browser)/./node_modules/next/dist/next-devtools/shared/forward-logs-shared.js:44
[ 4698599ms] [LOG] [Fast Refresh] rebuilding @ webpack-internal:///(app-pages-browser)/./node_modules/next/dist/next-devtools/shared/forward-logs-shared.js:44
[ 4698722ms] [LOG] [Fast Refresh] done in 123ms @ webpack-internal:///(app-pages-browser)/./node_modules/next/dist/next-devtools/shared/forward-logs-shared.js:44
[ 4699144ms] [LOG] [Fast Refresh] rebuilding @ webpack-internal:///(app-pages-browser)/./node_modules/next/dist/next-devtools/shared/forward-logs-shared.js:44
[ 4699268ms] [LOG] [Fast Refresh] done in 123ms @ webpack-internal:///(app-pages-browser)/./node_modules/next/dist/next-devtools/shared/forward-logs-shared.js:44
[ 4699692ms] [LOG] [Fast Refresh] rebuilding @ webpack-internal:///(app-pages-browser)/./node_modules/next/dist/next-devtools/shared/forward-logs-shared.js:44
[ 4699834ms] [LOG] [Fast Refresh] done in 141ms @ webpack-internal:///(app-pages-browser)/./node_modules/next/dist/next-devtools/shared/forward-logs-shared.js:44
[ 4700206ms] [LOG] [Fast Refresh] rebuilding @ webpack-internal:///(app-pages-browser)/./node_modules/next/dist/next-devtools/shared/forward-logs-shared.js:44
[ 4700311ms] [LOG] [Fast Refresh] done in 105ms @ webpack-internal:///(app-pages-browser)/./node_modules/next/dist/next-devtools/shared/forward-logs-shared.js:44
[ 4700713ms] [LOG] [Fast Refresh] rebuilding @ webpack-internal:///(app-pages-browser)/./node_modules/next/dist/next-devtools/shared/forward-logs-shared.js:44
[ 4700804ms] [LOG] [Fast Refresh] done in 92ms @ webpack-internal:///(app-pages-browser)/./node_modules/next/dist/next-devtools/shared/forward-logs-shared.js:44
[ 4701178ms] [LOG] [Fast Refresh] rebuilding @ webpack-internal:///(app-pages-browser)/./node_modules/next/dist/next-devtools/shared/forward-logs-shared.js:44
[ 4701282ms] [LOG] [Fast Refresh] done in 105ms @ webpack-internal:///(app-pages-browser)/./node_modules/next/dist/next-devtools/shared/forward-logs-shared.js:44
[ 4701666ms] [LOG] [Fast Refresh] rebuilding @ webpack-internal:///(app-pages-browser)/./node_modules/next/dist/next-devtools/shared/forward-logs-shared.js:44
[ 4701808ms] [LOG] [Fast Refresh] done in 141ms @ webpack-internal:///(app-pages-browser)/./node_modules/next/dist/next-devtools/shared/forward-logs-shared.js:44
[ 4702180ms] [LOG] [Fast Refresh] rebuilding @ webpack-internal:///(app-pages-browser)/./node_modules/next/dist/next-devtools/shared/forward-logs-shared.js:44
[ 4702314ms] [LOG] [Fast Refresh] done in 134ms @ webpack-internal:///(app-pages-browser)/./node_modules/next/dist/next-devtools/shared/forward-logs-shared.js:44
[ 4702680ms] [LOG] [Fast Refresh] rebuilding @ webpack-internal:///(app-pages-browser)/./node_modules/next/dist/next-devtools/shared/forward-logs-shared.js:44
[ 4702763ms] [LOG] [Fast Refresh] done in 83ms @ webpack-internal:///(app-pages-browser)/./node_modules/next/dist/next-devtools/shared/forward-logs-shared.js:44
[ 4702986ms] [LOG] [Fast Refresh] rebuilding @ webpack-internal:///(app-pages-browser)/./node_modules/next/dist/next-devtools/shared/forward-logs-shared.js:44
[ 4703093ms] [LOG] [Fast Refresh] done in 106ms @ webpack-internal:///(app-pages-browser)/./node_modules/next/dist/next-devtools/shared/forward-logs-shared.js:44
[ 4703650ms] [LOG] [Fast Refresh] rebuilding @ webpack-internal:///(app-pages-browser)/./node_modules/next/dist/next-devtools/shared/forward-logs-shared.js:44
[ 4703729ms] [LOG] [Fast Refresh] done in 79ms @ webpack-internal:///(app-pages-browser)/./node_modules/next/dist/next-devtools/shared/forward-logs-shared.js:44
[ 4704149ms] [LOG] [Fast Refresh] rebuilding @ webpack-internal:///(app-pages-browser)/./node_modules/next/dist/next-devtools/shared/forward-logs-shared.js:44
[ 4704236ms] [LOG] [Fast Refresh] done in 86ms @ webpack-internal:///(app-pages-browser)/./node_modules/next/dist/next-devtools/shared/forward-logs-shared.js:44
[ 4704598ms] [LOG] [Fast Refresh] rebuilding @ webpack-internal:///(app-pages-browser)/./node_modules/next/dist/next-devtools/shared/forward-logs-shared.js:44
[ 4704732ms] [LOG] [Fast Refresh] done in 133ms @ webpack-internal:///(app-pages-browser)/./node_modules/next/dist/next-devtools/shared/forward-logs-shared.js:44
[ 4705115ms] [LOG] [Fast Refresh] rebuilding @ webpack-internal:///(app-pages-browser)/./node_modules/next/dist/next-devtools/shared/forward-logs-shared.js:44
[ 4705200ms] [LOG] [Fast Refresh] done in 86ms @ webpack-internal:///(app-pages-browser)/./node_modules/next/dist/next-devtools/shared/forward-logs-shared.js:44
[ 4705431ms] [LOG] [Fast Refresh] rebuilding @ webpack-internal:///(app-pages-browser)/./node_modules/next/dist/next-devtools/shared/forward-logs-shared.js:44
[ 4705556ms] [LOG] [Fast Refresh] done in 125ms @ webpack-internal:///(app-pages-browser)/./node_modules/next/dist/next-devtools/shared/forward-logs-shared.js:44
[ 4705903ms] [LOG] [Fast Refresh] rebuilding @ webpack-internal:///(app-pages-browser)/./node_modules/next/dist/next-devtools/shared/forward-logs-shared.js:44
[ 4705991ms] [LOG] [Fast Refresh] done in 87ms @ webpack-internal:///(app-pages-browser)/./node_modules/next/dist/next-devtools/shared/forward-logs-shared.js:44
[ 4706241ms] [LOG] [Fast Refresh] rebuilding @ webpack-internal:///(app-pages-browser)/./node_modules/next/dist/next-devtools/shared/forward-logs-shared.js:44
[ 4706308ms] [LOG] [Fast Refresh] done in 68ms @ webpack-internal:///(app-pages-browser)/./node_modules/next/dist/next-devtools/shared/forward-logs-shared.js:44
[ 4706637ms] [LOG] [Fast Refresh] rebuilding @ webpack-internal:///(app-pages-browser)/./node_modules/next/dist/next-devtools/shared/forward-logs-shared.js:44
[ 4706717ms] [LOG] [Fast Refresh] done in 79ms @ webpack-internal:///(app-pages-browser)/./node_modules/next/dist/next-devtools/shared/forward-logs-shared.js:44
[ 4707066ms] [LOG] [Fast Refresh] rebuilding @ webpack-internal:///(app-pages-browser)/./node_modules/next/dist/next-devtools/shared/forward-logs-shared.js:44
[ 4707160ms] [LOG] [Fast Refresh] done in 95ms @ webpack-internal:///(app-pages-browser)/./node_modules/next/dist/next-devtools/shared/forward-logs-shared.js:44
[ 4707510ms] [LOG] [Fast Refresh] rebuilding @ webpack-internal:///(app-pages-browser)/./node_modules/next/dist/next-devtools/shared/forward-logs-shared.js:44
[ 4707607ms] [LOG] [Fast Refresh] done in 97ms @ webpack-internal:///(app-pages-browser)/./node_modules/next/dist/next-devtools/shared/forward-logs-shared.js:44
[ 4707835ms] [LOG] [Fast Refresh] rebuilding @ webpack-internal:///(app-pages-browser)/./node_modules/next/dist/next-devtools/shared/forward-logs-shared.js:44
[ 4707911ms] [LOG] [Fast Refresh] done in 77ms @ webpack-internal:///(app-pages-browser)/./node_modules/next/dist/next-devtools/shared/forward-logs-shared.js:44
[ 4708247ms] [LOG] [Fast Refresh] rebuilding @ webpack-internal:///(app-pages-browser)/./node_modules/next/dist/next-devtools/shared/forward-logs-shared.js:44
[ 4708325ms] [LOG] [Fast Refresh] done in 77ms @ webpack-internal:///(app-pages-browser)/./node_modules/next/dist/next-devtools/shared/forward-logs-shared.js:44
[ 4708548ms] [LOG] [Fast Refresh] rebuilding @ webpack-internal:///(app-pages-browser)/./node_modules/next/dist/next-devtools/shared/forward-logs-shared.js:44
[ 4708699ms] [LOG] [Fast Refresh] done in 151ms @ webpack-internal:///(app-pages-browser)/./node_modules/next/dist/next-devtools/shared/forward-logs-shared.js:44
[ 4708939ms] [LOG] [Fast Refresh] rebuilding @ webpack-internal:///(app-pages-browser)/./node_modules/next/dist/next-devtools/shared/forward-logs-shared.js:44
[ 4709216ms] [LOG] [Fast Refresh] done in 276ms @ webpack-internal:///(app-pages-browser)/./node_modules/next/dist/next-devtools/shared/forward-logs-shared.js:44
[ 4709320ms] [LOG] [Fast Refresh] rebuilding @ webpack-internal:///(app-pages-browser)/./node_modules/next/dist/next-devtools/shared/forward-logs-shared.js:44
[ 4709396ms] [LOG] [Fast Refresh] done in 77ms @ webpack-internal:///(app-pages-browser)/./node_modules/next/dist/next-devtools/shared/forward-logs-shared.js:44
[ 4709752ms] [LOG] [Fast Refresh] rebuilding @ webpack-internal:///(app-pages-browser)/./node_modules/next/dist/next-devtools/shared/forward-logs-shared.js:44
[ 4709862ms] [LOG] [Fast Refresh] done in 110ms @ webpack-internal:///(app-pages-browser)/./node_modules/next/dist/next-devtools/shared/forward-logs-shared.js:44
[ 4710084ms] [LOG] [Fast Refresh] rebuilding @ webpack-internal:///(app-pages-browser)/./node_modules/next/dist/next-devtools/shared/forward-logs-shared.js:44
[ 4710322ms] [LOG] [Fast Refresh] done in 237ms @ webpack-internal:///(app-pages-browser)/./node_modules/next/dist/next-devtools/shared/forward-logs-shared.js:44
[ 4710391ms] [LOG] [Fast Refresh] rebuilding @ webpack-internal:///(app-pages-browser)/./node_modules/next/dist/next-devtools/shared/forward-logs-shared.js:44
[ 4710622ms] [LOG] [Fast Refresh] done in 231ms @ webpack-internal:///(app-pages-browser)/./node_modules/next/dist/next-devtools/shared/forward-logs-shared.js:44
[ 4710717ms] [LOG] [Fast Refresh] rebuilding @ webpack-internal:///(app-pages-browser)/./node_modules/next/dist/next-devtools/shared/forward-logs-shared.js:44
[ 4710811ms] [LOG] [Fast Refresh] done in 95ms @ webpack-internal:///(app-pages-browser)/./node_modules/next/dist/next-devtools/shared/forward-logs-shared.js:44
[ 4711051ms] [LOG] [Fast Refresh] rebuilding @ webpack-internal:///(app-pages-browser)/./node_modules/next/dist/next-devtools/shared/forward-logs-shared.js:44
[ 4711126ms] [LOG] [Fast Refresh] done in 75ms @ webpack-internal:///(app-pages-browser)/./node_modules/next/dist/next-devtools/shared/forward-logs-shared.js:44
[ 4711432ms] [LOG] [Fast Refresh] rebuilding @ webpack-internal:///(app-pages-browser)/./node_modules/next/dist/next-devtools/shared/forward-logs-shared.js:44
[ 4711505ms] [LOG] [Fast Refresh] done in 72ms @ webpack-internal:///(app-pages-browser)/./node_modules/next/dist/next-devtools/shared/forward-logs-shared.js:44
[ 4711782ms] [LOG] [Fast Refresh] rebuilding @ webpack-internal:///(app-pages-browser)/./node_modules/next/dist/next-devtools/shared/forward-logs-shared.js:44
[ 4711848ms] [LOG] [Fast Refresh] done in 66ms @ webpack-internal:///(app-pages-browser)/./node_modules/next/dist/next-devtools/shared/forward-logs-shared.js:44
[ 4712196ms] [LOG] [Fast Refresh] rebuilding @ webpack-internal:///(app-pages-browser)/./node_modules/next/dist/next-devtools/shared/forward-logs-shared.js:44
[ 4712275ms] [LOG] [Fast Refresh] done in 78ms @ webpack-internal:///(app-pages-browser)/./node_modules/next/dist/next-devtools/shared/forward-logs-shared.js:44
[ 4712555ms] [LOG] [Fast Refresh] rebuilding @ webpack-internal:///(app-pages-browser)/./node_modules/next/dist/next-devtools/shared/forward-logs-shared.js:44
[ 4712694ms] [LOG] [Fast Refresh] done in 139ms @ webpack-internal:///(app-pages-browser)/./node_modules/next/dist/next-devtools/shared/forward-logs-shared.js:44
